,id,datetime,top_class_name,front_class_name,lane_id,ANPR_frames_process,Processed,Raw_Top_Category_List,Raw_Front_Category_List,double_entry,final_top_class
0,IND0041201020240101411,20_10_2024_19_28_05,Not_Found,truck,1,4,True,"['Not_Found', 'Not_Found', 'Not_Found']","['truck', 'truck', 'truck']",No,covered
1,IND0041201020240100594,20_10_2024_10_08_11,Not_Found,hywa,1,4,True,"['Not_Found', 'Not_Found', 'Not_Found']","['hywa', 'hywa', 'hywa']",No,mining_full
2,IND0041201020240100360,20_10_2024_07_28_45,covered,truck,1,4,True,"['covered', 'covered', 'covered']","['truck', 'truck', 'truck']",No,covered
3,IND0041201020240101492,20_10_2024_20_23_53,Not_Found,truck,1,4,True,"['Not_Found', 'Not_Found', 'Not_Found']","['truck', 'truck', 'truck']",No,mining_full
4,IND0041201020240101442,20_10_2024_19_54_26,Not_Found,truck,1,4,True,"['Not_Found', 'Not_Found', 'Not_Found']","['truck', 'truck', 'truck']",No,covered
5,IND0041201020240100803,20_10_2024_12_33_23,Not_Found,truck,1,4,True,"['Not_Found', 'Not_Found', 'Not_Found']","['truck', 'truck', 'truck']",No,covered
6,IND0041201020240200691,20_10_2024_18_05_53,Not_Found,mini_truck,2,3,True,"['Not_Found', 'Not_Found']","['mini_truck', 'mini_truck']",No,non_mining
7,IND0041201020240101428,20_10_2024_19_41_11,Not_Found,truck,1,4,True,"['Not_Found', 'Not_Found', 'Not_Found']","['truck', 'truck', 'truck']",No,mining_empty
8,IND0041201020240101073,20_10_2024_15_28_11,non_mining,truck,1,4,True,"['non_mining', 'non_mining', 'non_mining']","['truck', 'truck', 'truck']",No,non_mining
9,IND0041201020240101685,20_10_2024_23_03_51,Not_Found,truck,1,3,False,"['Not_Found', 'Not_Found', 'Not_Found']","['truck', 'truck', 'truck', 'truck', 'truck', 'truck', 'truck', 'truck', 'truck']",No,covered
10,IND0041201020240100437,20_10_2024_08_26_51,Not_Found,truck,1,4,True,"['Not_Found', 'Not_Found', 'non_mining']","['truck', 'truck', 'truck']",No,non_mining
11,IND0041201020240200339,20_10_2024_09_03_30,non_mining,truck,2,4,True,"['non_mining', 'non_mining', 'non_mining']","['truck', 'truck', 'truck']",No,non_mining
12,IND0041201020240100778,20_10_2024_12_23_04,covered,truck,1,4,True,"['Not_Found', 'covered', 'covered']","['truck', 'truck', 'truck']",No,covered
13,IND0041201020240101575,20_10_2024_21_26_23,Not_Found,hywa,1,1,False,['Not_Found'],['hywa'],Yes,mining_full
14,IND0041201020240100044,20_10_2024_00_42_19,Not_Found,truck,1,1,False,['Not_Found'],['truck'],Yes,mining_full
15,IND0041201020240101679,20_10_2024_22_58_07,Not_Found,truck,1,4,True,"['Not_Found', 'Not_Found', 'Not_Found']","['truck', 'truck', 'truck']",No,mining_full
16,IND0041201020240200531,20_10_2024_13_37_51,Not_Found,truck,2,4,True,"['Not_Found', 'Not_Found', 'Not_Found']","['truck', 'truck', 'truck']",No,Not_Found
17,IND0041201020240200640,20_10_2024_16_53_48,non_mining,mini_truck,2,4,True,"['non_mining', 'non_mining', 'non_mining']","['mini_truck', 'mini_truck', 'mini_truck']",No,non_mining
18,IND0041201020240101070,20_10_2024_15_26_46,Not_Found,truck,1,4,True,"['Not_Found', 'Not_Found', 'non_mining']","['truck', 'truck', 'truck']",No,covered
19,IND0041201020240101361,20_10_2024_18_46_12,Not_Found,mini_truck,1,3,True,"['Not_Found', 'Not_Found']","['mini_truck', 'mini_truck']",No,non_mining
20,IND0041201020240200565,20_10_2024_14_20_03,non_mining,truck,2,4,True,"['non_mining', 'non_mining', 'non_mining']","['truck', 'truck', 'truck']",No,non_mining
21,IND0041201020240200840,20_10_2024_22_29_06,Not_Found,mini_truck,2,1,False,['Not_Found'],['mini_truck'],No,non_mining
22,IND0041201020240101260,20_10_2024_17_35_10,Not_Found,truck,1,3,True,"['Not_Found', 'Not_Found']","['truck', 'hywa']",No,Not_Found
23,IND0041201020240200601,20_10_2024_15_34_13,non_mining,mini_truck,2,4,True,"['non_mining', 'non_mining', 'non_mining']","['mini_truck', 'mini_truck', 'mini_truck']",No,non_mining
24,IND0041201020240100484,20_10_2024_08_56_10,Not_Found,hywa,1,4,True,"['Not_Found', 'Not_Found', 'Not_Found']","['truck', 'hywa', 'hywa']",No,non_mining
25,IND0041201020240100061,20_10_2024_00_56_30,Not_Found,truck,1,1,False,['Not_Found'],['truck'],No,mining_full
26,IND0041201020240200341,20_10_2024_09_03_50,Not_Found,truck,2,4,True,"['Not_Found', 'Not_Found', 'Not_Found']","['truck', 'truck', 'truck']",No,covered
27,IND0041201020240101397,20_10_2024_19_18_15,Not_Found,mini_truck,1,1,False,"['Not_Found', 'Not_Found']","['mini_truck', 'mini_truck']",No,covered
28,IND0041201020240101051,20_10_2024_15_15_41,non_mining,truck,1,4,True,"['non_mining', 'non_mining', 'non_mining']","['truck', 'truck', 'truck']",No,non_mining
29,IND0041201020240200235,20_10_2024_05_28_23,Not_Found,truck,2,4,True,"['Not_Found', 'Not_Found', 'Not_Found']","['truck', 'truck', 'truck']",No,covered
30,IND0041201020240100711,20_10_2024_11_32_41,non_mining,mini_truck,1,4,True,"['non_mining', 'non_mining', 'non_mining']","['mini_truck', 'mini_truck', 'mini_truck']",No,non_mining
31,IND0041201020240101480,20_10_2024_20_18_45,Not_Found,truck,1,4,True,"['Not_Found', 'Not_Found', 'Not_Found']","['truck', 'truck', 'truck']",No,covered
32,IND0041201020240100320,20_10_2024_06_53_46,covered,truck,1,4,True,"['covered', 'covered', 'covered']","['truck', 'truck', 'truck']",No,covered
33,IND0041201020240101523,20_10_2024_20_39_46,Not_Found,truck,1,4,True,"['Not_Found', 'Not_Found', 'Not_Found']","['truck', 'truck', 'truck']",No,covered
34,IND0041201020240100528,20_10_2024_09_20_18,non_mining,truck,1,4,True,"['Not_Found', 'non_mining', 'non_mining']","['truck', 'truck', 'truck']",No,non_mining
35,IND0041201020240101138,20_10_2024_16_12_22,non_mining,mini_truck,1,4,True,"['non_mining', 'non_mining', 'non_mining']","['mini_truck', 'mini_truck', 'mini_truck']",No,non_mining
36,IND0041201020240100198,20_10_2024_03_42_16,Not_Found,truck,1,3,True,"['Not_Found', 'Not_Found']","['truck', 'truck']",No,Not_Found
37,IND0041201020240200697,20_10_2024_18_14_57,Not_Found,truck,2,4,True,"['Not_Found', 'Not_Found', 'Not_Found']","['truck', 'truck', 'truck']",No,non_mining
38,IND0041201020240101109,20_10_2024_15_53_28,non_mining,mini_truck,1,4,True,"['non_mining', 'non_mining', 'non_mining']","['mini_truck', 'mini_truck', 'mini_truck']",No,non_mining
39,IND0041201020240101350,20_10_2024_18_40_25,Not_Found,mini_truck,1,2,False,"['Not_Found', 'Not_Found']","['mini_truck', 'mini_truck']",No,Not_Found
40,IND0041201020240100284,20_10_2024_06_23_03,Not_Found,truck,1,1,False,['Not_Found'],['truck'],No,mining_full
41,IND0041201020240200814,20_10_2024_21_29_03,Not_Found,mini_truck,2,3,False,"['Not_Found', 'Not_Found', 'Not_Found']","['mini_truck', 'mini_truck', 'mini_truck', 'mini_truck']",No,Not_Found
42,IND0041201020240200433,20_10_2024_11_21_58,Not_Found,tractor,2,4,True,"['Not_Found', 'Not_Found', 'Not_Found']","['tractor', 'tractor', 'tractor', 'tractor', 'tractor', 'tractor', 'tractor']",No,non_mining
43,IND0041201020240200642,20_10_2024_16_55_43,covered,mini_truck,2,4,True,"['covered', 'covered', 'covered']","['mini_truck', 'mini_truck', 'mini_truck']",No,covered
44,IND0041201020240200042,20_10_2024_00_50_30,Not_Found,truck,2,4,True,"['Not_Found', 'Not_Found', 'Not_Found']","['truck', 'truck', 'truck', 'truck', 'truck', 'truck']",No,covered
45,IND0041201020240200437,20_10_2024_11_31_00,non_mining,truck,2,4,True,"['non_mining', 'non_mining', 'non_mining']","['truck', 'truck', 'truck']",No,non_mining
46,IND0041201020240101360,20_10_2024_18_44_26,Not_Found,mini_truck,1,2,False,['Not_Found'],['mini_truck'],No,Not_Found
47,IND0041201020240101384,20_10_2024_19_03_28,Not_Found,truck,1,4,True,"['Not_Found', 'Not_Found', 'Not_Found']","['truck', 'truck', 'truck']",No,non_mining
48,IND0041201020240100956,20_10_2024_14_17_05,Not_Found,truck,1,4,True,"['Not_Found', 'Not_Found', 'Not_Found']","['truck', 'truck', 'truck']",No,covered
49,IND0041201020240100613,20_10_2024_10_27_38,non_mining,truck,1,4,True,"['Not_Found', 'non_mining', 'non_mining']","['truck', 'truck', 'truck']",No,non_mining
50,IND0041201020240101605,20_10_2024_21_54_10,Not_Found,truck,1,4,True,"['Not_Found', 'Not_Found', 'Not_Found']","['truck', 'truck', 'truck']",No,non_mining
51,IND0041201020240101143,20_10_2024_16_17_12,Not_Found,truck,1,3,True,"['Not_Found', 'Not_Found']","['truck', 'hywa']",No,non_mining
52,IND0041201020240101185,20_10_2024_16_51_47,Not_Found,truck,1,4,True,"['Not_Found', 'Not_Found', 'Not_Found']","['truck', 'truck', 'truck']",No,non_mining
53,IND0041201020240101325,20_10_2024_18_24_37,Not_Found,truck,1,1,False,"['Not_Found', 'Not_Found', 'Not_Found']","['truck', 'truck', 'truck', 'truck', 'truck', 'truck', 'truck']",No,non_mining
54,IND0041201020240100186,20_10_2024_03_22_20,Not_Found,truck,1,4,True,"['Not_Found', 'Not_Found', 'Not_Found']","['truck', 'truck', 'truck']",No,mining_full
55,IND0041201020240101420,20_10_2024_19_33_18,Not_Found,truck,1,4,True,"['Not_Found', 'Not_Found', 'Not_Found']","['truck', 'truck', 'truck']",No,covered
56,IND0041201020240200615,20_10_2024_15_56_25,Not_Found,hywa,2,4,True,"['Not_Found', 'Not_Found', 'Not_Found']","['hywa', 'hywa', 'hywa']",No,Not_Found
57,IND0041201020240200635,20_10_2024_16_44_03,Not_Found,tractor,2,1,False,"['Not_Found', 'non_mining', 'Not_Found']","['tractor', 'tractor', 'tractor', 'tractor', 'tractor', 'tractor', 'tractor', 'tractor', 'tractor', 'tractor', 'tractor', 'tractor', 'tractor']",No,non_mining
58,IND0041201020240100563,20_10_2024_09_41_19,non_mining,truck,1,4,True,"['non_mining', 'non_mining', 'non_mining']","['truck', 'truck', 'truck']",No,non_mining
59,IND0041201020240100709,20_10_2024_11_31_08,Not_Found,truck,1,4,True,"['Not_Found', 'Not_Found', 'non_mining']","['truck', 'truck', 'truck']",No,non_mining
60,IND0041201020240100008,20_10_2024_00_14_14,Not_Found,truck,1,4,True,"['Not_Found', 'Not_Found', 'Not_Found']","['truck', 'truck', 'truck']",No,non_mining
61,IND0041201020240200444,20_10_2024_11_39_04,Not_Found,truck,2,3,False,"['Not_Found', 'Not_Found']","['truck', 'truck']",No,covered
62,IND0041201020240200652,20_10_2024_17_15_20,non_mining,truck,2,4,True,"['Not_Found', 'non_mining', 'non_mining']","['truck', 'truck', 'truck']",No,non_mining
63,IND0041201020240101245,20_10_2024_17_25_07,non_mining,truck,1,4,True,"['Not_Found', 'non_mining', 'non_mining']","['truck', 'truck', 'truck']",No,non_mining
64,IND0041201020240200545,20_10_2024_13_53_10,Not_Found,truck,2,4,True,"['Not_Found', 'Not_Found', 'Not_Found']","['truck', 'truck', 'truck']",No,covered
65,IND0041201020240200491,20_10_2024_12_40_13,non_mining,mini_truck,2,4,True,"['non_mining', 'non_mining', 'non_mining']","['mini_truck', 'mini_truck', 'mini_truck']",No,non_mining
66,IND0041201020240100539,20_10_2024_09_26_10,Not_Found,hywa,1,4,True,"['Not_Found', 'Not_Found', 'mining_full']","['hywa', 'hywa', 'hywa']",No,mining_full
67,IND0041201020240101602,20_10_2024_21_52_24,Not_Found,truck,1,1,False,"['Not_Found', 'Not_Found', 'Not_Found']","['truck', 'truck', 'truck', 'truck', 'truck', 'truck', 'truck']",No,non_mining
68,IND0041201020240200220,20_10_2024_05_06_30,Not_Found,truck,2,4,True,"['Not_Found', 'Not_Found', 'Not_Found']","['truck', 'truck', 'truck']",No,covered
69,IND0041201020240100969,20_10_2024_14_28_58,non_mining,truck,1,4,True,"['Not_Found', 'non_mining', 'non_mining']","['truck', 'truck', 'truck']",No,non_mining
70,IND0041201020240200149,20_10_2024_03_29_44,Not_Found,truck,2,2,True,['Not_Found'],['truck'],No,covered
71,IND0041201020240100075,20_10_2024_01_05_27,Not_Found,truck,1,1,False,['Not_Found'],['truck'],Yes,Not_Found
72,IND0041201020240200571,20_10_2024_14_29_54,non_mining,mini_truck,2,4,True,"['non_mining', 'non_mining', 'non_mining']","['mini_truck', 'mini_truck', 'mini_truck']",No,non_mining
73,IND0041201020240100799,20_10_2024_12_32_24,Not_Found,hywa,1,3,True,"['Not_Found', 'Not_Found']","['hywa', 'hywa']",No,Not_Found
74,IND0041201020240200194,20_10_2024_04_28_32,Not_Found,truck,2,1,False,"['Not_Found', 'Not_Found', 'Not_Found']","['truck', 'truck', 'truck', 'truck', 'truck', 'truck', 'truck', 'truck']",No,mining_empty
75,IND0041201020240200052,20_10_2024_01_09_10,Not_Found,truck,2,4,True,"['Not_Found', 'Not_Found', 'Not_Found']","['truck', 'truck', 'truck']",No,covered
76,IND0041201020240100095,20_10_2024_01_22_05,Not_Found,truck,1,3,True,"['Not_Found', 'Not_Found']","['truck', 'truck']",No,mining_full
77,IND0041201020240101576,20_10_2024_21_26_23,Not_Found,truck,1,1,False,['Not_Found'],['truck'],Yes,mining_full
78,IND0041201020240200376,20_10_2024_09_48_36,Not_Found,truck,2,4,True,"['Not_Found', 'Not_Found', 'Not_Found']","['truck', 'truck', 'truck']",No,non_mining
79,IND0041201020240101378,20_10_2024_18_59_49,non_mining,mini_truck,1,1,False,"['non_mining', 'non_mining', 'non_mining']","['mini_truck', 'mini_truck', 'mini_truck', 'mini_truck', 'truck']",No,non_mining
80,IND0041201020240101538,20_10_2024_20_51_22,Not_Found,truck,1,4,True,"['Not_Found', 'Not_Found', 'Not_Found']","['truck', 'truck', 'truck']",No,covered
81,IND0041201020240101193,20_10_2024_16_56_33,Not_Found,truck,1,3,True,"['Not_Found', 'covered']","['truck', 'truck']",No,covered
82,IND0041201020240200555,20_10_2024_14_01_44,mining_empty,tractor,2,2,False,"['mining_empty', 'mining_empty', 'mining_empty']","['tractor', 'tractor', 'tractor', 'tractor', 'tractor', 'tractor', 'tractor', 'tractor', 'tractor', 'tractor', 'tractor', 'tractor', 'tractor']",No,mining_empty
83,IND0041201020240100906,20_10_2024_13_38_49,Not_Found,truck,1,4,True,"['Not_Found', 'Not_Found', 'Not_Found']","['truck', 'truck', 'truck']",No,non_mining
84,IND0041201020240101364,20_10_2024_18_46_13,Not_Found,mini_truck,1,3,False,"['Not_Found', 'Not_Found']","['mini_truck', 'mini_truck']",Yes,non_mining
85,IND0041201020240200706,20_10_2024_18_24_56,Not_Found,truck,2,4,True,"['Not_Found', 'Not_Found', 'Not_Found']","['truck', 'truck', 'truck']",No,covered
86,IND0041201020240101409,20_10_2024_19_27_47,Not_Found,truck,1,4,True,"['Not_Found', 'Not_Found', 'Not_Found']","['truck', 'truck', 'truck']",No,covered
87,IND0041201020240100246,20_10_2024_04_52_27,Not_Found,truck,1,1,False,['Not_Found'],['truck'],No,non_mining
88,IND0041201020240100834,20_10_2024_12_49_47,Not_Found,truck,1,1,False,['Not_Found'],['truck'],No,covered
89,IND0041201020240200118,20_10_2024_02_49_43,non_mining,mini_truck,2,1,False,"['non_mining', 'Not_Found']","['mini_truck', 'mini_truck']",No,non_mining
90,IND0041201020240200853,20_10_2024_22_41_52,Not_Found,truck,2,4,True,"['Not_Found', 'Not_Found', 'Not_Found']","['truck', 'truck', 'truck']",No,covered
91,IND0041201020240200613,20_10_2024_15_54_01,non_mining,mini_truck,2,4,True,"['non_mining', 'non_mining', 'non_mining']","['mini_truck', 'mini_truck', 'mini_truck']",No,non_mining
92,IND0041201020240100261,20_10_2024_05_22_50,Not_Found,truck,1,1,False,"['Not_Found', 'Not_Found', 'Not_Found']","['truck', 'truck', 'truck', 'truck', 'truck', 'truck', 'truck']",No,covered
93,IND0041201020240200881,20_10_2024_23_39_46,Not_Found,mini_truck,2,4,True,"['Not_Found', 'Not_Found', 'Not_Found']","['mini_truck', 'mini_truck', 'mini_truck']",No,covered
94,IND0041201020240101152,20_10_2024_16_25_28,non_mining,truck,1,4,True,"['non_mining', 'non_mining', 'non_mining']","['truck', 'truck', 'truck']",No,non_mining
95,IND0041201020240100013,20_10_2024_00_16_53,Not_Found,truck,1,1,False,"['Not_Found', 'Not_Found', 'Not_Found']","['truck', 'truck', 'truck', 'truck']",No,non_mining
96,IND0041201020240100009,20_10_2024_00_14_20,Not_Found,truck,1,3,False,"['Not_Found', 'Not_Found']","['truck', 'truck']",No,mining_full
97,IND0041201020240100561,20_10_2024_09_41_11,Not_Found,hywa,1,4,True,"['Not_Found', 'Not_Found', 'Not_Found']","['hywa', 'hywa', 'hywa']",No,mining_full
98,IND0041201020240200797,20_10_2024_20_37_18,Not_Found,mini_truck,2,1,False,"['Not_Found', 'Not_Found']","['mini_truck', 'mini_truck']",No,covered
99,IND0041201020240100122,20_10_2024_01_53_38,Not_Found,truck,1,1,False,"['Not_Found', 'Not_Found', 'Not_Found']","['truck', 'truck', 'truck', 'truck', 'truck', 'truck', 'truck']",No,non_mining
100,IND0041201020240200277,20_10_2024_07_05_04,covered,mini_truck,2,4,True,"['covered', 'covered', 'covered']","['mini_truck', 'mini_truck', 'mini_truck']",No,covered
101,IND0041201020240100002,20_10_2024_00_03_04,Not_Found,truck,1,4,True,"['Not_Found', 'Not_Found', 'Not_Found']","['truck', 'truck', 'truck']",No,covered
102,IND0041201020240101162,20_10_2024_16_32_43,non_mining,mini_truck,1,3,True,"['non_mining', 'non_mining']","['mini_truck', 'mini_truck']",No,non_mining
103,IND0041201020240200800,20_10_2024_20_43_32,Not_Found,truck,2,4,True,"['Not_Found', 'Not_Found', 'Not_Found']","['truck', 'truck', 'truck']",No,non_mining
104,IND0041201020240200525,20_10_2024_13_26_15,non_mining,truck,2,4,True,"['non_mining', 'non_mining', 'non_mining']","['truck', 'truck', 'truck']",No,non_mining
105,IND0041201020240100274,20_10_2024_05_47_59,Not_Found,truck,1,3,False,"['Not_Found', 'Not_Found', 'Not_Found']","['truck', 'truck', 'truck', 'truck']",No,non_mining
106,IND0041201020240100889,20_10_2024_13_25_56,non_mining,truck,1,4,True,"['non_mining', 'non_mining', 'non_mining']","['truck', 'truck', 'truck']",No,non_mining
107,IND0041201020240100081,20_10_2024_01_07_06,Not_Found,truck,1,4,True,"['Not_Found', 'Not_Found', 'Not_Found']","['truck', 'truck', 'truck']",No,covered
108,IND0041201020240101198,20_10_2024_16_58_44,Not_Found,hywa,1,1,False,['Not_Found'],['hywa'],No,non_mining
109,IND0041201020240100847,20_10_2024_12_57_37,non_mining,mini_truck,1,2,False,"['non_mining', 'Not_Found']","['mini_truck', 'mini_truck']",No,non_mining
110,IND0041201020240100695,20_10_2024_11_18_34,non_mining,truck,1,4,True,"['Not_Found', 'non_mining', 'non_mining']","['truck', 'truck', 'truck']",No,non_mining
111,IND0041201020240200081,20_10_2024_01_43_13,Not_Found,truck,2,4,True,"['Not_Found', 'Not_Found', 'Not_Found']","['truck', 'truck', 'truck']",No,covered
112,IND0041201020240101309,20_10_2024_18_18_56,Not_Found,mini_truck,1,4,True,"['Not_Found', 'Not_Found', 'Not_Found']","['mini_truck', 'mini_truck', 'mini_truck']",Yes,Not_Found
113,IND0041201020240101018,20_10_2024_14_56_31,non_mining,truck,1,4,True,"['Not_Found', 'non_mining', 'non_mining']","['truck', 'truck', 'truck']",No,non_mining
114,IND0041201020240200647,20_10_2024_17_00_40,non_mining,truck,2,1,False,['non_mining'],['truck'],Yes,non_mining
115,IND0041201020240200865,20_10_2024_23_12_17,Not_Found,truck,2,1,False,"['Not_Found', 'Not_Found']","['truck', 'truck']",No,non_mining
116,IND0041201020240101050,20_10_2024_15_15_05,non_mining,truck,1,4,True,"['Not_Found', 'non_mining', 'non_mining']","['truck', 'truck', 'truck']",No,non_mining
117,IND0041201020240100787,20_10_2024_12_27_08,non_mining,truck,1,4,True,"['non_mining', 'non_mining', 'non_mining']","['truck', 'truck', 'truck']",No,non_mining
118,IND0041201020240100754,20_10_2024_12_06_15,Not_Found,truck,1,4,True,"['Not_Found', 'Not_Found', 'non_mining']","['truck', 'truck', 'truck']",No,covered
119,IND0041201020240100622,20_10_2024_10_32_42,non_mining,mini_truck,1,4,True,"['non_mining', 'non_mining', 'non_mining']","['mini_truck', 'mini_truck', 'mini_truck']",No,non_mining
120,IND0041201020240100097,20_10_2024_01_22_54,Not_Found,truck,1,4,True,"['Not_Found', 'Not_Found', 'Not_Found']","['truck', 'truck', 'truck']",No,non_mining
121,IND0041201020240200707,20_10_2024_18_25_31,Not_Found,truck,2,4,True,"['Not_Found', 'Not_Found', 'Not_Found']","['truck', 'truck', 'truck', 'truck', 'truck', 'truck', 'truck', 'truck']",No,non_mining
122,IND0041201020240100900,20_10_2024_13_34_55,Not_Found,truck,1,4,True,"['Not_Found', 'Not_Found', 'non_mining']","['truck', 'truck', 'truck']",No,non_mining
123,IND0041201020240100720,20_10_2024_11_39_07,Not_Found,truck,1,4,True,"['Not_Found', 'Not_Found', 'Not_Found']","['truck', 'truck', 'truck']",No,covered
124,IND0041201020240101054,20_10_2024_15_18_02,Not_Found,truck,1,4,True,"['Not_Found', 'Not_Found', 'non_mining']","['truck', 'truck', 'truck']",No,mining_empty
125,IND0041201020240100700,20_10_2024_11_22_04,non_mining,truck,1,4,True,"['Not_Found', 'non_mining', 'non_mining']","['truck', 'truck', 'truck']",No,non_mining
126,IND0041201020240200818,20_10_2024_21_38_58,Not_Found,truck,2,4,True,"['Not_Found', 'Not_Found', 'Not_Found']","['truck', 'truck', 'truck']",No,non_mining
127,IND0041201020240200573,20_10_2024_14_31_44,mining_empty,tractor,2,1,False,"['Not_Found', 'mining_empty', 'mining_empty']","['tractor', 'tractor', 'tractor', 'tractor', 'tractor', 'tractor', 'tractor', 'tractor', 'tractor', 'tractor', 'tractor', 'tractor', 'tractor', 'tractor', 'tractor', 'tractor', 'tractor']",No,mining_empty
128,IND0041201020240101497,20_10_2024_20_24_55,Not_Found,truck,1,3,False,"['Not_Found', 'Not_Found', 'Not_Found']","['truck', 'truck', 'truck', 'truck', 'truck', 'truck', 'truck', 'truck', 'truck']",No,mining_empty
129,IND0041201020240200510,20_10_2024_13_00_14,Not_Found,truck,2,4,True,"['Not_Found', 'Not_Found', 'Not_Found']","['truck', 'truck', 'truck']",No,covered
130,IND0041201020240100860,20_10_2024_13_06_26,non_mining,truck,1,3,True,"['non_mining', 'non_mining']","['truck', 'truck']",No,non_mining
131,IND0041201020240101407,20_10_2024_19_24_54,Not_Found,truck,1,2,False,"['Not_Found', 'Not_Found', 'Not_Found']","['truck', 'truck', 'truck', 'truck', 'truck', 'truck', 'truck']",No,non_mining
132,IND0041201020240100180,20_10_2024_03_13_25,Not_Found,truck,1,2,False,"['Not_Found', 'Not_Found', 'Not_Found']","['truck', 'truck', 'truck', 'truck', 'truck', 'truck', 'truck']",No,covered
133,IND0041201020240200247,20_10_2024_05_48_36,Not_Found,truck,2,4,True,"['Not_Found', 'Not_Found', 'Not_Found']","['truck', 'truck', 'truck']",No,Not_Found
134,IND0041201020240200400,20_10_2024_10_41_06,non_mining,truck,2,4,True,"['Not_Found', 'non_mining', 'non_mining']","['truck', 'truck', 'truck']",No,non_mining
135,IND0041201020240100215,20_10_2024_04_10_42,Not_Found,truck,1,1,False,"['Not_Found', 'Not_Found', 'Not_Found']","['truck', 'truck', 'truck', 'truck', 'truck']",No,non_mining
136,IND0041201020240100846,20_10_2024_12_57_12,covered,truck,1,4,True,"['covered', 'covered', 'covered']","['truck', 'truck', 'truck']",No,covered
137,IND0041201020240100609,20_10_2024_10_25_14,non_mining,mini_truck,1,4,True,"['non_mining', 'non_mining', 'non_mining']","['mini_truck', 'mini_truck', 'mini_truck']",No,non_mining
138,IND0041201020240101398,20_10_2024_19_18_16,Not_Found,mini_truck,1,2,False,['Not_Found'],['mini_truck'],No,covered
139,IND0041201020240101499,20_10_2024_20_27_19,Not_Found,truck,1,4,True,"['Not_Found', 'Not_Found', 'Not_Found']","['truck', 'truck', 'truck']",No,covered
140,IND0041201020240101007,20_10_2024_14_53_12,non_mining,truck,1,4,True,"['non_mining', 'non_mining', 'non_mining']","['truck', 'truck', 'truck']",No,non_mining
141,IND0041201020240200342,20_10_2024_09_03_52,covered,truck,2,1,False,['covered'],['truck'],Yes,covered
142,IND0041201020240101423,20_10_2024_19_35_14,Not_Found,truck,1,1,False,"['Not_Found', 'Not_Found', 'Not_Found']","['truck', 'truck', 'truck', 'truck', 'truck', 'truck', 'truck']",No,covered
143,IND0041201020240101205,20_10_2024_17_01_18,non_mining,truck,1,4,True,"['Not_Found', 'non_mining', 'non_mining']","['truck', 'truck', 'truck']",No,non_mining
144,IND0041201020240200335,20_10_2024_08_59_50,mining_empty,truck,2,4,True,"['mining_empty', 'mining_empty', 'mining_empty']","['truck', 'truck', 'truck']",No,mining_empty
145,IND0041201020240200547,20_10_2024_13_54_19,non_mining,mini_truck,2,4,True,"['non_mining', 'non_mining', 'non_mining']","['mini_truck', 'mini_truck', 'mini_truck']",No,non_mining
146,IND0041201020240200389,20_10_2024_10_24_04,Not_Found,truck,2,4,True,"['Not_Found', 'Not_Found', 'Not_Found']","['truck', 'truck', 'truck']",No,non_mining
147,IND0041201020240200559,20_10_2024_14_02_47,non_mining,truck,2,4,True,"['non_mining', 'non_mining', 'non_mining']","['truck', 'truck', 'truck']",No,non_mining
148,IND0041201020240100649,20_10_2024_10_45_58,non_mining,mini_truck,1,4,True,"['non_mining', 'non_mining', 'non_mining']","['mini_truck', 'mini_truck', 'mini_truck']",No,non_mining
149,IND0041201020240100226,20_10_2024_04_25_32,Not_Found,truck,1,1,False,"['Not_Found', 'Not_Found', 'Not_Found']","['truck', 'truck', 'truck', 'truck', 'truck']",No,mining_empty
150,IND0041201020240100103,20_10_2024_01_29_53,Not_Found,truck,1,1,False,"['Not_Found', 'Not_Found', 'Not_Found']","['truck', 'truck', 'truck', 'truck']",No,non_mining
151,IND0041201020240200139,20_10_2024_03_16_32,Not_Found,truck,2,1,False,"['Not_Found', 'Not_Found', 'non_mining']","['truck', 'truck', 'truck', 'truck', 'truck']",No,covered
152,IND0041201020240100382,20_10_2024_07_50_48,non_mining,truck,1,1,False,"['non_mining', 'Not_Found', 'non_mining']","['truck', 'truck', 'truck', 'truck', 'truck']",No,non_mining
153,IND0041201020240200850,20_10_2024_22_40_09,Not_Found,truck,2,4,True,"['Not_Found', 'Not_Found', 'Not_Found']","['truck', 'truck', 'truck']",No,non_mining
154,IND0041201020240100581,20_10_2024_09_59_11,non_mining,truck,1,4,True,"['Not_Found', 'non_mining', 'non_mining']","['truck', 'truck', 'truck']",No,non_mining
155,IND0041201020240100237,20_10_2024_04_32_19,Not_Found,truck,1,4,True,"['Not_Found', 'Not_Found', 'Not_Found']","['truck', 'truck', 'truck']",No,non_mining
156,IND0041201020240200582,20_10_2024_14_44_35,covered,truck,2,4,True,"['covered', 'covered', 'covered']","['truck', 'truck', 'truck']",No,covered
157,IND0041201020240100194,20_10_2024_03_29_13,Not_Found,truck,1,4,True,"['Not_Found', 'Not_Found', 'Not_Found']","['truck', 'truck', 'truck']",No,mining_full
158,IND0041201020240100848,20_10_2024_12_58_05,Not_Found,truck,1,4,True,"['Not_Found', 'Not_Found', 'Not_Found']","['truck', 'truck', 'truck']",No,covered
159,IND0041201020240101335,20_10_2024_18_30_30,Not_Found,truck,1,4,True,"['Not_Found', 'Not_Found', 'Not_Found']","['truck', 'truck', 'truck']",No,non_mining
160,IND0041201020240100859,20_10_2024_13_05_56,non_mining,truck,1,4,True,"['non_mining', 'Not_Found', 'non_mining']","['truck', 'truck', 'truck']",No,non_mining
161,IND0041201020240100341,20_10_2024_07_07_15,non_mining,truck,1,4,True,"['Not_Found', 'non_mining', 'non_mining']","['truck', 'truck', 'truck']",No,non_mining
162,IND0041201020240200037,20_10_2024_00_48_37,Not_Found,mini_truck,2,2,False,"['Not_Found', 'Not_Found']","['mini_truck', 'mini_truck']",No,covered
163,IND0041201020240200854,20_10_2024_22_46_59,Not_Found,mini_truck,2,1,False,['Not_Found'],['mini_truck'],No,covered
164,IND0041201020240100925,20_10_2024_13_50_48,non_mining,truck,1,4,True,"['non_mining', 'non_mining', 'non_mining']","['truck', 'truck', 'truck']",No,non_mining
165,IND0041201020240100802,20_10_2024_12_32_56,non_mining,truck,1,4,True,"['Not_Found', 'non_mining', 'non_mining']","['truck', 'truck', 'truck']",No,non_mining
166,IND0041201020240101540,20_10_2024_20_54_26,Not_Found,truck,1,4,True,"['Not_Found', 'Not_Found', 'Not_Found']","['truck', 'truck', 'truck']",No,non_mining
167,IND0041201020240100308,20_10_2024_06_46_21,Not_Found,truck,1,4,True,"['Not_Found', 'Not_Found', 'Not_Found']","['truck', 'truck', 'truck']",No,mining_full
168,IND0041201020240101055,20_10_2024_15_18_14,non_mining,mini_truck,1,4,True,"['non_mining', 'non_mining', 'non_mining']","['mini_truck', 'mini_truck', 'mini_truck']",No,non_mining
169,IND0041201020240200844,20_10_2024_22_33_52,non_mining,truck,2,4,True,"['Not_Found', 'non_mining', 'non_mining']","['truck', 'truck', 'truck']",No,non_mining
170,IND0041201020240101338,20_10_2024_18_32_58,Not_Found,mini_truck,1,2,False,['Not_Found'],['mini_truck'],No,non_mining
171,IND0041201020240100449,20_10_2024_08_35_37,non_mining,truck,1,4,True,"['Not_Found', 'non_mining', 'non_mining']","['truck', 'truck', 'truck']",No,non_mining
172,IND0041201020240200522,20_10_2024_13_19_07,non_mining,truck,2,4,True,"['non_mining', 'non_mining', 'non_mining']","['truck', 'truck', 'truck']",No,non_mining
173,IND0041201020240100209,20_10_2024_03_56_48,Not_Found,truck,1,4,True,"['Not_Found', 'Not_Found', 'Not_Found']","['truck', 'truck', 'truck']",No,covered
174,IND0041201020240100069,20_10_2024_01_04_15,Not_Found,truck,1,4,True,"['Not_Found', 'Not_Found', 'Not_Found']","['truck', 'truck', 'truck']",No,
175,IND0041201020240200695,20_10_2024_18_14_12,mining_full,mini_truck,2,1,False,['mining_full'],['mini_truck'],No,mining_full
176,IND0041201020240200650,20_10_2024_17_07_06,non_mining,truck,2,4,True,"['non_mining', 'non_mining', 'non_mining']","['truck', 'truck', 'truck']",No,non_mining
177,IND0041201020240200003,20_10_2024_00_03_30,Not_Found,truck,2,3,True,"['Not_Found', 'Not_Found']","['truck', 'truck']",No,covered
178,IND0041201020240101513,20_10_2024_20_36_59,Not_Found,truck,1,1,False,"['Not_Found', 'Not_Found', 'Not_Found']","['truck', 'truck', 'truck']",No,non_mining
179,IND0041201020240100768,20_10_2024_12_14_19,Not_Found,truck,1,4,True,"['Not_Found', 'Not_Found', 'covered']","['truck', 'truck', 'truck']",No,covered
180,IND0041201020240200551,20_10_2024_13_55_50,non_mining,truck,2,4,True,"['non_mining', 'non_mining', 'non_mining']","['truck', 'truck', 'truck']",No,non_mining
181,IND0041201020240200785,20_10_2024_20_20_19,Not_Found,truck,2,3,False,"['Not_Found', 'Not_Found', 'non_mining']","['truck', 'truck', 'truck', 'truck', 'truck', 'truck']",No,non_mining
182,IND0041201020240100167,20_10_2024_02_53_52,Not_Found,truck,1,1,False,"['Not_Found', 'Not_Found', 'Not_Found']","['truck', 'truck', 'truck', 'truck', 'truck', 'truck']",No,covered
183,IND0041201020240101168,20_10_2024_16_37_58,Not_Found,truck,1,4,True,"['non_mining', 'Not_Found', 'Not_Found']","['truck', 'truck', 'hywa']",No,mining_full
184,IND0041201020240200527,20_10_2024_13_31_17,Not_Found,tractor,2,1,False,"['non_mining', 'Not_Found', 'Not_Found']","['tractor', 'tractor', 'tractor', 'tractor', 'tractor', 'tractor', 'tractor', 'tractor', 'tractor', 'tractor', 'tractor', 'tractor', 'tractor', 'tractor', 'tractor', 'tractor']",No,non_mining
185,IND0041201020240200763,20_10_2024_19_46_04,Not_Found,truck,2,4,True,"['Not_Found', 'Not_Found', 'Not_Found']","['truck', 'truck', 'truck']",No,non_mining
186,IND0041201020240101072,20_10_2024_15_27_35,non_mining,truck,1,4,True,"['Not_Found', 'non_mining', 'non_mining']","['truck', 'truck', 'truck']",No,non_mining
187,IND0041201020240101129,20_10_2024_16_05_59,non_mining,mini_truck,1,4,True,"['non_mining', 'non_mining', 'non_mining']","['mini_truck', 'mini_truck', 'mini_truck']",No,non_mining
188,IND0041201020240101101,20_10_2024_15_49_21,Not_Found,truck,1,4,True,"['Not_Found', 'Not_Found', 'Not_Found']","['truck', 'truck', 'truck']",No,Not_Found
189,IND0041201020240101208,20_10_2024_17_02_40,non_mining,truck,1,4,True,"['Not_Found', 'non_mining', 'non_mining']","['truck', 'truck', 'truck']",No,non_mining
190,IND0041201020240101056,20_10_2024_15_18_40,Not_Found,hywa,1,4,True,"['Not_Found', 'Not_Found', 'Not_Found']","['truck', 'hywa', 'hywa']",No,mining_full
191,IND0041201020240101504,20_10_2024_20_31_00,Not_Found,truck,1,4,True,"['Not_Found', 'Not_Found', 'Not_Found']","['truck', 'truck', 'truck']",No,non_mining
192,IND0041201020240101712,20_10_2024_23_44_56,Not_Found,mini_truck,1,4,True,"['Not_Found', 'non_mining', 'Not_Found']","['mini_truck', 'mini_truck', 'mini_truck']",No,non_mining
193,IND0041201020240101357,20_10_2024_18_43_39,Not_Found,truck,1,1,False,"['Not_Found', 'Not_Found']","['truck', 'truck']",No,non_mining
194,IND0041201020240101422,20_10_2024_19_34_21,Not_Found,truck,1,1,False,['Not_Found'],['truck'],No,covered
195,IND0041201020240100800,20_10_2024_12_32_40,non_mining,truck,1,3,True,"['non_mining', 'non_mining']","['truck', 'truck']",No,non_mining
196,IND0041201020240100749,20_10_2024_12_03_07,non_mining,truck,1,4,True,"['non_mining', 'non_mining', 'non_mining']","['truck', 'truck', 'truck']",No,non_mining
197,IND0041201020240200618,20_10_2024_16_05_44,non_mining,truck,2,4,True,"['non_mining', 'non_mining', 'non_mining']","['truck', 'truck', 'truck']",No,non_mining
198,IND0041201020240101183,20_10_2024_16_51_11,covered,truck,1,4,True,"['covered', 'covered', 'covered']","['truck', 'truck', 'truck', 'truck']",No,covered
199,IND0041201020240100224,20_10_2024_04_24_42,Not_Found,truck,1,1,False,"['Not_Found', 'Not_Found']","['truck', 'truck']",No,non_mining
200,IND0041201020240100298,20_10_2024_06_34_57,Not_Found,truck,1,4,True,"['Not_Found', 'non_mining', 'Not_Found']","['truck', 'truck', 'truck']",No,covered
201,IND0041201020240101044,20_10_2024_15_11_43,Not_Found,truck,1,4,True,"['Not_Found', 'Not_Found', 'covered']","['truck', 'truck', 'truck']",No,covered
202,IND0041201020240101667,20_10_2024_22_50_54,Not_Found,truck,1,2,False,['Not_Found'],['truck'],No,non_mining
203,IND0041201020240101700,20_10_2024_23_25_35,Not_Found,truck,1,4,True,"['Not_Found', 'Not_Found', 'Not_Found']","['truck', 'truck', 'truck']",No,covered
204,IND0041201020240200507,20_10_2024_12_58_23,Not_Found,truck,2,4,True,"['Not_Found', 'Not_Found', 'covered']","['truck', 'truck', 'truck']",No,covered
205,IND0041201020240100682,20_10_2024_11_07_23,Not_Found,truck,1,4,True,"['Not_Found', 'Not_Found', 'Not_Found']","['truck', 'truck', 'truck']",No,covered
206,IND0041201020240100096,20_10_2024_01_22_48,Not_Found,truck,1,1,False,"['Not_Found', 'Not_Found', 'Not_Found']","['truck', 'truck', 'truck', 'truck', 'truck']",No,non_mining
207,IND0041201020240200748,20_10_2024_19_19_00,Not_Found,mini_truck,2,4,True,"['non_mining', 'Not_Found', 'Not_Found']","['mini_truck', 'mini_truck', 'mini_truck']",No,covered
208,IND0041201020240200852,20_10_2024_22_41_19,Not_Found,truck,2,4,True,"['Not_Found', 'Not_Found', 'Not_Found']","['truck', 'truck', 'truck']",No,non_mining
209,IND0041201020240200411,20_10_2024_10_53_04,non_mining,truck,2,4,True,"['Not_Found', 'non_mining', 'non_mining']","['truck', 'truck', 'truck']",No,non_mining
210,IND0041201020240200738,20_10_2024_19_04_04,Not_Found,truck,2,4,True,"['Not_Found', 'Not_Found', 'Not_Found']","['truck', 'truck', 'truck']",No,non_mining
211,IND0041201020240101182,20_10_2024_16_51_09,non_mining,mini_truck,1,4,True,"['non_mining', 'non_mining', 'non_mining']","['mini_truck', 'mini_truck', 'mini_truck']",No,non_mining
212,IND0041201020240100534,20_10_2024_09_22_37,non_mining,truck,1,4,True,"['Not_Found', 'non_mining', 'non_mining']","['truck', 'truck', 'truck']",No,non_mining
213,IND0041201020240200503,20_10_2024_12_55_42,Not_Found,mini_truck,2,2,False,"['Not_Found', 'Not_Found']","['mini_truck', 'mini_truck']",No,Not_Found
214,IND0041201020240100294,20_10_2024_06_31_01,non_mining,mini_truck,1,4,True,"['non_mining', 'non_mining', 'non_mining']","['mini_truck', 'mini_truck', 'mini_truck']",No,non_mining
215,IND0041201020240100607,20_10_2024_10_22_18,non_mining,truck,1,4,True,"['non_mining', 'non_mining', 'non_mining']","['truck', 'truck', 'truck']",No,non_mining
216,IND0041201020240101583,20_10_2024_21_31_55,Not_Found,truck,1,4,True,"['Not_Found', 'Not_Found', 'Not_Found']","['truck', 'truck', 'truck']",No,non_mining
217,IND0041201020240200760,20_10_2024_19_44_27,non_mining,mini_truck,2,4,True,"['Not_Found', 'non_mining', 'non_mining']","['mini_truck', 'mini_truck', 'mini_truck']",No,non_mining
218,IND0041201020240100374,20_10_2024_07_44_22,non_mining,mini_truck,1,4,True,"['non_mining', 'non_mining', 'non_mining']","['mini_truck', 'mini_truck', 'mini_truck']",No,non_mining
219,IND0041201020240200388,20_10_2024_10_22_18,non_mining,mini_truck,2,4,True,"['Not_Found', 'non_mining', 'non_mining']","['mini_truck', 'mini_truck', 'mini_truck']",No,non_mining
220,IND0041201020240200332,20_10_2024_08_55_50,non_mining,mini_truck,2,4,True,"['non_mining', 'non_mining', 'non_mining']","['mini_truck', 'mini_truck', 'mini_truck']",No,non_mining
221,IND0041201020240101047,20_10_2024_15_13_11,non_mining,truck,1,4,True,"['non_mining', 'non_mining', 'non_mining']","['truck', 'truck', 'truck']",No,non_mining
222,IND0041201020240101336,20_10_2024_18_30_37,Not_Found,mini_truck,1,4,True,"['Not_Found', 'Not_Found', 'Not_Found']","['mini_truck', 'mini_truck', 'mini_truck']",No,non_mining
223,IND0041201020240200842,20_10_2024_22_32_13,Not_Found,truck,2,2,False,"['Not_Found', 'Not_Found', 'Not_Found']","['truck', 'truck', 'truck', 'truck', 'truck', 'truck']",No,non_mining
224,IND0041201020240101250,20_10_2024_17_29_23,covered,truck,1,4,True,"['non_mining', 'covered', 'covered']","['truck', 'truck', 'truck']",No,covered
225,IND0041201020240101114,20_10_2024_15_55_28,Not_Found,tractor,1,1,False,"['Not_Found', 'Not_Found', 'Not_Found']","['tractor', 'tractor', 'tractor', 'tractor', 'tractor', 'tractor', 'tractor', 'tractor', 'tractor', 'tractor']",No,Not_Found
226,IND0041201020240100187,20_10_2024_03_22_28,Not_Found,truck,1,4,True,"['Not_Found', 'Not_Found', 'Not_Found']","['truck', 'truck', 'truck']",No,mining_full
227,IND0041201020240100841,20_10_2024_12_55_05,covered,truck,1,4,True,"['covered', 'covered', 'covered']","['truck', 'truck', 'truck']",No,covered
228,IND0041201020240200788,20_10_2024_20_22_38,Not_Found,truck,2,1,False,"['Not_Found', 'Not_Found', 'Not_Found']","['truck', 'truck', 'truck', 'truck', 'truck', 'truck']",No,non_mining
229,IND0041201020240200113,20_10_2024_02_42_44,Not_Found,truck,2,4,True,"['Not_Found', 'Not_Found', 'Not_Found']","['truck', 'truck', 'truck']",No,non_mining
230,IND0041201020240200269,20_10_2024_06_46_36,Not_Found,hywa,2,4,True,"['Not_Found', 'Not_Found', 'Not_Found']","['truck', 'hywa', 'hywa']",No,mining_full
231,IND0041201020240101592,20_10_2024_21_42_04,Not_Found,truck,1,3,True,"['Not_Found', 'Not_Found']","['truck', 'truck']",No,mining_full
232,IND0041201020240200119,20_10_2024_02_49_43,non_mining,mini_truck,2,1,False,"['non_mining', 'non_mining', 'non_mining']","['mini_truck', 'mini_truck', 'mini_truck', 'mini_truck', 'mini_truck', 'mini_truck']",No,non_mining
233,IND0041201020240200492,20_10_2024_12_42_03,covered,mini_truck,2,3,True,"['covered', 'covered']","['mini_truck', 'mini_truck']",No,covered
234,IND0041201020240101410,20_10_2024_19_27_48,Not_Found,truck,1,1,False,['Not_Found'],['truck'],Yes,non_mining
235,IND0041201020240200090,20_10_2024_02_14_06,Not_Found,truck,2,4,True,"['Not_Found', 'Not_Found', 'Not_Found']","['truck', 'truck', 'truck']",No,mining_full
236,IND0041201020240100319,20_10_2024_06_53_35,Not_Found,truck,1,4,True,"['Not_Found', 'Not_Found', 'non_mining']","['truck', 'hywa', 'truck']",No,mining_full
237,IND0041201020240200549,20_10_2024_13_54_55,non_mining,truck,2,2,False,['non_mining'],['truck'],No,non_mining
238,IND0041201020240200328,20_10_2024_08_52_47,non_mining,truck,2,4,True,"['non_mining', 'non_mining', 'non_mining']","['truck', 'truck', 'truck']",No,non_mining
239,IND0041201020240101207,20_10_2024_17_01_46,Not_Found,tractor,1,1,False,"['Not_Found', 'Not_Found', 'Not_Found']","['tractor', 'tractor', 'tractor', 'tractor', 'tractor', 'tractor', 'tractor', 'tractor', 'tractor', 'tractor', 'tractor', 'tractor', 'tractor', 'tractor', 'tractor']",No,non_mining
240,IND0041201020240101374,20_10_2024_18_55_18,Not_Found,truck,1,1,False,['Not_Found'],['truck'],Yes,non_mining
241,IND0041201020240101083,20_10_2024_15_34_58,non_mining,mini_truck,1,4,True,"['non_mining', 'non_mining', 'non_mining']","['mini_truck', 'mini_truck', 'mini_truck']",No,non_mining
242,IND0041201020240200520,20_10_2024_13_15_18,non_mining,tractor,2,4,True,"['non_mining', 'non_mining', 'non_mining']","['tractor', 'tractor', 'tractor', 'tractor', 'tractor']",No,non_mining
243,IND0041201020240101633,20_10_2024_22_20_35,Not_Found,truck,1,3,True,"['Not_Found', 'Not_Found']","['truck', 'truck']",No,covered
244,IND0041201020240101657,20_10_2024_22_42_31,Not_Found,truck,1,2,False,"['Not_Found', 'Not_Found', 'Not_Found']","['truck', 'truck', 'hywa']",No,mining_full
245,IND0041201020240200583,20_10_2024_14_44_52,non_mining,truck,2,4,True,"['non_mining', 'non_mining', 'non_mining']","['truck', 'truck', 'truck']",No,non_mining
246,IND0041201020240101210,20_10_2024_17_03_16,covered,mini_truck,1,4,True,"['covered', 'covered', 'covered']","['mini_truck', 'mini_truck', 'mini_truck']",No,covered
247,IND0041201020240101303,20_10_2024_18_15_29,Not_Found,mini_truck,1,1,False,"['Not_Found', 'Not_Found', 'Not_Found']","['mini_truck', 'mini_truck', 'mini_truck']",No,non_mining
248,IND0041201020240100356,20_10_2024_07_23_17,Not_Found,truck,1,3,True,"['Not_Found', 'Not_Found']","['truck', 'truck']",No,non_mining
249,IND0041201020240100576,20_10_2024_09_58_09,Not_Found,truck,1,4,True,"['Not_Found', 'Not_Found', 'Not_Found']","['truck', 'truck', 'truck']",No,covered
250,IND0041201020240100659,20_10_2024_10_51_50,Not_Found,truck,1,4,True,"['Not_Found', 'Not_Found', 'non_mining']","['truck', 'truck', 'truck']",No,covered
251,IND0041201020240101016,20_10_2024_14_56_13,covered,mini_truck,1,4,True,"['covered', 'covered', 'covered']","['mini_truck', 'mini_truck', 'mini_truck']",No,covered
252,IND0041201020240200474,20_10_2024_12_16_35,non_mining,truck,2,3,False,"['non_mining', 'non_mining']","['truck', 'truck']",No,non_mining
253,IND0041201020240101562,20_10_2024_21_17_37,Not_Found,truck,1,3,True,"['Not_Found', 'Not_Found']","['truck', 'truck']",No,Not_Found
254,IND0041201020240101654,20_10_2024_22_40_45,Not_Found,truck,1,1,False,"['Not_Found', 'Not_Found']","['truck', 'truck']",No,covered
255,IND0041201020240101561,20_10_2024_21_14_40,Not_Found,truck,1,4,True,"['Not_Found', 'Not_Found', 'Not_Found']","['truck', 'truck', 'truck']",No,non_mining
256,IND0041201020240101622,20_10_2024_22_09_47,Not_Found,truck,1,2,False,"['Not_Found', 'Not_Found', 'Not_Found']","['truck', 'truck', 'truck', 'truck', 'truck', 'truck']",No,covered
257,IND0041201020240101340,20_10_2024_18_33_39,Not_Found,truck,1,3,False,"['Not_Found', 'Not_Found', 'Not_Found']","['truck', 'truck', 'truck', 'truck', 'truck', 'truck', 'truck', 'truck', 'truck']",No,covered
258,IND0041201020240200397,20_10_2024_10_34_37,non_mining,mini_truck,2,4,True,"['non_mining', 'non_mining', 'non_mining']","['mini_truck', 'mini_truck', 'mini_truck']",No,non_mining
259,IND0041201020240101221,20_10_2024_17_10_06,non_mining,truck,1,4,True,"['non_mining', 'non_mining', 'non_mining']","['truck', 'truck', 'truck']",No,non_mining
260,IND0041201020240100753,20_10_2024_12_05_58,covered,mini_truck,1,4,True,"['covered', 'covered', 'covered']","['mini_truck', 'mini_truck', 'mini_truck']",No,covered
261,IND0041201020240100789,20_10_2024_12_27_40,non_mining,truck,1,4,True,"['Not_Found', 'non_mining', 'non_mining']","['truck', 'truck', 'truck']",No,non_mining
262,IND0041201020240100003,20_10_2024_00_04_15,Not_Found,hywa,1,4,True,"['Not_Found', 'Not_Found', 'Not_Found']","['truck', 'truck', 'hywa', 'hywa', 'hywa', 'hywa']",No,mining_full
263,IND0041201020240101616,20_10_2024_22_04_34,Not_Found,mini_truck,1,2,False,['Not_Found'],['mini_truck'],No,Not_Found
264,IND0041201020240101180,20_10_2024_16_49_33,Not_Found,truck,1,4,True,"['Not_Found', 'Not_Found', 'Not_Found']","['truck', 'truck', 'truck']",No,covered
265,IND0041201020240100599,20_10_2024_10_15_28,non_mining,truck,1,4,True,"['non_mining', 'non_mining', 'non_mining']","['truck', 'truck', 'truck']",No,non_mining
266,IND0041201020240100662,20_10_2024_10_52_30,non_mining,truck,1,4,True,"['Not_Found', 'non_mining', 'non_mining']","['truck', 'truck', 'truck']",No,non_mining
267,IND0041201020240200655,20_10_2024_17_17_10,non_mining,mini_truck,2,2,False,"['non_mining', 'non_mining', 'Not_Found']","['mini_truck', 'mini_truck', 'mini_truck']",Yes,non_mining
268,IND0041201020240100326,20_10_2024_06_58_34,mining_full,truck,1,1,False,['mining_full'],['truck'],Yes,mining_full
269,IND0041201020240101406,20_10_2024_19_24_22,Not_Found,truck,1,3,True,"['Not_Found', 'Not_Found']","['truck', 'truck']",No,non_mining
270,IND0041201020240100318,20_10_2024_06_53_23,Not_Found,truck,1,4,True,"['Not_Found', 'Not_Found', 'Not_Found']","['truck', 'truck', 'truck']",No,covered
271,IND0041201020240100540,20_10_2024_09_26_33,non_mining,truck,1,4,True,"['non_mining', 'non_mining', 'non_mining']","['truck', 'truck', 'truck']",No,non_mining
272,IND0041201020240100947,20_10_2024_14_09_01,Not_Found,truck,1,4,True,"['Not_Found', 'Not_Found', 'non_mining']","['truck', 'truck', 'truck']",No,non_mining
273,IND0041201020240200619,20_10_2024_16_09_57,Not_Found,tractor,2,2,False,"['Not_Found', 'Not_Found', 'Not_Found']","['tractor', 'tractor', 'tractor', 'tractor', 'tractor', 'tractor', 'tractor', 'tractor', 'tractor', 'tractor', 'tractor']",No,non_mining
274,IND0041201020240200233,20_10_2024_05_24_42,non_mining,mini_truck,2,4,True,"['non_mining', 'non_mining', 'non_mining']","['mini_truck', 'mini_truck', 'mini_truck']",No,non_mining
275,IND0041201020240200727,20_10_2024_18_48_04,Not_Found,truck,2,4,True,"['Not_Found', 'Not_Found', 'Not_Found']","['truck', 'truck', 'truck']",No,non_mining
276,IND0041201020240200100,20_10_2024_02_32_30,Not_Found,truck,2,4,True,"['Not_Found', 'Not_Found', 'Not_Found']","['truck', 'truck', 'truck']",No,non_mining
277,IND0041201020240101549,20_10_2024_21_05_15,Not_Found,truck,1,3,False,"['Not_Found', 'Not_Found', 'Not_Found']","['truck', 'truck', 'truck', 'truck', 'truck', 'truck', 'truck', 'truck']",No,covered
278,IND0041201020240100951,20_10_2024_14_14_31,Not_Found,truck,1,4,True,"['Not_Found', 'Not_Found', 'Not_Found']","['truck', 'truck', 'truck']",No,Not_Found
279,IND0041201020240101452,20_10_2024_19_58_05,Not_Found,mini_truck,1,2,False,['Not_Found'],['mini_truck'],No,non_mining
280,IND0041201020240200420,20_10_2024_11_08_01,non_mining,truck,2,4,True,"['non_mining', 'non_mining', 'non_mining']","['truck', 'truck', 'truck']",No,non_mining
281,IND0041201020240101655,20_10_2024_22_40_45,Not_Found,truck,1,2,False,"['Not_Found', 'Not_Found', 'Not_Found']","['truck', 'truck', 'truck', 'truck', 'truck']",No,covered
282,IND0041201020240100991,20_10_2024_14_41_03,Not_Found,truck,1,4,True,"['Not_Found', 'Not_Found', 'non_mining']","['truck', 'truck', 'truck']",No,non_mining
283,IND0041201020240101009,20_10_2024_14_53_27,covered,mini_truck,1,4,True,"['covered', 'covered', 'covered']","['mini_truck', 'mini_truck', 'mini_truck']",No,covered
284,IND0041201020240100452,20_10_2024_08_38_23,non_mining,truck,1,4,True,"['non_mining', 'non_mining', 'non_mining']","['truck', 'truck', 'truck']",No,non_mining
285,IND0041201020240100651,20_10_2024_10_46_44,Not_Found,truck,1,4,True,"['Not_Found', 'Not_Found', 'non_mining']","['truck', 'truck', 'truck']",No,non_mining
286,IND0041201020240100317,20_10_2024_06_53_17,Not_Found,truck,1,4,True,"['Not_Found', 'Not_Found', 'Not_Found']","['truck', 'truck', 'truck']",No,covered
287,IND0041201020240200629,20_10_2024_16_30_42,non_mining,mini_truck,2,3,True,"['non_mining', 'non_mining']","['mini_truck', 'mini_truck']",No,non_mining
288,IND0041201020240100014,20_10_2024_00_20_14,Not_Found,truck,1,4,True,"['Not_Found', 'Not_Found', 'Not_Found']","['truck', 'truck', 'truck']",No,covered
289,IND0041201020240100417,20_10_2024_08_13_29,Not_Found,truck,1,4,True,"['Not_Found', 'Not_Found', 'non_mining']","['truck', 'truck', 'truck']",No,non_mining
290,IND0041201020240200484,20_10_2024_12_26_56,Not_Found,mini_truck,2,1,False,['Not_Found'],['mini_truck'],No,non_mining
291,IND0041201020240100689,20_10_2024_11_14_58,non_mining,truck,1,3,True,"['non_mining', 'non_mining']","['truck', 'truck']",No,non_mining
292,IND0041201020240200751,20_10_2024_19_21_28,Not_Found,mini_truck,2,3,False,"['Not_Found', 'Not_Found', 'Not_Found']","['mini_truck', 'mini_truck', 'mini_truck']",No,non_mining
293,IND0041201020240200232,20_10_2024_05_24_15,Not_Found,truck,2,4,True,"['Not_Found', 'Not_Found', 'Not_Found']","['truck', 'truck', 'truck', 'truck', 'truck', 'truck', 'truck', 'truck', 'truck']",No,non_mining
294,IND0041201020240200156,20_10_2024_03_38_00,Not_Found,truck,2,4,True,"['Not_Found', 'Not_Found', 'Not_Found']","['truck', 'truck', 'truck']",No,non_mining
295,IND0041201020240100894,20_10_2024_13_31_37,non_mining,truck,1,4,True,"['Not_Found', 'non_mining', 'non_mining']","['truck', 'truck', 'truck']",No,non_mining
296,IND0041201020240100018,20_10_2024_00_21_52,Not_Found,mini_truck,1,3,False,"['Not_Found', 'Not_Found']","['mini_truck', 'mini_truck']",No,non_mining
297,IND0041201020240100481,20_10_2024_08_54_01,Not_Found,truck,1,4,True,"['Not_Found', 'Not_Found', 'Not_Found']","['truck', 'truck', 'truck']",No,covered
298,IND0041201020240200175,20_10_2024_04_06_36,Not_Found,truck,2,2,False,"['Not_Found', 'Not_Found', 'Not_Found']","['truck', 'truck', 'truck', 'truck', 'truck', 'truck']",No,covered
299,IND0041201020240100831,20_10_2024_12_48_46,non_mining,truck,1,4,True,"['non_mining', 'non_mining', 'non_mining']","['truck', 'truck', 'truck']",No,non_mining
300,IND0041201020240101722,20_10_2024_23_52_51,Not_Found,truck,1,4,True,"['Not_Found', 'Not_Found', 'Not_Found']","['truck', 'truck', 'truck']",No,non_mining
301,IND0041201020240100697,20_10_2024_11_19_32,non_mining,mini_truck,1,4,True,"['non_mining', 'non_mining', 'non_mining']","['mini_truck', 'mini_truck', 'mini_truck']",No,non_mining
302,IND0041201020240101278,20_10_2024_17_49_16,covered,truck,1,3,True,"['covered', 'covered']","['truck', 'truck']",No,covered
303,IND0041201020240100476,20_10_2024_08_51_18,Not_Found,hywa,1,4,True,"['Not_Found', 'Not_Found', 'mining_full']","['hywa', 'hywa', 'hywa', 'hywa']",No,mining_full
304,IND0041201020240200497,20_10_2024_12_48_37,non_mining,truck,2,4,True,"['non_mining', 'non_mining', 'mining_empty']","['truck', 'truck', 'truck']",No,non_mining
305,IND0041201020240101437,20_10_2024_19_48_14,Not_Found,mini_truck,1,4,True,"['Not_Found', 'Not_Found', 'Not_Found']","['mini_truck', 'mini_truck', 'mini_truck']",No,non_mining
306,IND0041201020240101681,20_10_2024_22_58_26,Not_Found,truck,1,2,False,"['Not_Found', 'Not_Found']","['truck', 'truck']",Yes,non_mining
307,IND0041201020240101445,20_10_2024_19_55_02,Not_Found,truck,1,4,True,"['Not_Found', 'Not_Found', 'Not_Found']","['truck', 'truck', 'truck']",No,covered
308,IND0041201020240200231,20_10_2024_05_22_01,Not_Found,truck,2,4,True,"['Not_Found', 'Not_Found', 'Not_Found']","['truck', 'truck', 'truck']",No,non_mining
309,IND0041201020240100266,20_10_2024_05_37_51,Not_Found,truck,1,3,True,"['Not_Found', 'Not_Found']","['truck', 'truck']",No,non_mining
310,IND0041201020240101079,20_10_2024_15_33_04,non_mining,mini_truck,1,4,True,"['non_mining', 'non_mining', 'non_mining']","['mini_truck', 'mini_truck', 'mini_truck']",No,non_mining
311,IND0041201020240100503,20_10_2024_09_04_16,Not_Found,truck,1,4,True,"['Not_Found', 'Not_Found', 'non_mining']","['truck', 'truck', 'truck']",No,covered
312,IND0041201020240200623,20_10_2024_16_17_17,non_mining,mini_truck,2,4,True,"['non_mining', 'non_mining', 'non_mining']","['mini_truck', 'mini_truck', 'mini_truck']",No,non_mining
313,IND0041201020240200288,20_10_2024_07_24_49,non_mining,mini_truck,2,4,True,"['non_mining', 'non_mining', 'non_mining']","['mini_truck', 'mini_truck', 'mini_truck']",No,non_mining
314,IND0041201020240101000,20_10_2024_14_48_54,non_mining,truck,1,3,True,"['non_mining', 'non_mining']","['truck', 'truck']",No,non_mining
315,IND0041201020240101703,20_10_2024_23_32_45,Not_Found,truck,1,1,False,"['Not_Found', 'Not_Found', 'Not_Found']","['truck', 'truck', 'truck', 'truck', 'truck', 'truck']",No,non_mining
316,IND0041201020240200628,20_10_2024_16_27_43,mining_empty,tractor,2,4,True,"['mining_empty', 'mining_empty', 'Not_Found']","['tractor', 'tractor', 'tractor', 'tractor']",No,mining_empty
317,IND0041201020240101279,20_10_2024_17_49_51,non_mining,truck,1,3,False,"['non_mining', 'non_mining']","['truck', 'truck']",No,non_mining
318,IND0041201020240200526,20_10_2024_13_26_29,covered,truck,2,4,True,"['covered', 'covered', 'non_mining']","['truck', 'truck', 'truck']",No,covered
319,IND0041201020240101043,20_10_2024_15_10_11,covered,mini_truck,1,4,True,"['covered', 'covered', 'covered']","['mini_truck', 'mini_truck', 'mini_truck']",No,covered
320,IND0041201020240100415,20_10_2024_08_12_56,Not_Found,truck,1,2,True,['Not_Found'],['truck'],No,mining_full
321,IND0041201020240101108,20_10_2024_15_53_08,Not_Found,truck,1,4,True,"['Not_Found', 'Not_Found', 'Not_Found']","['truck', 'truck', 'truck']",No,covered
322,IND0041201020240100577,20_10_2024_09_58_19,non_mining,truck,1,4,True,"['Not_Found', 'non_mining', 'non_mining']","['truck', 'truck', 'truck']",No,non_mining
323,IND0041201020240101115,20_10_2024_15_56_16,Not_Found,tractor,1,1,False,"['Not_Found', 'Not_Found', 'Not_Found']","['tractor', 'tractor', 'tractor', 'tractor', 'tractor', 'tractor', 'tractor', 'tractor']",No,mining_empty
324,IND0041201020240101686,20_10_2024_23_04_51,Not_Found,truck,1,2,False,"['Not_Found', 'Not_Found', 'Not_Found']","['truck', 'truck', 'truck', 'truck', 'truck', 'truck', 'truck']",No,covered
325,IND0041201020240101404,20_10_2024_19_23_49,Not_Found,truck,1,4,True,"['Not_Found', 'Not_Found', 'Not_Found']","['truck', 'truck', 'truck']",No,covered
326,IND0041201020240100573,20_10_2024_09_54_44,non_mining,truck,1,3,True,"['non_mining', 'non_mining']","['truck', 'truck']",No,non_mining
327,IND0041201020240100938,20_10_2024_14_02_46,Not_Found,hywa,1,4,True,"['non_mining', 'Not_Found', 'Not_Found']","['truck', 'hywa', 'hywa']",No,non_mining
328,IND0041201020240101163,20_10_2024_16_33_03,Not_Found,truck,1,4,True,"['Not_Found', 'Not_Found', 'non_mining']","['truck', 'truck', 'truck']",No,non_mining
329,IND0041201020240101381,20_10_2024_19_01_04,Not_Found,truck,1,4,True,"['Not_Found', 'Not_Found', 'Not_Found']","['truck', 'truck', 'truck', 'truck']",No,non_mining
330,IND0041201020240101377,20_10_2024_18_59_41,Not_Found,mini_truck,1,1,False,"['Not_Found', 'Not_Found', 'Not_Found']","['mini_truck', 'mini_truck', 'mini_truck']",No,non_mining
331,IND0041201020240100549,20_10_2024_09_32_06,Not_Found,truck,1,4,True,"['Not_Found', 'Not_Found', 'non_mining']","['truck', 'truck', 'truck']",No,covered
332,IND0041201020240100383,20_10_2024_07_53_19,covered,truck,1,4,True,"['covered', 'covered', 'covered']","['truck', 'truck', 'truck']",No,covered
333,IND0041201020240100139,20_10_2024_02_27_19,non_mining,truck,1,4,True,"['non_mining', 'non_mining', 'Not_Found']","['truck', 'truck', 'truck']",No,non_mining
334,IND0041201020240100845,20_10_2024_12_56_21,non_mining,truck,1,4,True,"['non_mining', 'non_mining', 'non_mining', 'non_mining', 'non_mining', 'non_mining']","['truck', 'truck', 'truck']",No,non_mining
335,IND0041201020240200673,20_10_2024_17_42_03,non_mining,truck,2,4,True,"['non_mining', 'non_mining', 'non_mining']","['truck', 'truck', 'truck']",No,non_mining
336,IND0041201020240100583,20_10_2024_10_00_32,mining_empty,mini_truck,1,3,True,"['mining_empty', 'Not_Found']","['mini_truck', 'mini_truck']",No,mining_empty
337,IND0041201020240101400,20_10_2024_19_19_03,Not_Found,truck,1,3,True,"['Not_Found', 'Not_Found']","['truck', 'truck']",No,covered
338,IND0041201020240200880,20_10_2024_23_38_39,non_mining,truck,2,1,False,"['non_mining', 'non_mining', 'non_mining']","['truck', 'truck', 'truck', 'truck', 'truck', 'truck']",No,non_mining
339,IND0041201020240100567,20_10_2024_09_48_12,Not_Found,truck,1,4,True,"['Not_Found', 'Not_Found', 'non_mining']","['truck', 'truck', 'truck']",No,Not_Found
340,IND0041201020240100410,20_10_2024_08_10_26,non_mining,truck,1,4,True,"['non_mining', 'non_mining', 'non_mining']","['truck', 'truck', 'truck']",No,non_mining
341,IND0041201020240100155,20_10_2024_02_39_27,Not_Found,mini_truck,1,4,True,"['Not_Found', 'Not_Found', 'Not_Found']","['mini_truck', 'mini_truck', 'mini_truck']",No,non_mining
342,IND0041201020240101131,20_10_2024_16_07_31,Not_Found,hywa,1,4,True,"['Not_Found', 'Not_Found', 'Not_Found']","['truck', 'hywa', 'hywa']",No,mining_full
343,IND0041201020240100968,20_10_2024_14_26_04,non_mining,truck,1,4,True,"['non_mining', 'non_mining', 'non_mining']","['truck', 'truck', 'truck']",No,non_mining
344,IND0041201020240200843,20_10_2024_22_32_59,Not_Found,truck,2,4,True,"['Not_Found', 'Not_Found', 'Not_Found']","['truck', 'truck', 'truck']",No,non_mining
345,IND0041201020240100414,20_10_2024_08_12_38,non_mining,truck,1,3,True,"['non_mining', 'non_mining']","['truck', 'truck']",No,non_mining
346,IND0041201020240101603,20_10_2024_21_52_42,Not_Found,truck,1,3,False,"['Not_Found', 'Not_Found', 'Not_Found']","['truck', 'truck', 'truck', 'truck', 'truck', 'truck', 'truck']",No,mining_empty
347,IND0041201020240200877,20_10_2024_23_32_49,Not_Found,mini_truck,2,2,False,['Not_Found'],['mini_truck'],No,non_mining
348,IND0041201020240200848,20_10_2024_22_37_31,Not_Found,mini_truck,2,2,False,"['Not_Found', 'Not_Found', 'Not_Found']","['mini_truck', 'mini_truck', 'mini_truck']",No,Not_Found
349,IND0041201020240101222,20_10_2024_17_10_42,non_mining,truck,1,4,True,"['Not_Found', 'non_mining', 'non_mining']","['truck', 'truck', 'truck']",No,non_mining
350,IND0041201020240101405,20_10_2024_19_24_12,Not_Found,hywa,1,4,True,"['Not_Found', 'Not_Found', 'Not_Found']","['hywa', 'hywa', 'hywa']",No,non_mining
351,IND0041201020240101090,20_10_2024_15_42_25,non_mining,truck,1,4,True,"['Not_Found', 'non_mining', 'non_mining']","['truck', 'truck', 'truck']",No,non_mining
352,IND0041201020240100289,20_10_2024_06_28_23,covered,truck,1,3,False,"['covered', 'covered', 'covered']","['truck', 'truck', 'truck', 'truck', 'truck', 'truck', 'truck']",No,covered
353,IND0041201020240200506,20_10_2024_12_58_04,non_mining,truck,2,4,True,"['Not_Found', 'non_mining', 'non_mining']","['truck', 'truck', 'truck']",No,non_mining
354,IND0041201020240200651,20_10_2024_17_13_04,non_mining,truck,2,4,True,"['non_mining', 'non_mining', 'non_mining']","['truck', 'truck', 'truck']",No,non_mining
355,IND0041201020240100023,20_10_2024_00_25_08,Not_Found,truck,1,2,False,"['Not_Found', 'Not_Found']","['truck', 'truck']",No,mining_full
356,IND0041201020240101369,20_10_2024_18_51_50,Not_Found,truck,1,1,False,"['Not_Found', 'Not_Found', 'Not_Found']","['truck', 'truck', 'truck']",No,mining_full
357,IND0041201020240200170,20_10_2024_03_57_31,Not_Found,truck,2,1,False,['Not_Found'],['truck'],Yes,covered
358,IND0041201020240100804,20_10_2024_12_33_26,non_mining,truck,1,4,True,"['non_mining', 'non_mining', 'non_mining']","['truck', 'truck', 'truck']",No,non_mining
359,IND0041201020240101525,20_10_2024_20_41_12,Not_Found,truck,1,4,True,"['Not_Found', 'Not_Found', 'non_mining']","['truck', 'truck', 'truck']",No,mining_empty
360,IND0041201020240200006,20_10_2024_00_07_35,Not_Found,mini_truck,2,2,False,['Not_Found'],['mini_truck'],No,non_mining
361,IND0041201020240200214,20_10_2024_04_55_56,Not_Found,truck,2,4,True,"['Not_Found', 'Not_Found', 'Not_Found']","['truck', 'truck', 'truck']",No,non_mining
362,IND0041201020240100840,20_10_2024_12_53_04,non_mining,truck,1,4,True,"['Not_Found', 'non_mining', 'non_mining']","['truck', 'truck', 'truck']",No,non_mining
363,IND0041201020240200432,20_10_2024_11_20_50,covered,truck,2,3,True,"['covered', 'non_mining']","['truck', 'truck']",No,covered
364,IND0041201020240100809,20_10_2024_12_38_54,Not_Found,hywa,1,2,False,"['Not_Found', 'Not_Found', 'Not_Found']","['hywa', 'hywa', 'hywa', 'hywa', 'hywa', 'hywa', 'hywa', 'hywa', 'hywa', 'hywa', 'hywa', 'hywa']",No,mining_full
365,IND0041201020240101447,20_10_2024_19_56_10,Not_Found,truck,1,3,True,"['Not_Found', 'Not_Found']","['truck', 'truck']",No,Not_Found
366,IND0041201020240200358,20_10_2024_09_26_12,Not_Found,hywa,2,3,True,"['Not_Found', 'Not_Found']","['hywa', 'truck']",No,Not_Found
367,IND0041201020240200862,20_10_2024_23_08_22,Not_Found,truck,2,4,True,"['Not_Found', 'Not_Found', 'Not_Found']","['truck', 'truck', 'truck']",No,covered
368,IND0041201020240101434,20_10_2024_19_45_34,Not_Found,truck,1,4,True,"['Not_Found', 'Not_Found', 'Not_Found']","['truck', 'truck', 'truck']",No,non_mining
369,IND0041201020240100719,20_10_2024_11_39_01,Not_Found,truck,1,4,True,"['Not_Found', 'Not_Found', 'Not_Found']","['truck', 'truck', 'truck']",No,covered
370,IND0041201020240100163,20_10_2024_02_47_49,Not_Found,truck,1,1,False,"['Not_Found', 'Not_Found', 'Not_Found']","['truck', 'truck', 'truck', 'truck', 'truck']",No,non_mining
371,IND0041201020240100823,20_10_2024_12_45_35,non_mining,truck,1,4,True,"['Not_Found', 'non_mining', 'non_mining']","['truck', 'truck', 'truck']",No,non_mining
372,IND0041201020240101726,20_10_2024_23_54_22,Not_Found,truck,1,4,True,"['Not_Found', 'Not_Found', 'Not_Found']","['truck', 'truck', 'truck']",No,covered
373,IND0041201020240100218,20_10_2024_04_13_59,Not_Found,truck,1,4,True,"['Not_Found', 'Not_Found', 'Not_Found']","['truck', 'truck', 'truck']",No,covered
374,IND0041201020240200530,20_10_2024_13_36_01,non_mining,truck,2,4,True,"['non_mining', 'non_mining', 'non_mining']","['truck', 'truck', 'truck']",No,non_mining
375,IND0041201020240200281,20_10_2024_07_11_55,non_mining,mini_truck,2,4,True,"['non_mining', 'non_mining', 'non_mining']","['mini_truck', 'mini_truck', 'mini_truck']",No,non_mining
376,IND0041201020240200015,20_10_2024_00_14_23,Not_Found,mini_truck,2,1,False,['Not_Found'],['mini_truck'],No,Not_Found
377,IND0041201020240101563,20_10_2024_21_17_47,Not_Found,hywa,1,1,False,"['Not_Found', 'Not_Found', 'Not_Found']","['truck', 'hywa', 'hywa', 'hywa', 'truck']",No,covered
378,IND0041201020240100325,20_10_2024_06_58_33,Not_Found,truck,1,4,True,"['Not_Found', 'Not_Found', 'Not_Found']","['truck', 'truck', 'hywa']",No,mining_full
379,IND0041201020240101389,20_10_2024_19_11_14,Not_Found,truck,1,1,False,"['Not_Found', 'Not_Found', 'Not_Found']","['truck', 'truck', 'truck', 'truck', 'truck', 'truck', 'truck', 'truck', 'truck', 'truck', 'truck', 'truck']",No,mining_empty
380,IND0041201020240100663,20_10_2024_10_52_51,non_mining,truck,1,4,True,"['Not_Found', 'non_mining', 'non_mining']","['truck', 'truck', 'truck']",No,non_mining
381,IND0041201020240100032,20_10_2024_00_34_44,Not_Found,truck,1,1,False,['Not_Found'],['truck'],Yes,mining_full
382,IND0041201020240101234,20_10_2024_17_19_51,Not_Found,tractor,1,1,False,"['Not_Found', 'Not_Found', 'Not_Found']","['tractor', 'tractor', 'tractor', 'tractor', 'tractor', 'tractor', 'tractor', 'tractor', 'tractor', 'tractor', 'tractor', 'tractor', 'tractor']",No,non_mining
383,IND0041201020240200165,20_10_2024_03_54_14,non_mining,truck,2,4,True,"['Not_Found', 'non_mining', 'non_mining']","['truck', 'truck', 'truck']",No,non_mining
384,IND0041201020240100674,20_10_2024_11_00_42,Not_Found,truck,1,4,True,"['Not_Found', 'Not_Found', 'non_mining']","['truck', 'truck', 'truck']",No,non_mining
385,IND0041201020240101304,20_10_2024_18_16_04,Not_Found,truck,1,4,True,"['Not_Found', 'Not_Found', 'Not_Found']","['truck', 'truck', 'truck']",No,covered
386,IND0041201020240200154,20_10_2024_03_34_56,Not_Found,truck,2,4,True,"['Not_Found', 'Not_Found', 'Not_Found']","['truck', 'truck', 'truck']",No,Not_Found
387,IND0041201020240200375,20_10_2024_09_47_51,mining_empty,tractor,2,1,False,['mining_empty'],['tractor'],No,mining_empty
388,IND0041201020240200404,20_10_2024_10_43_28,covered,mini_truck,2,4,True,"['covered', 'covered', 'Not_Found']","['mini_truck', 'mini_truck', 'mini_truck']",No,covered
389,IND0041201020240200387,20_10_2024_10_17_38,Not_Found,truck,2,4,True,"['Not_Found', 'Not_Found', 'Not_Found']","['truck', 'truck', 'truck']",No,covered
390,IND0041201020240101206,20_10_2024_17_01_42,non_mining,truck,1,4,True,"['Not_Found', 'non_mining', 'non_mining']","['truck', 'truck', 'truck']",No,non_mining
391,IND0041201020240100907,20_10_2024_13_38_56,non_mining,truck,1,4,True,"['non_mining', 'non_mining', 'non_mining']","['truck', 'truck', 'truck']",No,non_mining
392,IND0041201020240200455,20_10_2024_11_55_13,covered,mini_truck,2,4,True,"['covered', 'covered', 'covered']","['mini_truck', 'mini_truck', 'mini_truck']",No,covered
393,IND0041201020240200725,20_10_2024_18_47_46,Not_Found,truck,2,1,False,"['Not_Found', 'Not_Found', 'Not_Found']","['truck', 'truck', 'truck']",No,non_mining
394,IND0041201020240101085,20_10_2024_15_36_57,Not_Found,mini_truck,1,1,False,['Not_Found'],['mini_truck'],No,non_mining
395,IND0041201020240101145,20_10_2024_16_19_23,Not_Found,truck,1,4,True,"['Not_Found', 'Not_Found', 'Not_Found']","['truck', 'truck', 'truck']",No,non_mining
396,IND0041201020240100686,20_10_2024_11_09_12,non_mining,truck,1,4,True,"['Not_Found', 'non_mining', 'non_mining']","['truck', 'truck', 'truck']",No,non_mining
397,IND0041201020240100785,20_10_2024_12_25_15,non_mining,mini_truck,1,3,False,"['non_mining', 'non_mining']","['mini_truck', 'mini_truck']",No,non_mining
398,IND0041201020240101385,20_10_2024_19_05_06,Not_Found,truck,1,4,True,"['Not_Found', 'Not_Found', 'Not_Found']","['truck', 'truck', 'truck']",No,Not_Found
399,IND0041201020240200201,20_10_2024_04_43_26,Not_Found,truck,2,1,False,"['Not_Found', 'Not_Found', 'Not_Found']","['truck', 'truck', 'truck', 'truck']",No,non_mining
400,IND0041201020240100112,20_10_2024_01_40_25,Not_Found,truck,1,4,True,"['Not_Found', 'Not_Found', 'Not_Found']","['truck', 'truck', 'truck']",No,mining_full
401,IND0041201020240101287,20_10_2024_17_57_45,Not_Found,truck,1,1,False,"['Not_Found', 'Not_Found', 'Not_Found']","['truck', 'truck', 'truck', 'truck', 'truck', 'truck', 'truck', 'truck']",No,non_mining
402,IND0041201020240100337,20_10_2024_07_05_30,covered,truck,1,4,True,"['Not_Found', 'covered', 'covered']","['truck', 'truck', 'truck']",No,covered
403,IND0041201020240101534,20_10_2024_20_49_17,Not_Found,truck,1,1,False,"['Not_Found', 'Not_Found', 'Not_Found']","['truck', 'truck', 'truck', 'truck', 'truck', 'truck', 'truck']",No,mining_empty
404,IND0041201020240101720,20_10_2024_23_50_58,Not_Found,truck,1,4,True,"['Not_Found', 'Not_Found', 'Not_Found']","['truck', 'truck', 'truck']",No,covered
405,IND0041201020240100833,20_10_2024_12_49_44,non_mining,truck,1,4,True,"['non_mining', 'non_mining', 'non_mining']","['truck', 'truck', 'truck']",No,non_mining
406,IND0041201020240101096,20_10_2024_15_46_06,non_mining,truck,1,2,False,['non_mining'],['truck'],No,non_mining
407,IND0041201020240101632,20_10_2024_22_18_55,Not_Found,truck,1,4,True,"['Not_Found', 'Not_Found', 'non_mining']","['truck', 'truck', 'truck']",No,non_mining
408,IND0041201020240200819,20_10_2024_21_39_51,Not_Found,truck,2,1,False,['Not_Found'],['truck'],No,non_mining
409,IND0041201020240100675,20_10_2024_11_00_46,non_mining,truck,1,4,True,"['non_mining', 'non_mining', 'non_mining']","['truck', 'truck', 'truck']",No,non_mining
410,IND0041201020240200820,20_10_2024_21_44_18,Not_Found,mini_truck,2,4,True,"['Not_Found', 'Not_Found', 'non_mining']","['mini_truck', 'mini_truck', 'mini_truck']",No,non_mining
411,IND0041201020240100046,20_10_2024_00_46_33,Not_Found,truck,1,2,False,"['Not_Found', 'Not_Found', 'Not_Found']","['truck', 'truck', 'truck', 'truck', 'truck', 'truck', 'truck', 'truck', 'truck', 'truck']",No,covered
412,IND0041201020240101648,20_10_2024_22_39_06,Not_Found,truck,1,4,True,"['Not_Found', 'non_mining', 'Not_Found']","['truck', 'truck', 'truck']",No,covered
413,IND0041201020240100999,20_10_2024_14_48_47,non_mining,truck,1,4,True,"['Not_Found', 'non_mining', 'non_mining']","['truck', 'truck', 'truck']",No,non_mining
414,IND0041201020240101641,20_10_2024_22_30_23,non_mining,truck,1,4,True,"['non_mining', 'non_mining', 'Not_Found']","['truck', 'truck', 'truck']",No,non_mining
415,IND0041201020240100728,20_10_2024_11_45_25,Not_Found,hywa,1,4,True,"['Not_Found', 'Not_Found', 'mining_full']","['hywa', 'hywa', 'hywa']",No,mining_full
416,IND0041201020240100456,20_10_2024_08_41_16,non_mining,truck,1,4,True,"['Not_Found', 'non_mining', 'non_mining']","['truck', 'truck', 'truck']",No,non_mining
417,IND0041201020240101157,20_10_2024_16_27_49,non_mining,truck,1,4,True,"['non_mining', 'non_mining', 'non_mining']","['truck', 'truck', 'truck']",No,non_mining
418,IND0041201020240200427,20_10_2024_11_18_11,non_mining,mini_truck,2,2,False,['non_mining'],['mini_truck'],No,non_mining
419,IND0041201020240200713,20_10_2024_18_38_59,Not_Found,truck,2,3,True,"['Not_Found', 'Not_Found']","['truck', 'truck']",No,non_mining
420,IND0041201020240200038,20_10_2024_00_48_57,Not_Found,truck,2,4,True,"['Not_Found', 'Not_Found', 'Not_Found']","['truck', 'truck', 'truck']",No,mining_full
421,IND0041201020240200858,20_10_2024_22_59_22,Not_Found,mini_truck,2,3,False,"['Not_Found', 'Not_Found']","['mini_truck', 'mini_truck']",No,Not_Found
422,IND0041201020240100334,20_10_2024_07_03_20,non_mining,truck,1,4,True,"['Not_Found', 'non_mining', 'non_mining']","['truck', 'truck', 'truck']",No,non_mining
423,IND0041201020240200315,20_10_2024_08_36_06,non_mining,truck,2,4,True,"['non_mining', 'non_mining', 'non_mining']","['truck', 'truck', 'truck']",No,non_mining
424,IND0041201020240101269,20_10_2024_17_42_58,mining_full,hywa,1,3,False,"['Not_Found', 'mining_full', 'mining_full']","['hywa', 'hywa', 'hywa', 'hywa', 'hywa', 'hywa', 'hywa']",No,mining_full
425,IND0041201020240100885,20_10_2024_13_24_09,non_mining,mini_truck,1,3,False,"['non_mining', 'non_mining']","['mini_truck', 'mini_truck']",No,non_mining
426,IND0041201020240100433,20_10_2024_08_24_21,Not_Found,truck,1,4,True,"['Not_Found', 'Not_Found', 'covered']","['truck', 'truck', 'truck']",No,covered
427,IND0041201020240101619,20_10_2024_22_08_06,Not_Found,truck,1,4,True,"['Not_Found', 'Not_Found', 'Not_Found']","['truck', 'truck', 'truck']",No,mining_full
428,IND0041201020240100396,20_10_2024_08_03_56,non_mining,truck,1,4,True,"['non_mining', 'non_mining', 'non_mining']","['truck', 'truck', 'truck']",No,non_mining
429,IND0041201020240101127,20_10_2024_16_04_54,non_mining,truck,1,4,True,"['non_mining', 'non_mining', 'non_mining']","['truck', 'truck', 'truck']",No,non_mining
430,IND0041201020240101380,20_10_2024_19_00_31,Not_Found,truck,1,4,True,"['Not_Found', 'Not_Found', 'Not_Found']","['truck', 'truck', 'truck']",No,non_mining
431,IND0041201020240100165,20_10_2024_02_51_28,Not_Found,truck,1,1,False,"['Not_Found', 'Not_Found', 'Not_Found']","['truck', 'truck', 'truck', 'truck', 'truck', 'truck', 'truck']",No,covered
432,IND0041201020240101607,20_10_2024_21_55_09,Not_Found,truck,1,4,True,"['Not_Found', 'Not_Found', 'Not_Found']","['truck', 'truck', 'truck']",No,covered
433,IND0041201020240200654,20_10_2024_17_17_08,Not_Found,truck,2,4,True,"['Not_Found', 'Not_Found', 'non_mining']","['truck', 'truck', 'truck']",No,covered
434,IND0041201020240101156,20_10_2024_16_27_38,covered,truck,1,4,True,"['covered', 'covered', 'covered']","['truck', 'truck', 'truck']",No,covered
435,IND0041201020240101508,20_10_2024_20_34_34,Not_Found,truck,1,2,False,['Not_Found'],['truck'],Yes,mining_empty
436,IND0041201020240100371,20_10_2024_07_39_20,non_mining,truck,1,4,True,"['non_mining', 'non_mining', 'non_mining']","['truck', 'truck', 'truck']",No,non_mining
437,IND0041201020240101258,20_10_2024_17_34_17,non_mining,mini_truck,1,4,True,"['covered', 'non_mining', 'non_mining']","['mini_truck', 'mini_truck', 'mini_truck']",No,non_mining
438,IND0041201020240200036,20_10_2024_00_48_37,Not_Found,mini_truck,2,2,False,['Not_Found'],['mini_truck'],No,covered
439,IND0041201020240200509,20_10_2024_12_59_28,non_mining,mini_truck,2,4,True,"['non_mining', 'non_mining', 'non_mining']","['mini_truck', 'mini_truck', 'mini_truck']",No,non_mining
440,IND0041201020240100361,20_10_2024_07_29_18,non_mining,truck,1,4,True,"['Not_Found', 'non_mining', 'non_mining']","['truck', 'truck', 'truck']",No,non_mining
441,IND0041201020240200823,20_10_2024_21_53_23,non_mining,truck,2,4,True,"['Not_Found', 'non_mining', 'non_mining']","['truck', 'truck', 'truck']",No,non_mining
442,IND0041201020240200126,20_10_2024_02_58_56,Not_Found,truck,2,4,True,"['Not_Found', 'Not_Found', 'Not_Found']","['truck', 'truck', 'truck']",No,covered
443,IND0041201020240101049,20_10_2024_15_14_40,Not_Found,truck,1,4,True,"['Not_Found', 'Not_Found', 'non_mining']","['truck', 'truck', 'truck']",No,non_mining
444,IND0041201020240200060,20_10_2024_01_21_15,Not_Found,truck,2,3,False,"['Not_Found', 'Not_Found', 'Not_Found']","['truck', 'truck', 'truck', 'truck', 'truck', 'truck', 'truck']",No,non_mining
445,IND0041201020240200212,20_10_2024_04_50_56,Not_Found,truck,2,1,False,"['Not_Found', 'Not_Found', 'Not_Found']","['truck', 'truck', 'truck', 'truck', 'truck']",No,non_mining
446,IND0041201020240200431,20_10_2024_11_20_44,Not_Found,mini_truck,2,2,False,"['Not_Found', 'Not_Found']","['mini_truck', 'mini_truck']",No,non_mining
447,IND0041201020240101349,20_10_2024_18_39_38,Not_Found,mini_truck,1,2,False,"['Not_Found', 'Not_Found']","['mini_truck', 'mini_truck']",No,Not_Found
448,IND0041201020240100590,20_10_2024_10_06_44,Not_Found,truck,1,4,True,"['Not_Found', 'Not_Found', 'Not_Found']","['truck', 'truck', 'truck']",No,covered
449,IND0041201020240100436,20_10_2024_08_26_25,Not_Found,truck,1,4,True,"['Not_Found', 'Not_Found', 'non_mining']","['truck', 'truck', 'truck']",No,covered
450,IND0041201020240100736,20_10_2024_11_49_12,Not_Found,truck,1,4,True,"['Not_Found', 'Not_Found', 'Not_Found']","['truck', 'truck', 'truck']",No,covered
451,IND0041201020240101537,20_10_2024_20_51_02,non_mining,mini_truck,1,4,True,"['non_mining', 'non_mining', 'non_mining']","['mini_truck', 'mini_truck', 'mini_truck']",No,non_mining
452,IND0041201020240100874,20_10_2024_13_12_56,non_mining,truck,1,4,True,"['Not_Found', 'non_mining', 'non_mining']","['truck', 'truck', 'truck']",No,non_mining
453,IND0041201020240100949,20_10_2024_14_12_35,non_mining,truck,1,4,True,"['non_mining', 'non_mining', 'non_mining']","['truck', 'truck', 'truck']",No,non_mining
454,IND0041201020240101479,20_10_2024_20_16_56,Not_Found,truck,1,1,False,"['Not_Found', 'Not_Found', 'Not_Found']","['truck', 'truck', 'truck', 'truck', 'truck']",No,non_mining
455,IND0041201020240100746,20_10_2024_12_02_12,non_mining,truck,1,4,True,"['non_mining', 'non_mining', 'non_mining']","['truck', 'truck', 'truck']",No,non_mining
456,IND0041201020240200585,20_10_2024_14_48_20,non_mining,truck,2,4,True,"['non_mining', 'non_mining', 'non_mining']","['truck', 'truck', 'truck']",No,non_mining
457,IND0041201020240200557,20_10_2024_14_02_08,non_mining,truck,2,4,True,"['Not_Found', 'non_mining', 'non_mining']","['truck', 'truck', 'truck']",No,non_mining
458,IND0041201020240100943,20_10_2024_14_06_59,non_mining,truck,1,4,True,"['non_mining', 'non_mining', 'non_mining']","['truck', 'truck', 'truck']",No,non_mining
459,IND0041201020240100915,20_10_2024_13_46_27,Not_Found,truck,1,4,True,"['Not_Found', 'Not_Found', 'non_mining']","['truck', 'truck', 'truck']",No,non_mining
460,IND0041201020240101066,20_10_2024_15_24_10,non_mining,truck,1,4,True,"['non_mining', 'non_mining', 'non_mining']","['truck', 'truck', 'truck']",No,non_mining
461,IND0041201020240200245,20_10_2024_05_43_25,Not_Found,truck,2,1,False,['Not_Found'],['truck'],Yes,covered
462,IND0041201020240100368,20_10_2024_07_36_45,Not_Found,hywa,1,3,False,"['Not_Found', 'Not_Found', 'Not_Found']","['hywa', 'hywa', 'hywa', 'hywa', 'hywa']",No,mining_full
463,IND0041201020240100324,20_10_2024_06_57_13,Not_Found,truck,1,4,True,"['Not_Found', 'Not_Found', 'non_mining']","['truck', 'truck', 'truck']",No,covered
464,IND0041201020240200511,20_10_2024_13_01_07,non_mining,mini_truck,2,4,True,"['non_mining', 'non_mining', 'non_mining']","['mini_truck', 'mini_truck', 'mini_truck']",No,non_mining
465,IND0041201020240101584,20_10_2024_21_37_11,non_mining,mini_truck,1,2,False,"['non_mining', 'non_mining', 'non_mining']","['mini_truck', 'mini_truck', 'mini_truck', 'mini_truck', 'mini_truck', 'mini_truck']",No,non_mining
466,IND0041201020240200012,20_10_2024_00_12_29,Not_Found,mini_truck,2,2,False,['Not_Found'],['mini_truck'],No,
467,IND0041201020240200562,20_10_2024_14_12_51,non_mining,truck,2,4,True,"['non_mining', 'non_mining', 'mining_empty']","['truck', 'truck', 'truck']",No,non_mining
468,IND0041201020240101683,20_10_2024_23_02_57,Not_Found,truck,1,1,False,"['Not_Found', 'Not_Found', 'Not_Found']","['truck', 'truck', 'truck', 'truck', 'truck', 'truck', 'truck', 'truck']",No,non_mining
469,IND0041201020240200361,20_10_2024_09_28_41,Not_Found,tractor,2,4,True,"['Not_Found', 'Not_Found', 'Not_Found']","['tractor', 'tractor', 'tractor', 'tractor', 'tractor', 'tractor', 'tractor', 'tractor']",No,non_mining
470,IND0041201020240200524,20_10_2024_13_21_51,non_mining,mini_truck,2,4,True,"['non_mining', 'non_mining', 'covered']","['mini_truck', 'mini_truck', 'mini_truck']",No,non_mining
471,IND0041201020240100730,20_10_2024_11_46_21,Not_Found,truck,1,4,True,"['Not_Found', 'non_mining', 'Not_Found']","['truck', 'truck', 'truck']",No,covered
472,IND0041201020240101305,20_10_2024_18_17_28,Not_Found,mini_truck,1,4,True,"['Not_Found', 'Not_Found', 'Not_Found']","['mini_truck', 'mini_truck', 'mini_truck']",No,non_mining
473,IND0041201020240101146,20_10_2024_16_20_32,non_mining,truck,1,4,True,"['non_mining', 'non_mining', 'non_mining']","['truck', 'truck', 'truck']",No,non_mining
474,IND0041201020240100520,20_10_2024_09_14_26,non_mining,truck,1,4,True,"['non_mining', 'non_mining', 'non_mining']","['truck', 'truck', 'truck']",No,non_mining
475,IND0041201020240200123,20_10_2024_02_55_18,Not_Found,truck,2,4,True,"['Not_Found', 'Not_Found', 'Not_Found']","['truck', 'truck', 'truck']",No,covered
476,IND0041201020240100082,20_10_2024_01_08_50,Not_Found,truck,1,4,True,"['Not_Found', 'Not_Found', 'Not_Found']","['truck', 'truck', 'truck']",No,non_mining
477,IND0041201020240100929,20_10_2024_13_55_07,non_mining,truck,1,4,True,"['non_mining', 'non_mining', 'non_mining']","['truck', 'truck', 'truck']",No,non_mining
478,IND0041201020240200611,20_10_2024_15_52_33,Not_Found,truck,2,4,True,"['Not_Found', 'Not_Found', 'Not_Found']","['truck', 'truck', 'truck']",No,mining_full
479,IND0041201020240100039,20_10_2024_00_39_11,Not_Found,truck,1,4,True,"['Not_Found', 'Not_Found', 'Not_Found']","['truck', 'truck', 'truck']",No,covered
480,IND0041201020240101093,20_10_2024_15_43_44,Not_Found,hywa,1,4,True,"['Not_Found', 'Not_Found', 'mining_empty']","['hywa', 'hywa', 'hywa']",No,mining_full
481,IND0041201020240100734,20_10_2024_11_48_23,Not_Found,truck,1,3,True,"['Not_Found', 'Not_Found']","['truck', 'truck']",No,covered
482,IND0041201020240200439,20_10_2024_11_32_50,non_mining,mini_truck,2,4,True,"['non_mining', 'non_mining', 'non_mining']","['mini_truck', 'mini_truck', 'mini_truck']",No,non_mining
483,IND0041201020240101356,20_10_2024_18_43_28,Not_Found,truck,1,1,False,['Not_Found'],['truck'],No,covered
484,IND0041201020240101290,20_10_2024_18_00_48,non_mining,truck,1,4,True,"['non_mining', 'non_mining', 'non_mining']","['truck', 'truck', 'truck']",No,non_mining
485,IND0041201020240200325,20_10_2024_08_49_08,Not_Found,tractor,2,1,False,['Not_Found'],['tractor'],No,non_mining
486,IND0041201020240100518,20_10_2024_09_11_55,non_mining,truck,1,4,True,"['Not_Found', 'non_mining', 'non_mining']","['truck', 'truck', 'truck']",No,non_mining
487,IND0041201020240101064,20_10_2024_15_23_04,covered,truck,1,4,True,"['non_mining', 'covered', 'covered']","['truck', 'truck', 'truck']",No,covered
488,IND0041201020240200638,20_10_2024_16_49_11,non_mining,truck,2,4,True,"['Not_Found', 'non_mining', 'non_mining']","['truck', 'truck', 'truck']",No,non_mining
489,IND0041201020240100183,20_10_2024_03_17_18,Not_Found,truck,1,1,False,"['Not_Found', 'Not_Found']","['truck', 'truck']",Yes,non_mining
490,IND0041201020240101669,20_10_2024_22_50_54,Not_Found,mini_truck,1,1,False,"['Not_Found', 'Not_Found']","['mini_truck', 'mini_truck']",No,non_mining
491,IND0041201020240100760,20_10_2024_12_10_10,Not_Found,truck,1,4,True,"['Not_Found', 'Not_Found', 'Not_Found']","['truck', 'truck', 'truck']",No,covered
492,IND0041201020240101092,20_10_2024_15_43_25,non_mining,truck,1,4,True,"['non_mining', 'non_mining', 'non_mining']","['truck', 'truck', 'truck']",No,non_mining
493,IND0041201020240101331,20_10_2024_18_25_36,Not_Found,truck,1,1,False,"['Not_Found', 'Not_Found', 'Not_Found']","['truck', 'truck', 'truck', 'truck', 'truck', 'truck', 'truck']",No,mining_full
494,IND0041201020240100955,20_10_2024_14_16_19,non_mining,truck,1,4,True,"['non_mining', 'non_mining', 'non_mining']","['truck', 'truck', 'truck']",No,non_mining
495,IND0041201020240200536,20_10_2024_13_41_18,covered,mini_truck,2,4,True,"['covered', 'covered', 'covered']","['mini_truck', 'mini_truck', 'mini_truck']",No,covered
496,IND0041201020240101296,20_10_2024_18_07_07,Not_Found,truck,1,1,False,"['Not_Found', 'Not_Found', 'Not_Found']","['truck', 'truck', 'truck', 'truck', 'truck', 'truck', 'truck', 'truck']",No,non_mining
497,IND0041201020240200816,20_10_2024_21_30_35,Not_Found,truck,2,4,True,"['Not_Found', 'Not_Found', 'Not_Found']","['truck', 'truck', 'truck', 'truck']",No,non_mining
498,IND0041201020240200632,20_10_2024_16_41_37,non_mining,mini_truck,2,1,False,"['non_mining', 'non_mining', 'non_mining']","['mini_truck', 'mini_truck', 'mini_truck']",Yes,non_mining
499,IND0041201020240101713,20_10_2024_23_45_35,Not_Found,truck,1,4,True,"['Not_Found', 'Not_Found', 'Not_Found']","['truck', 'truck', 'truck']",No,covered
500,IND0041201020240101272,20_10_2024_17_44_10,Not_Found,truck,1,4,True,"['Not_Found', 'Not_Found', 'non_mining']","['truck', 'truck', 'truck']",No,covered
501,IND0041201020240100366,20_10_2024_07_33_49,non_mining,truck,1,4,True,"['Not_Found', 'non_mining', 'non_mining']","['truck', 'truck', 'truck']",No,non_mining
502,IND0041201020240200574,20_10_2024_14_33_28,Not_Found,mini_truck,2,1,False,"['Not_Found', 'Not_Found']","['mini_truck', 'mini_truck']",No,non_mining
503,IND0041201020240200104,20_10_2024_02_34_39,Not_Found,truck,2,4,True,"['Not_Found', 'Not_Found', 'Not_Found']","['truck', 'truck', 'truck']",No,mining_full
504,IND0041201020240100814,20_10_2024_12_40_01,mining_full,hywa,1,3,False,"['Not_Found', 'mining_full', 'mining_full']","['hywa', 'hywa', 'hywa', 'hywa']",No,mining_full
505,IND0041201020240200186,20_10_2024_04_19_03,Not_Found,truck,2,4,True,"['Not_Found', 'Not_Found', 'Not_Found']","['truck', 'truck', 'truck']",No,covered
506,IND0041201020240200334,20_10_2024_08_58_52,non_mining,truck,2,4,True,"['Not_Found', 'non_mining', 'non_mining']","['truck', 'truck', 'truck']",No,non_mining
507,IND0041201020240100666,20_10_2024_10_55_11,non_mining,truck,1,4,True,"['non_mining', 'non_mining', 'non_mining']","['truck', 'truck', 'truck']",No,non_mining
508,IND0041201020240200890,20_10_2024_23_57_03,Not_Found,truck,2,3,True,"['Not_Found', 'Not_Found']","['truck', 'truck']",No,non_mining
509,IND0041201020240100673,20_10_2024_11_00_28,non_mining,mini_truck,1,2,False,['non_mining'],['mini_truck'],No,non_mining
510,IND0041201020240100043,20_10_2024_00_42_18,Not_Found,truck,1,4,True,"['Not_Found', 'Not_Found', 'Not_Found']","['truck', 'truck', 'truck']",No,mining_full
511,IND0041201020240100270,20_10_2024_05_45_54,Not_Found,truck,1,4,True,"['Not_Found', 'Not_Found', 'Not_Found']","['truck', 'truck', 'truck']",No,covered
512,IND0041201020240200441,20_10_2024_11_34_40,covered,truck,2,4,True,"['covered', 'covered', 'covered']","['truck', 'truck', 'truck']",No,covered
513,IND0041201020240101695,20_10_2024_23_20_10,Not_Found,truck,1,4,True,"['Not_Found', 'Not_Found', 'Not_Found']","['truck', 'truck', 'truck']",No,non_mining
514,IND0041201020240101432,20_10_2024_19_44_45,Not_Found,mini_truck,1,2,False,"['Not_Found', 'Not_Found', 'Not_Found']","['mini_truck', 'mini_truck', 'mini_truck', 'mini_truck', 'mini_truck', 'mini_truck', 'mini_truck']",No,non_mining
515,IND0041201020240100106,20_10_2024_01_30_53,Not_Found,truck,1,1,False,"['Not_Found', 'Not_Found', 'Not_Found']","['truck', 'truck', 'truck', 'truck', 'truck']",No,mining_full
516,IND0041201020240101596,20_10_2024_21_44_08,Not_Found,truck,1,4,True,"['Not_Found', 'Not_Found', 'Not_Found']","['truck', 'truck', 'truck']",No,non_mining
517,IND0041201020240100936,20_10_2024_14_02_16,non_mining,mini_truck,1,2,False,['non_mining'],['mini_truck'],No,non_mining
518,IND0041201020240100474,20_10_2024_08_50_26,non_mining,mini_truck,1,4,True,"['covered', 'non_mining', 'non_mining']","['mini_truck', 'mini_truck', 'mini_truck']",No,non_mining
519,IND0041201020240100376,20_10_2024_07_47_15,Not_Found,hywa,1,4,True,"['Not_Found', 'Not_Found', 'non_mining']","['hywa', 'hywa', 'hywa']",No,mining_full
520,IND0041201020240101224,20_10_2024_17_13_50,non_mining,truck,1,4,True,"['Not_Found', 'non_mining', 'non_mining']","['truck', 'truck', 'truck']",No,non_mining
521,IND0041201020240100352,20_10_2024_07_20_37,non_mining,truck,1,4,True,"['non_mining', 'non_mining', 'non_mining']","['truck', 'truck', 'truck']",No,non_mining
522,IND0041201020240100493,20_10_2024_08_59_36,covered,truck,1,4,True,"['Not_Found', 'covered', 'covered']","['truck', 'truck', 'truck']",No,covered
523,IND0041201020240200649,20_10_2024_17_04_59,non_mining,truck,2,4,True,"['non_mining', 'non_mining', 'non_mining']","['truck', 'truck', 'truck']",No,non_mining
524,IND0041201020240101255,20_10_2024_17_33_21,non_mining,mini_truck,1,4,True,"['non_mining', 'non_mining', 'non_mining']","['mini_truck', 'mini_truck', 'mini_truck']",No,non_mining
525,IND0041201020240200164,20_10_2024_03_53_19,Not_Found,truck,2,4,True,"['Not_Found', 'Not_Found', 'Not_Found']","['truck', 'truck', 'truck']",No,non_mining
526,IND0041201020240100373,20_10_2024_07_41_31,non_mining,truck,1,4,True,"['Not_Found', 'non_mining', 'non_mining']","['truck', 'truck', 'truck']",No,non_mining
527,IND0041201020240200541,20_10_2024_13_50_16,non_mining,truck,2,4,True,"['non_mining', 'non_mining', 'non_mining']","['truck', 'truck', 'truck']",No,non_mining
528,IND0041201020240200367,20_10_2024_09_38_28,non_mining,truck,2,4,True,"['non_mining', 'non_mining', 'non_mining']","['truck', 'truck', 'truck']",No,non_mining
529,IND0041201020240100354,20_10_2024_07_22_44,Not_Found,truck,1,4,True,"['Not_Found', 'Not_Found', 'Not_Found']","['truck', 'truck', 'truck']",No,covered
530,IND0041201020240100708,20_10_2024_11_29_17,mining_empty,truck,1,4,True,"['mining_empty', 'mining_empty', 'mining_empty']","['truck', 'truck', 'truck']",No,mining_empty
531,IND0041201020240200360,20_10_2024_09_27_49,mining_empty,truck,2,4,True,"['non_mining', 'mining_empty', 'mining_empty']","['truck', 'truck', 'truck']",No,mining_empty
532,IND0041201020240101415,20_10_2024_19_31_28,Not_Found,truck,1,4,True,"['Not_Found', 'Not_Found', 'Not_Found']","['truck', 'truck', 'truck']",No,covered
533,IND0041201020240200419,20_10_2024_11_02_55,covered,truck,2,4,True,"['covered', 'covered', 'covered']","['truck', 'truck', 'truck']",No,covered
534,IND0041201020240101196,20_10_2024_16_57_46,Not_Found,truck,1,4,True,"['Not_Found', 'Not_Found', 'Not_Found']","['truck', 'truck', 'truck']",No,covered
535,IND0041201020240100837,20_10_2024_12_50_23,non_mining,truck,1,4,True,"['non_mining', 'non_mining', 'non_mining']","['truck', 'truck', 'truck']",No,non_mining
536,IND0041201020240101615,20_10_2024_22_04_08,Not_Found,truck,1,4,True,"['Not_Found', 'Not_Found', 'Not_Found']","['truck', 'truck', 'truck']",No,non_mining
537,IND0041201020240200127,20_10_2024_03_01_47,Not_Found,truck,2,3,True,"['Not_Found', 'Not_Found']","['truck', 'truck']",No,non_mining
538,IND0041201020240200876,20_10_2024_23_29_36,Not_Found,truck,2,4,True,"['Not_Found', 'Not_Found', 'Not_Found']","['truck', 'truck', 'truck']",No,covered
539,IND0041201020240200561,20_10_2024_14_09_37,non_mining,mini_truck,2,4,True,"['non_mining', 'non_mining', 'non_mining']","['mini_truck', 'mini_truck', 'mini_truck']",No,non_mining
540,IND0041201020240200721,20_10_2024_18_45_23,Not_Found,mini_truck,2,1,False,"['Not_Found', 'Not_Found']","['mini_truck', 'mini_truck']",No,Not_Found
541,IND0041201020240200448,20_10_2024_11_44_20,non_mining,mini_truck,2,3,True,"['non_mining', 'non_mining']","['mini_truck', 'mini_truck']",No,non_mining
542,IND0041201020240200739,20_10_2024_19_05_03,Not_Found,mini_truck,2,4,True,"['Not_Found', 'Not_Found', 'Not_Found']","['mini_truck', 'mini_truck', 'mini_truck']",No,non_mining
543,IND0041201020240101112,20_10_2024_15_54_49,covered,hywa,1,4,True,"['Not_Found', 'covered', 'covered']","['hywa', 'hywa', 'hywa']",No,mining_full
544,IND0041201020240200111,20_10_2024_02_42_21,Not_Found,truck,2,3,True,"['Not_Found', 'Not_Found']","['truck', 'truck']",No,non_mining
545,IND0041201020240200409,20_10_2024_10_51_29,non_mining,truck,2,4,True,"['Not_Found', 'non_mining', 'non_mining']","['truck', 'truck', 'truck', 'truck']",No,non_mining
546,IND0041201020240100146,20_10_2024_02_34_53,Not_Found,truck,1,4,True,"['Not_Found', 'Not_Found', 'non_mining']","['truck', 'truck', 'truck']",No,mining_full
547,IND0041201020240100062,20_10_2024_00_56_30,Not_Found,truck,1,2,False,['Not_Found'],['truck'],No,mining_full
548,IND0041201020240100593,20_10_2024_10_08_11,Not_Found,truck,1,2,False,['Not_Found'],['truck'],No,mining_full
549,IND0041201020240101469,20_10_2024_20_09_42,Not_Found,truck,1,4,True,"['Not_Found', 'Not_Found', 'Not_Found']","['truck', 'truck', 'truck']",No,non_mining
550,IND0041201020240200499,20_10_2024_12_52_12,non_mining,mini_truck,2,4,True,"['non_mining', 'non_mining', 'non_mining']","['mini_truck', 'mini_truck', 'mini_truck']",No,non_mining
551,IND0041201020240200835,20_10_2024_22_22_37,Not_Found,truck,2,3,False,"['Not_Found', 'Not_Found', 'Not_Found']","['truck', 'truck', 'truck', 'truck', 'truck', 'truck', 'truck', 'truck', 'truck', 'truck']",No,non_mining
552,IND0041201020240200107,20_10_2024_02_34_46,Not_Found,truck,2,1,False,['Not_Found'],['truck'],Yes,mining_full
553,IND0041201020240100030,20_10_2024_00_32_02,Not_Found,truck,1,4,True,"['Not_Found', 'Not_Found', 'Not_Found']","['truck', 'truck', 'truck']",No,mining_full
554,IND0041201020240100149,20_10_2024_02_35_36,Not_Found,truck,1,3,True,"['Not_Found', 'Not_Found']","['truck', 'truck']",No,non_mining
555,IND0041201020240200307,20_10_2024_08_23_01,covered,truck,2,1,False,"['non_mining', 'covered', 'covered']","['truck', 'truck', 'truck', 'truck', 'truck', 'truck', 'truck', 'truck']",No,covered
556,IND0041201020240100364,20_10_2024_07_31_40,mining_empty,truck,1,3,False,"['mining_empty', 'mining_empty', 'mining_empty']","['truck', 'truck', 'truck', 'truck', 'truck', 'truck', 'truck', 'truck']",No,mining_empty
557,IND0041201020240200482,20_10_2024_12_25_27,non_mining,tractor,2,4,True,"['non_mining', 'non_mining', 'non_mining']","['tractor', 'tractor', 'tractor', 'tractor', 'tractor', 'tractor', 'tractor', 'tractor', 'tractor', 'tractor', 'tractor', 'tractor']",No,non_mining
558,IND0041201020240100169,20_10_2024_02_58_20,Not_Found,truck,1,3,False,"['Not_Found', 'Not_Found', 'Not_Found']","['truck', 'truck', 'truck', 'truck', 'truck', 'truck', 'truck']",No,non_mining
559,IND0041201020240100037,20_10_2024_00_38_05,Not_Found,truck,1,4,True,"['Not_Found', 'Not_Found', 'Not_Found']","['truck', 'truck', 'truck']",No,non_mining
560,IND0041201020240200092,20_10_2024_02_17_48,Not_Found,mini_truck,2,1,False,"['Not_Found', 'Not_Found']","['mini_truck', 'mini_truck']",No,covered
561,IND0041201020240100864,20_10_2024_13_07_46,non_mining,truck,1,4,True,"['Not_Found', 'non_mining', 'non_mining']","['truck', 'truck', 'truck']",No,non_mining
562,IND0041201020240200804,20_10_2024_20_56_10,Not_Found,mini_truck,2,4,True,"['Not_Found', 'non_mining', 'Not_Found']","['mini_truck', 'mini_truck', 'mini_truck']",No,non_mining
563,IND0041201020240200031,20_10_2024_00_45_34,Not_Found,truck,2,4,True,"['Not_Found', 'Not_Found', 'non_mining']","['truck', 'truck', 'truck']",No,covered
564,IND0041201020240200714,20_10_2024_18_40_50,Not_Found,truck,2,1,False,['Not_Found'],['truck'],No,non_mining
565,IND0041201020240100024,20_10_2024_00_25_28,Not_Found,truck,1,3,True,"['Not_Found', 'Not_Found']","['truck', 'truck']",No,non_mining
566,IND0041201020240100348,20_10_2024_07_18_13,Not_Found,truck,1,4,True,"['Not_Found', 'Not_Found', 'Not_Found']","['truck', 'truck', 'truck']",No,covered
567,IND0041201020240200466,20_10_2024_12_08_35,Not_Found,tractor,2,1,False,"['Not_Found', 'Not_Found', 'Not_Found']","['tractor', 'tractor', 'tractor', 'tractor', 'tractor', 'tractor', 'tractor', 'tractor', 'tractor', 'tractor']",No,non_mining
568,IND0041201020240200295,20_10_2024_07_51_44,Not_Found,truck,2,4,True,"['Not_Found', 'Not_Found', 'Not_Found']","['truck', 'truck', 'truck', 'truck']",No,covered
569,IND0041201020240100058,20_10_2024_00_53_41,Not_Found,truck,1,3,False,"['Not_Found', 'Not_Found']","['truck', 'truck']",No,covered
570,IND0041201020240200166,20_10_2024_03_55_11,Not_Found,truck,2,1,False,"['Not_Found', 'Not_Found', 'Not_Found']","['truck', 'truck', 'truck', 'truck', 'truck', 'truck', 'truck']",No,mining_full
571,IND0041201020240100137,20_10_2024_02_24_41,Not_Found,truck,1,2,False,"['Not_Found', 'Not_Found', 'Not_Found']","['truck', 'truck', 'truck', 'truck', 'truck', 'truck']",No,mining_full
572,IND0041201020240101315,20_10_2024_18_20_31,Not_Found,truck,1,4,True,"['Not_Found', 'Not_Found', 'Not_Found']","['truck', 'truck', 'truck']",No,non_mining
573,IND0041201020240100858,20_10_2024_13_05_30,Not_Found,truck,1,4,True,"['Not_Found', 'Not_Found', 'non_mining']","['truck', 'truck', 'truck']",No,covered
574,IND0041201020240100680,20_10_2024_11_06_27,covered,truck,1,4,True,"['covered', 'covered', 'covered']","['truck', 'truck', 'truck']",No,covered
575,IND0041201020240200812,20_10_2024_21_26_53,Not_Found,truck,2,1,False,['Not_Found'],['truck'],No,non_mining
576,IND0041201020240101640,20_10_2024_22_28_14,Not_Found,truck,1,4,True,"['Not_Found', 'Not_Found', 'Not_Found']","['truck', 'truck', 'truck', 'truck', 'truck', 'truck']",No,covered
577,IND0041201020240100380,20_10_2024_07_49_12,non_mining,truck,1,4,True,"['non_mining', 'non_mining', 'non_mining']","['truck', 'truck', 'truck']",No,non_mining
578,IND0041201020240100937,20_10_2024_14_02_39,non_mining,truck,1,4,True,"['non_mining', 'non_mining', 'non_mining']","['truck', 'truck', 'truck']",No,non_mining
579,IND0041201020240200603,20_10_2024_15_35_03,Not_Found,tractor,2,4,True,"['Not_Found', 'Not_Found', 'Not_Found']","['tractor', 'tractor', 'tractor', 'tractor', 'tractor', 'tractor', 'tractor', 'tractor', 'tractor', 'tractor', 'tractor', 'tractor', 'tractor', 'tractor', 'tractor', 'tractor']",No,covered
580,IND0041201020240200285,20_10_2024_07_22_24,non_mining,truck,2,4,True,"['non_mining', 'non_mining', 'non_mining']","['truck', 'truck', 'truck']",No,non_mining
581,IND0041201020240200608,20_10_2024_15_39_57,covered,truck,2,4,True,"['covered', 'covered', 'covered']","['truck', 'truck', 'truck']",No,covered
582,IND0041201020240100141,20_10_2024_02_31_54,Not_Found,truck,1,1,False,"['Not_Found', 'Not_Found']","['truck', 'truck']",No,mining_full
583,IND0041201020240101586,20_10_2024_21_38_35,Not_Found,truck,1,3,True,"['Not_Found', 'Not_Found']","['truck', 'truck']",No,mining_full
584,IND0041201020240101098,20_10_2024_15_48_13,non_mining,mini_truck,1,4,True,"['non_mining', 'non_mining', 'non_mining']","['mini_truck', 'mini_truck', 'mini_truck']",No,non_mining
585,IND0041201020240200308,20_10_2024_08_23_02,non_mining,truck,2,4,True,"['non_mining', 'non_mining', 'non_mining']","['truck', 'truck', 'truck']",Yes,non_mining
586,IND0041201020240101579,20_10_2024_21_27_11,Not_Found,truck,1,1,False,"['Not_Found', 'Not_Found', 'Not_Found']","['truck', 'truck', 'truck']",No,non_mining
587,IND0041201020240200847,20_10_2024_22_37_09,Not_Found,mini_truck,2,4,True,"['Not_Found', 'Not_Found', 'Not_Found']","['mini_truck', 'mini_truck', 'mini_truck']",No,non_mining
588,IND0041201020240100716,20_10_2024_11_37_25,Not_Found,hywa,1,4,True,"['Not_Found', 'mining_full', 'mining_empty']","['hywa', 'hywa', 'hywa']",No,mining_full
589,IND0041201020240100188,20_10_2024_03_22_52,Not_Found,truck,1,2,False,"['Not_Found', 'Not_Found', 'Not_Found']","['truck', 'truck', 'truck', 'truck', 'truck', 'truck', 'truck']",No,mining_empty
590,IND0041201020240101186,20_10_2024_16_52_45,non_mining,mini_truck,1,4,True,"['non_mining', 'non_mining', 'non_mining']","['mini_truck', 'mini_truck', 'mini_truck']",No,non_mining
591,IND0041201020240200775,20_10_2024_20_07_25,Not_Found,tractor,2,4,True,"['Not_Found', 'Not_Found', 'Not_Found']","['tractor', 'tractor', 'tractor']",No,non_mining
592,IND0041201020240100875,20_10_2024_13_13_20,non_mining,truck,1,4,True,"['Not_Found', 'non_mining', 'non_mining']","['truck', 'truck', 'truck']",No,non_mining
593,IND0041201020240101125,20_10_2024_16_03_35,non_mining,truck,1,4,True,"['non_mining', 'non_mining', 'non_mining']","['truck', 'truck', 'truck']",No,non_mining
594,IND0041201020240200519,20_10_2024_13_14_21,Not_Found,mini_truck,2,3,False,"['Not_Found', 'Not_Found']","['mini_truck', 'mini_truck']",No,Not_Found
595,IND0041201020240200299,20_10_2024_08_05_47,non_mining,truck,2,4,True,"['Not_Found', 'non_mining', 'non_mining']","['truck', 'truck', 'truck']",No,non_mining
596,IND0041201020240101629,20_10_2024_22_14_40,Not_Found,truck,1,1,False,"['Not_Found', 'Not_Found', 'Not_Found']","['truck', 'truck', 'truck', 'truck', 'truck', 'truck']",No,non_mining
597,IND0041201020240100040,20_10_2024_00_39_47,Not_Found,truck,1,3,True,"['Not_Found', 'non_mining']","['truck', 'truck']",No,non_mining
598,IND0041201020240200670,20_10_2024_17_41_15,covered,mini_truck,2,4,True,"['covered', 'covered', 'covered']","['mini_truck', 'mini_truck', 'mini_truck']",No,covered
599,IND0041201020240101311,20_10_2024_18_20_04,Not_Found,truck,1,4,True,"['Not_Found', 'Not_Found', 'Not_Found']","['truck', 'truck', 'truck']",No,non_mining
600,IND0041201020240101578,20_10_2024_21_26_54,Not_Found,truck,1,4,True,"['Not_Found', 'Not_Found', 'Not_Found']","['truck', 'truck', 'truck']",Yes,non_mining
601,IND0041201020240100388,20_10_2024_07_57_10,non_mining,truck,1,4,True,"['non_mining', 'non_mining', 'non_mining']","['truck', 'truck', 'truck']",No,non_mining
602,IND0041201020240100138,20_10_2024_02_25_02,Not_Found,truck,1,1,False,"['Not_Found', 'Not_Found', 'Not_Found']","['truck', 'truck', 'truck', 'truck', 'truck', 'truck']",No,covered
603,IND0041201020240200082,20_10_2024_01_47_07,Not_Found,truck,2,4,True,"['Not_Found', 'Not_Found', 'non_mining']","['truck', 'truck', 'truck']",No,mining_full
604,IND0041201020240200857,20_10_2024_22_54_14,Not_Found,truck,2,4,True,"['Not_Found', 'Not_Found', 'Not_Found']","['truck', 'mini_truck', 'mini_truck', 'truck', 'truck']",No,non_mining
605,IND0041201020240200753,20_10_2024_19_24_01,Not_Found,mini_truck,2,2,False,['Not_Found'],['mini_truck'],No,Not_Found
606,IND0041201020240100102,20_10_2024_01_29_32,Not_Found,truck,1,1,False,"['Not_Found', 'Not_Found', 'Not_Found']","['truck', 'truck', 'truck', 'truck']",No,non_mining
607,IND0041201020240101558,20_10_2024_21_12_20,Not_Found,truck,1,1,False,['Not_Found'],['truck'],Yes,covered
608,IND0041201020240200261,20_10_2024_06_26_43,Not_Found,truck,2,1,False,"['Not_Found', 'Not_Found', 'Not_Found']","['truck', 'truck', 'truck', 'truck', 'truck', 'truck', 'truck', 'truck', 'truck']",No,covered
609,IND0041201020240101470,20_10_2024_20_10_57,Not_Found,truck,1,2,False,"['Not_Found', 'Not_Found', 'Not_Found']","['truck', 'truck', 'truck', 'truck', 'truck']",No,non_mining
610,IND0041201020240100363,20_10_2024_07_30_27,covered,truck,1,3,True,"['covered', 'covered']","['truck', 'truck']",No,covered
611,IND0041201020240100876,20_10_2024_13_15_02,Not_Found,hywa,1,4,True,"['Not_Found', 'Not_Found', 'mining_empty']","['hywa', 'hywa', 'hywa']",No,mining_full
612,IND0041201020240200013,20_10_2024_00_12_29,Not_Found,mini_truck,2,2,False,['Not_Found'],['mini_truck'],No,
613,IND0041201020240100340,20_10_2024_07_06_47,Not_Found,truck,1,4,True,"['Not_Found', 'Not_Found', 'Not_Found']","['truck', 'truck', 'truck']",No,non_mining
614,IND0041201020240100683,20_10_2024_11_07_36,covered,truck,1,4,True,"['covered', 'covered', 'covered']","['truck', 'truck', 'truck']",No,covered
615,IND0041201020240100615,20_10_2024_10_28_09,Not_Found,truck,1,4,True,"['Not_Found', 'Not_Found', 'Not_Found']","['truck', 'truck', 'truck']",No,covered
616,IND0041201020240100839,20_10_2024_12_52_12,non_mining,truck,1,4,True,"['Not_Found', 'non_mining', 'non_mining']","['truck', 'truck', 'truck']",No,non_mining
617,IND0041201020240101025,20_10_2024_14_57_50,non_mining,mini_truck,1,4,True,"['non_mining', 'non_mining', 'non_mining']","['mini_truck', 'mini_truck', 'mini_truck']",No,non_mining
618,IND0041201020240101466,20_10_2024_20_06_09,Not_Found,truck,1,4,True,"['Not_Found', 'Not_Found', 'Not_Found']","['truck', 'truck', 'truck']",No,non_mining
619,IND0041201020240200581,20_10_2024_14_41_45,non_mining,mini_truck,2,4,True,"['non_mining', 'non_mining', 'non_mining']","['mini_truck', 'mini_truck', 'mini_truck']",No,non_mining
620,IND0041201020240101365,20_10_2024_18_46_18,Not_Found,mini_truck,1,1,False,['Not_Found'],['mini_truck'],No,non_mining
621,IND0041201020240101652,20_10_2024_22_40_14,Not_Found,truck,1,4,True,"['Not_Found', 'Not_Found', 'Not_Found']","['truck', 'truck', 'truck']",No,non_mining
622,IND0041201020240101697,20_10_2024_23_23_41,Not_Found,mini_truck,1,4,True,"['Not_Found', 'Not_Found', 'Not_Found']","['mini_truck', 'mini_truck', 'truck']",No,non_mining
623,IND0041201020240200074,20_10_2024_01_36_02,Not_Found,mini_truck,2,4,True,"['Not_Found', 'Not_Found', 'Not_Found']","['mini_truck', 'mini_truck', 'mini_truck']",No,non_mining
624,IND0041201020240100006,20_10_2024_00_14_00,Not_Found,truck,1,1,False,"['Not_Found', 'Not_Found']","['truck', 'truck']",Yes,covered
625,IND0041201020240100780,20_10_2024_12_24_32,non_mining,mini_truck,1,4,True,"['non_mining', 'non_mining', 'non_mining']","['mini_truck', 'mini_truck', 'mini_truck']",No,non_mining
626,IND0041201020240101589,20_10_2024_21_39_56,Not_Found,truck,1,4,True,"['Not_Found', 'Not_Found', 'Not_Found']","['truck', 'truck', 'truck']",No,non_mining
627,IND0041201020240100482,20_10_2024_08_55_28,non_mining,truck,1,4,True,"['non_mining', 'non_mining', 'Not_Found']","['truck', 'truck', 'truck']",No,non_mining
628,IND0041201020240100890,20_10_2024_13_27_38,non_mining,truck,1,2,False,"['non_mining', 'non_mining', 'non_mining']","['truck', 'truck', 'truck', 'truck', 'truck', 'truck', 'truck', 'truck']",No,non_mining
629,IND0041201020240200160,20_10_2024_03_51_14,Not_Found,truck,2,4,True,"['Not_Found', 'Not_Found', 'Not_Found']","['truck', 'truck', 'truck']",No,covered
630,IND0041201020240100408,20_10_2024_08_09_55,non_mining,truck,1,4,True,"['Not_Found', 'non_mining', 'non_mining']","['truck', 'truck', 'truck']",No,non_mining
631,IND0041201020240200772,20_10_2024_19_59_12,Not_Found,mini_truck,2,1,False,['Not_Found'],['mini_truck'],No,non_mining
632,IND0041201020240101402,20_10_2024_19_21_33,Not_Found,truck,1,1,False,['Not_Found'],['truck'],No,covered
633,IND0041201020240100870,20_10_2024_13_10_54,non_mining,truck,1,4,True,"['non_mining', 'non_mining', 'non_mining']","['truck', 'truck', 'truck']",No,non_mining
634,IND0041201020240200309,20_10_2024_08_23_03,non_mining,truck,2,1,False,['non_mining'],['truck'],Yes,non_mining
635,IND0041201020240101503,20_10_2024_20_30_52,Not_Found,truck,1,4,True,"['Not_Found', 'Not_Found', 'Not_Found']","['truck', 'truck', 'truck']",No,covered
636,IND0041201020240200845,20_10_2024_22_35_42,Not_Found,truck,2,1,False,"['Not_Found', 'Not_Found', 'non_mining']","['truck', 'truck', 'truck', 'truck', 'truck']",No,non_mining
637,IND0041201020240200766,20_10_2024_19_53_43,non_mining,mini_truck,2,4,True,"['non_mining', 'non_mining', 'non_mining']","['mini_truck', 'mini_truck', 'mini_truck']",No,non_mining
638,IND0041201020240100206,20_10_2024_03_53_20,Not_Found,truck,1,4,True,"['Not_Found', 'Not_Found', 'Not_Found']","['truck', 'truck', 'truck']",No,non_mining
639,IND0041201020240200151,20_10_2024_03_31_37,Not_Found,truck,2,4,True,"['Not_Found', 'Not_Found', 'Not_Found']","['truck', 'truck', 'truck', 'truck']",No,mining_full
640,IND0041201020240101091,20_10_2024_15_43_02,non_mining,truck,1,4,True,"['non_mining', 'non_mining', 'non_mining']","['truck', 'truck', 'truck']",No,non_mining
641,IND0041201020240101307,20_10_2024_18_18_09,Not_Found,truck,1,4,True,"['Not_Found', 'Not_Found', 'Not_Found']","['truck', 'truck', 'truck']",No,non_mining
642,IND0041201020240200783,20_10_2024_20_19_36,Not_Found,truck,2,1,False,"['Not_Found', 'Not_Found', 'Not_Found']","['truck', 'truck', 'truck', 'truck', 'truck', 'truck', 'truck', 'truck']",No,covered
643,IND0041201020240200185,20_10_2024_04_18_44,Not_Found,truck,2,4,True,"['Not_Found', 'Not_Found', 'Not_Found']","['truck', 'truck', 'truck']",No,non_mining
644,IND0041201020240101135,20_10_2024_16_09_15,Not_Found,truck,1,4,True,"['Not_Found', 'Not_Found', 'Not_Found']","['truck', 'truck', 'truck']",No,covered
645,IND0041201020240200053,20_10_2024_01_10_23,Not_Found,truck,2,1,False,"['Not_Found', 'Not_Found', 'Not_Found']","['truck', 'truck', 'truck', 'truck', 'truck', 'truck', 'truck', 'truck', 'truck']",No,mining_full
646,IND0041201020240101599,20_10_2024_21_47_06,Not_Found,truck,1,1,False,"['Not_Found', 'Not_Found', 'Not_Found']","['truck', 'truck', 'truck', 'truck', 'truck']",No,mining_empty
647,IND0041201020240101346,20_10_2024_18_38_07,Not_Found,truck,1,4,True,"['Not_Found', 'Not_Found', 'Not_Found']","['truck', 'truck', 'truck']",No,covered
648,IND0041201020240100536,20_10_2024_09_23_17,non_mining,truck,1,4,True,"['non_mining', 'non_mining', 'non_mining']","['truck', 'truck', 'truck']",No,non_mining
649,IND0041201020240200489,20_10_2024_12_39_43,Not_Found,mini_truck,2,2,False,"['Not_Found', 'Not_Found']","['mini_truck', 'mini_truck']",No,non_mining
650,IND0041201020240200667,20_10_2024_17_40_05,Not_Found,truck,2,3,True,"['Not_Found', 'Not_Found']","['truck', 'truck']",No,covered
651,IND0041201020240200054,20_10_2024_01_10_55,Not_Found,truck,2,4,True,"['Not_Found', 'Not_Found', 'Not_Found']","['truck', 'truck', 'truck']",No,non_mining
652,IND0041201020240100256,20_10_2024_05_11_16,Not_Found,truck,1,4,True,"['Not_Found', 'Not_Found', 'Not_Found']","['truck', 'truck', 'truck']",No,mining_full
653,IND0041201020240100970,20_10_2024_14_29_30,non_mining,truck,1,4,True,"['non_mining', 'Not_Found', 'covered']","['truck', 'truck', 'truck']",No,non_mining
654,IND0041201020240200700,20_10_2024_18_16_03,Not_Found,mini_truck,2,1,False,"['Not_Found', 'Not_Found']","['mini_truck', 'mini_truck']",No,covered
655,IND0041201020240200874,20_10_2024_23_23_15,Not_Found,truck,2,3,True,"['Not_Found', 'Not_Found']","['truck', 'truck']",No,covered
656,IND0041201020240200473,20_10_2024_12_14_58,non_mining,truck,2,4,True,"['non_mining', 'non_mining', 'non_mining']","['truck', 'truck', 'truck']",No,non_mining
657,IND0041201020240200827,20_10_2024_22_05_55,Not_Found,truck,2,1,False,"['Not_Found', 'Not_Found']","['truck', 'truck']",No,Not_Found
658,IND0041201020240200689,20_10_2024_18_00_53,non_mining,mini_truck,2,4,True,"['non_mining', 'non_mining', 'non_mining']","['mini_truck', 'mini_truck', 'mini_truck']",No,non_mining
659,IND0041201020240100150,20_10_2024_02_36_40,Not_Found,truck,1,4,True,"['Not_Found', 'Not_Found', 'Not_Found']","['truck', 'truck', 'truck']",No,Not_Found
660,IND0041201020240100389,20_10_2024_07_58_24,non_mining,truck,1,4,True,"['Not_Found', 'non_mining', 'non_mining']","['truck', 'truck', 'truck']",No,non_mining
661,IND0041201020240200851,20_10_2024_22_40_24,Not_Found,truck,2,4,True,"['Not_Found', 'Not_Found', 'Not_Found']","['truck', 'truck', 'truck']",No,non_mining
662,IND0041201020240100596,20_10_2024_10_10_44,non_mining,truck,1,4,True,"['non_mining', 'non_mining', 'non_mining']","['truck', 'truck', 'truck']",No,non_mining
663,IND0041201020240200396,20_10_2024_10_33_34,non_mining,mini_truck,2,3,True,"['non_mining', 'non_mining']","['mini_truck', 'mini_truck']",No,non_mining
664,IND0041201020240101541,20_10_2024_20_56_37,Not_Found,truck,1,4,True,"['Not_Found', 'Not_Found', 'Not_Found']","['truck', 'truck', 'truck']",No,non_mining
665,IND0041201020240100935,20_10_2024_14_01_46,non_mining,truck,1,4,True,"['Not_Found', 'non_mining', 'non_mining']","['truck', 'truck', 'truck']",No,non_mining
666,IND0041201020240200446,20_10_2024_11_39_33,covered,truck,2,1,False,"['Not_Found', 'covered', 'covered']","['truck', 'truck', 'truck', 'truck', 'truck', 'truck', 'truck', 'truck', 'truck']",No,covered
667,IND0041201020240200349,20_10_2024_09_16_28,covered,truck,2,4,True,"['covered', 'covered', 'covered']","['truck', 'truck', 'truck']",No,covered
668,IND0041201020240100913,20_10_2024_13_44_03,non_mining,truck,1,4,True,"['non_mining', 'non_mining', 'non_mining']","['truck', 'truck', 'truck']",No,non_mining
669,IND0041201020240100439,20_10_2024_08_27_55,non_mining,truck,1,4,True,"['non_mining', 'non_mining', 'non_mining']","['truck', 'truck', 'truck']",No,non_mining
670,IND0041201020240101034,20_10_2024_15_02_24,non_mining,truck,1,4,True,"['Not_Found', 'non_mining', 'non_mining']","['truck', 'truck', 'truck']",No,non_mining
671,IND0041201020240200302,20_10_2024_08_17_28,Not_Found,hywa,2,4,True,"['Not_Found', 'Not_Found', 'Not_Found']","['hywa', 'hywa', 'hywa']",No,mining_full
672,IND0041201020240101031,20_10_2024_15_01_30,non_mining,truck,1,4,True,"['non_mining', 'non_mining', 'non_mining']","['truck', 'truck', 'truck']",No,non_mining
673,IND0041201020240101715,20_10_2024_23_48_01,Not_Found,truck,1,3,False,"['Not_Found', 'Not_Found', 'Not_Found']","['truck', 'truck', 'truck', 'truck', 'truck']",No,covered
674,IND0041201020240100997,20_10_2024_14_45_24,covered,truck,1,4,True,"['covered', 'covered', 'covered']","['truck', 'truck', 'truck']",No,covered
675,IND0041201020240101261,20_10_2024_17_35_51,non_mining,truck,1,4,True,"['non_mining', 'non_mining', 'non_mining']","['truck', 'truck', 'truck']",No,non_mining
676,IND0041201020240200464,20_10_2024_12_06_15,non_mining,truck,2,4,True,"['non_mining', 'non_mining', 'non_mining']","['truck', 'truck', 'truck']",No,non_mining
677,IND0041201020240200733,20_10_2024_18_58_53,Not_Found,truck,2,4,True,"['Not_Found', 'Not_Found', 'Not_Found']","['truck', 'truck', 'truck']",No,covered
678,IND0041201020240100359,20_10_2024_07_28_17,non_mining,truck,1,4,True,"['Not_Found', 'non_mining', 'non_mining']","['truck', 'truck', 'truck']",No,non_mining
679,IND0041201020240100941,20_10_2024_14_04_39,non_mining,truck,1,4,True,"['non_mining', 'non_mining', 'non_mining']","['truck', 'truck', 'truck']",No,non_mining
680,IND0041201020240100919,20_10_2024_13_48_20,mining_empty,truck,1,1,False,['mining_empty'],['truck'],Yes,mining_empty
681,IND0041201020240100299,20_10_2024_06_36_57,non_mining,truck,1,3,True,"['non_mining', 'Not_Found']","['truck', 'truck']",No,non_mining
682,IND0041201020240200668,20_10_2024_17_40_43,non_mining,truck,2,4,True,"['non_mining', 'non_mining', 'non_mining']","['truck', 'truck', 'truck']",No,non_mining
683,IND0041201020240100022,20_10_2024_00_24_10,Not_Found,truck,1,4,True,"['Not_Found', 'Not_Found', 'Not_Found']","['truck', 'truck', 'truck']",No,Not_Found
684,IND0041201020240200445,20_10_2024_11_39_14,non_mining,truck,2,3,True,"['non_mining', 'non_mining']","['truck', 'truck']",No,non_mining
685,IND0041201020240200759,20_10_2024_19_42_17,Not_Found,truck,2,4,True,"['non_mining', 'Not_Found', 'Not_Found']","['truck', 'truck', 'truck']",No,non_mining
686,IND0041201020240100526,20_10_2024_09_19_20,covered,mini_truck,1,4,True,"['covered', 'covered', 'covered']","['mini_truck', 'mini_truck', 'mini_truck']",No,covered
687,IND0041201020240100507,20_10_2024_09_04_59,Not_Found,truck,1,4,True,"['Not_Found', 'Not_Found', 'non_mining']","['truck', 'truck', 'truck']",No,non_mining
688,IND0041201020240200157,20_10_2024_03_44_22,Not_Found,truck,2,4,True,"['Not_Found', 'Not_Found', 'Not_Found']","['truck', 'truck', 'truck']",No,non_mining
689,IND0041201020240100397,20_10_2024_08_04_32,non_mining,truck,1,4,True,"['Not_Found', 'non_mining', 'non_mining']","['truck', 'truck', 'truck']",No,non_mining
690,IND0041201020240100450,20_10_2024_08_36_06,non_mining,truck,1,4,True,"['Not_Found', 'non_mining', 'non_mining']","['truck', 'truck', 'truck']",No,non_mining
691,IND0041201020240200222,20_10_2024_05_06_44,Not_Found,mini_truck,2,1,False,['Not_Found'],['mini_truck'],No,covered
692,IND0041201020240100056,20_10_2024_00_53_13,Not_Found,truck,1,1,False,"['Not_Found', 'Not_Found', 'Not_Found']","['truck', 'truck', 'truck']",No,covered
693,IND0041201020240200809,20_10_2024_21_23_22,Not_Found,truck,2,1,False,"['Not_Found', 'Not_Found', 'Not_Found']","['truck', 'truck', 'truck', 'truck', 'truck', 'truck', 'truck', 'truck', 'truck']",No,Not_Found
694,IND0041201020240200480,20_10_2024_12_23_33,Not_Found,tractor,2,1,False,['Not_Found'],['tractor'],Yes,non_mining
695,IND0041201020240100372,20_10_2024_07_39_34,non_mining,truck,1,4,True,"['non_mining', 'non_mining', 'non_mining']","['truck', 'truck', 'truck']",No,non_mining
696,IND0041201020240200867,20_10_2024_23_13_45,non_mining,mini_truck,2,1,False,"['non_mining', 'non_mining', 'non_mining']","['mini_truck', 'mini_truck', 'mini_truck', 'mini_truck', 'mini_truck', 'mini_truck']",No,non_mining
697,IND0041201020240200717,20_10_2024_18_42_48,Not_Found,mini_truck,2,1,False,"['Not_Found', 'Not_Found', 'Not_Found']","['mini_truck', 'mini_truck', 'mini_truck', 'mini_truck', 'mini_truck']",No,non_mining
698,IND0041201020240200716,20_10_2024_18_41_43,Not_Found,mini_truck,2,4,True,"['Not_Found', 'Not_Found', 'Not_Found']","['mini_truck', 'mini_truck', 'mini_truck']",No,Not_Found
699,IND0041201020240101484,20_10_2024_20_20_55,Not_Found,truck,1,4,True,"['Not_Found', 'Not_Found', 'Not_Found']","['truck', 'truck', 'truck']",No,non_mining
700,IND0041201020240100435,20_10_2024_08_25_48,non_mining,truck,1,4,True,"['non_mining', 'non_mining', 'non_mining']","['truck', 'truck', 'truck']",No,non_mining
701,IND0041201020240100572,20_10_2024_09_54_21,Not_Found,truck,1,4,True,"['Not_Found', 'Not_Found', 'covered']","['truck', 'truck', 'truck']",No,covered
702,IND0041201020240100909,20_10_2024_13_41_43,non_mining,truck,1,4,True,"['non_mining', 'non_mining', 'non_mining']","['truck', 'truck', 'truck']",No,non_mining
703,IND0041201020240100543,20_10_2024_09_27_14,non_mining,truck,1,4,True,"['non_mining', 'non_mining', 'non_mining']","['truck', 'truck', 'truck']",No,non_mining
704,IND0041201020240100021,20_10_2024_00_23_36,Not_Found,truck,1,3,True,"['Not_Found', 'Not_Found']","['truck', 'truck']",No,mining_full
705,IND0041201020240101139,20_10_2024_16_14_47,non_mining,truck,1,4,True,"['non_mining', 'non_mining', 'non_mining']","['truck', 'truck', 'truck']",No,non_mining
706,IND0041201020240200051,20_10_2024_01_08_50,Not_Found,truck,2,1,False,"['Not_Found', 'Not_Found', 'Not_Found']","['truck', 'truck', 'truck', 'truck', 'truck', 'truck']",No,non_mining
707,IND0041201020240200093,20_10_2024_02_17_49,Not_Found,mini_truck,2,1,False,"['Not_Found', 'Not_Found', 'Not_Found']","['mini_truck', 'mini_truck', 'mini_truck']",No,covered
708,IND0041201020240200128,20_10_2024_03_02_06,Not_Found,truck,2,4,True,"['Not_Found', 'Not_Found', 'Not_Found']","['truck', 'truck', 'truck']",No,Not_Found
709,IND0041201020240100501,20_10_2024_09_02_37,Not_Found,truck,1,4,True,"['Not_Found', 'Not_Found', 'non_mining']","['truck', 'truck', 'truck']",No,covered
710,IND0041201020240200680,20_10_2024_17_48_07,non_mining,truck,2,4,True,"['Not_Found', 'non_mining', 'non_mining']","['truck', 'truck', 'truck']",No,non_mining
711,IND0041201020240200292,20_10_2024_07_46_16,covered,truck,2,4,True,"['Not_Found', 'covered', 'covered']","['truck', 'truck', 'truck']",No,covered
712,IND0041201020240100579,20_10_2024_09_58_38,Not_Found,truck,1,3,True,"['Not_Found', 'non_mining']","['truck', 'truck']",No,non_mining
713,IND0041201020240101166,20_10_2024_16_37_20,mining_empty,truck,1,3,True,"['mining_empty', 'non_mining']","['truck', 'truck']",No,mining_empty
714,IND0041201020240200645,20_10_2024_16_58_56,covered,mini_truck,2,4,True,"['non_mining', 'covered', 'covered']","['mini_truck', 'mini_truck', 'mini_truck']",No,covered
715,IND0041201020240101701,20_10_2024_23_28_05,Not_Found,truck,1,4,True,"['Not_Found', 'Not_Found', 'Not_Found']","['truck', 'truck', 'truck']",No,non_mining
716,IND0041201020240100994,20_10_2024_14_42_32,non_mining,truck,1,4,True,"['non_mining', 'non_mining', 'non_mining']","['truck', 'truck', 'truck']",No,non_mining
717,IND0041201020240200644,20_10_2024_16_58_45,non_mining,mini_truck,2,4,True,"['non_mining', 'non_mining', 'non_mining']","['mini_truck', 'mini_truck', 'mini_truck']",No,non_mining
718,IND0041201020240200575,20_10_2024_14_38_33,non_mining,truck,2,4,True,"['non_mining', 'non_mining', 'non_mining']","['truck', 'truck', 'truck']",No,non_mining
719,IND0041201020240101312,20_10_2024_18_20_04,Not_Found,truck,1,1,False,['Not_Found'],['truck'],Yes,non_mining
720,IND0041201020240100099,20_10_2024_01_25_36,Not_Found,truck,1,4,True,"['Not_Found', 'Not_Found', 'Not_Found']","['truck', 'truck', 'truck']",No,mining_full
721,IND0041201020240200344,20_10_2024_09_08_21,Not_Found,truck,2,4,True,"['Not_Found', 'Not_Found', 'non_mining']","['truck', 'truck', 'truck']",No,covered
722,IND0041201020240200203,20_10_2024_04_45_12,Not_Found,truck,2,2,False,"['Not_Found', 'Not_Found', 'Not_Found']","['truck', 'truck', 'truck', 'truck', 'truck', 'truck', 'truck', 'truck', 'truck', 'truck']",No,covered
723,IND0041201020240200590,20_10_2024_15_01_03,Not_Found,truck,2,4,True,"['Not_Found', 'Not_Found', 'Not_Found']","['truck', 'truck', 'truck']",No,non_mining
724,IND0041201020240101441,20_10_2024_19_52_59,Not_Found,truck,1,4,True,"['Not_Found', 'Not_Found', 'Not_Found']","['truck', 'truck', 'truck']",No,covered
725,IND0041201020240101116,20_10_2024_15_56_52,Not_Found,truck,1,4,True,"['Not_Found', 'Not_Found', 'non_mining']","['truck', 'truck', 'truck']",No,covered
726,IND0041201020240200182,20_10_2024_04_16_55,Not_Found,truck,2,4,True,"['Not_Found', 'Not_Found', 'Not_Found']","['truck', 'truck', 'truck']",No,non_mining
727,IND0041201020240101314,20_10_2024_18_20_27,Not_Found,mini_truck,1,2,False,['Not_Found'],['mini_truck'],No,Not_Found
728,IND0041201020240101191,20_10_2024_16_54_49,Not_Found,truck,1,4,True,"['Not_Found', 'Not_Found', 'non_mining']","['truck', 'truck', 'truck']",No,mining_empty
729,IND0041201020240100618,20_10_2024_10_30_15,Not_Found,truck,1,4,True,"['Not_Found', 'Not_Found', 'Not_Found']","['truck', 'truck', 'truck']",No,covered
730,IND0041201020240200095,20_10_2024_02_20_40,Not_Found,truck,2,1,False,"['Not_Found', 'Not_Found', 'Not_Found']","['truck', 'truck', 'truck', 'truck', 'truck']",No,covered
731,IND0041201020240100101,20_10_2024_01_28_11,Not_Found,truck,1,4,True,"['Not_Found', 'Not_Found', 'Not_Found']","['truck', 'truck', 'truck']",No,mining_full
732,IND0041201020240100113,20_10_2024_01_41_30,Not_Found,truck,1,4,True,"['Not_Found', 'Not_Found', 'Not_Found']","['truck', 'truck', 'truck']",No,covered
733,IND0041201020240200008,20_10_2024_00_09_02,Not_Found,truck,2,4,True,"['Not_Found', 'Not_Found', 'Not_Found']","['truck', 'truck', 'truck']",No,mining_full
734,IND0041201020240101710,20_10_2024_23_40_02,non_mining,mini_truck,1,1,False,"['Not_Found', 'non_mining', 'non_mining']","['mini_truck', 'mini_truck', 'mini_truck', 'mini_truck', 'mini_truck', 'mini_truck', 'mini_truck', 'mini_truck']",No,non_mining
735,IND0041201020240200125,20_10_2024_02_58_25,Not_Found,truck,2,4,True,"['Not_Found', 'Not_Found', 'Not_Found']","['truck', 'truck', 'truck']",No,Not_Found
736,IND0041201020240200412,20_10_2024_10_53_50,non_mining,mini_truck,2,4,True,"['non_mining', 'non_mining', 'Not_Found']","['mini_truck', 'mini_truck', 'mini_truck', 'mini_truck', 'mini_truck', 'mini_truck', 'mini_truck', 'mini_truck']",No,non_mining
737,IND0041201020240101590,20_10_2024_21_40_06,Not_Found,truck,1,4,True,"['Not_Found', 'Not_Found', 'Not_Found']","['truck', 'truck', 'truck', 'truck']",No,non_mining
738,IND0041201020240100692,20_10_2024_11_17_23,non_mining,truck,1,3,False,"['Not_Found', 'non_mining', 'non_mining']","['truck', 'truck', 'truck', 'truck', 'truck']",No,non_mining
739,IND0041201020240200500,20_10_2024_12_52_15,non_mining,truck,2,4,True,"['non_mining', 'non_mining', 'non_mining']","['truck', 'truck', 'truck']",No,non_mining
740,IND0041201020240101228,20_10_2024_17_16_21,non_mining,truck,1,4,True,"['Not_Found', 'non_mining', 'non_mining']","['truck', 'truck', 'truck']",No,non_mining
741,IND0041201020240101716,20_10_2024_23_48_41,Not_Found,truck,1,4,True,"['Not_Found', 'Not_Found', 'non_mining']","['truck', 'truck', 'truck']",No,covered
742,IND0041201020240200199,20_10_2024_04_37_09,Not_Found,truck,2,1,False,"['Not_Found', 'Not_Found']","['truck', 'truck']",Yes,covered
743,IND0041201020240101192,20_10_2024_16_55_21,non_mining,truck,1,4,True,"['Not_Found', 'non_mining', 'non_mining']","['truck', 'truck', 'truck']",No,non_mining
744,IND0041201020240100447,20_10_2024_08_34_16,non_mining,truck,1,4,True,"['non_mining', 'non_mining', 'non_mining']","['truck', 'truck', 'truck']",No,non_mining
745,IND0041201020240101529,20_10_2024_20_45_46,Not_Found,truck,1,2,False,"['Not_Found', 'Not_Found', 'Not_Found']","['truck', 'truck', 'truck']",No,covered
746,IND0041201020240100234,20_10_2024_04_30_53,Not_Found,truck,1,4,True,"['Not_Found', 'Not_Found', 'Not_Found']","['truck', 'truck', 'truck']",No,Not_Found
747,IND0041201020240100448,20_10_2024_08_35_24,Not_Found,hywa,1,4,True,"['Not_Found', 'Not_Found', 'mining_full']","['hywa', 'hywa', 'hywa']",No,mining_full
748,IND0041201020240100788,20_10_2024_12_27_12,non_mining,truck,1,4,True,"['non_mining', 'non_mining', 'non_mining']","['truck', 'truck', 'truck', 'truck', 'truck', 'truck']",No,non_mining
749,IND0041201020240200447,20_10_2024_11_42_42,covered,truck,2,4,True,"['covered', 'covered', 'covered']","['truck', 'truck', 'truck']",No,covered
750,IND0041201020240100508,20_10_2024_09_05_39,non_mining,mini_truck,1,4,True,"['non_mining', 'non_mining', 'non_mining']","['mini_truck', 'mini_truck', 'mini_truck']",No,non_mining
751,IND0041201020240101548,20_10_2024_21_04_16,Not_Found,truck,1,4,True,"['Not_Found', 'Not_Found', 'Not_Found']","['truck', 'truck', 'truck', 'truck']",No,non_mining
752,IND0041201020240101158,20_10_2024_16_28_11,Not_Found,hywa,1,4,True,"['Not_Found', 'Not_Found', 'Not_Found']","['hywa', 'hywa', 'hywa']",No,mining_full
753,IND0041201020240101557,20_10_2024_21_12_20,non_mining,truck,1,4,True,"['Not_Found', 'non_mining', 'non_mining']","['truck', 'truck', 'truck']",No,non_mining
754,IND0041201020240200752,20_10_2024_19_21_28,Not_Found,mini_truck,2,1,False,['Not_Found'],['mini_truck'],No,non_mining
755,IND0041201020240100743,20_10_2024_11_59_23,non_mining,mini_truck,1,4,True,"['non_mining', 'non_mining', 'non_mining']","['mini_truck', 'mini_truck', 'mini_truck', 'mini_truck']",No,non_mining
756,IND0041201020240101547,20_10_2024_21_03_15,Not_Found,truck,1,1,False,['Not_Found'],['truck'],Yes,covered
757,IND0041201020240200702,20_10_2024_18_18_12,Not_Found,truck,2,4,True,"['Not_Found', 'Not_Found', 'Not_Found']","['truck', 'truck', 'truck', 'truck']",No,non_mining
758,IND0041201020240200514,20_10_2024_13_09_45,Not_Found,tractor,2,2,False,"['Not_Found', 'Not_Found', 'Not_Found']","['tractor', 'tractor', 'tractor', 'tractor', 'tractor', 'tractor', 'tractor', 'tractor', 'tractor', 'tractor', 'tractor', 'tractor', 'tractor', 'tractor', 'tractor', 'tractor', 'tractor', 'tractor', 'tractor', 'tractor', 'tractor']",No,non_mining
759,IND0041201020240200080,20_10_2024_01_41_35,Not_Found,truck,2,4,True,"['Not_Found', 'Not_Found', 'Not_Found']","['truck', 'truck', 'truck']",No,non_mining
760,IND0041201020240101363,20_10_2024_18_46_13,Not_Found,mini_truck,1,1,False,['Not_Found'],['mini_truck'],Yes,non_mining
761,IND0041201020240101474,20_10_2024_20_13_40,Not_Found,truck,1,3,False,"['Not_Found', 'Not_Found', 'Not_Found']","['truck', 'truck', 'truck', 'truck', 'truck', 'truck', 'truck']",No,mining_full
762,IND0041201020240101725,20_10_2024_23_54_09,Not_Found,truck,1,4,True,"['Not_Found', 'Not_Found', 'non_mining']","['truck', 'truck', 'truck']",No,non_mining
763,IND0041201020240100357,20_10_2024_07_26_19,Not_Found,truck,1,4,True,"['Not_Found', 'Not_Found', 'Not_Found']","['truck', 'truck', 'truck']",No,non_mining
764,IND0041201020240100328,20_10_2024_06_58_44,non_mining,truck,1,4,True,"['non_mining', 'non_mining', 'non_mining']","['truck', 'truck', 'truck']",No,non_mining
765,IND0041201020240100229,20_10_2024_04_29_48,Not_Found,truck,1,4,True,"['Not_Found', 'Not_Found', 'Not_Found']","['truck', 'truck', 'truck']",No,covered
766,IND0041201020240200459,20_10_2024_12_00_52,covered,mini_truck,2,4,True,"['covered', 'covered', 'covered']","['mini_truck', 'mini_truck', 'mini_truck']",No,covered
767,IND0041201020240100668,20_10_2024_10_58_00,non_mining,truck,1,4,True,"['non_mining', 'non_mining', 'non_mining']","['truck', 'truck', 'truck']",No,non_mining
768,IND0041201020240100255,20_10_2024_05_10_32,Not_Found,truck,1,1,False,"['Not_Found', 'Not_Found', 'Not_Found']","['truck', 'truck', 'truck']",No,non_mining
769,IND0041201020240100232,20_10_2024_04_30_31,Not_Found,mini_truck,1,4,True,"['Not_Found', 'Not_Found', 'Not_Found']","['mini_truck', 'mini_truck', 'mini_truck']",No,non_mining
770,IND0041201020240100442,20_10_2024_08_28_43,non_mining,truck,1,4,True,"['non_mining', 'non_mining', 'non_mining']","['truck', 'truck', 'truck']",No,non_mining
771,IND0041201020240200238,20_10_2024_05_30_04,Not_Found,truck,2,1,False,['Not_Found'],['truck'],Yes,covered
772,IND0041201020240100251,20_10_2024_05_04_04,Not_Found,truck,1,4,True,"['Not_Found', 'Not_Found', 'Not_Found']","['truck', 'truck', 'truck']",No,covered
773,IND0041201020240200882,20_10_2024_23_39_57,Not_Found,truck,2,4,True,"['Not_Found', 'Not_Found', 'Not_Found']","['truck', 'truck', 'truck']",No,non_mining
774,IND0041201020240200593,20_10_2024_15_17_54,Not_Found,tractor,2,1,False,"['Not_Found', 'Not_Found']","['tractor', 'tractor']",No,mining_empty
775,IND0041201020240200594,20_10_2024_15_17_54,Not_Found,tractor,2,1,False,"['Not_Found', 'Not_Found', 'Not_Found']","['tractor', 'tractor', 'tractor']",No,mining_empty
776,IND0041201020240100819,20_10_2024_12_42_52,non_mining,truck,1,4,True,"['Not_Found', 'non_mining', 'non_mining']","['truck', 'truck', 'truck']",No,non_mining
777,IND0041201020240101680,20_10_2024_22_58_26,Not_Found,truck,1,4,True,"['Not_Found', 'Not_Found', 'non_mining']","['truck', 'truck', 'truck']",No,non_mining
778,IND0041201020240100488,20_10_2024_08_58_07,Not_Found,truck,1,3,True,"['Not_Found', 'Not_Found']","['truck', 'truck']",No,covered
779,IND0041201020240101165,20_10_2024_16_36_27,non_mining,truck,1,4,True,"['Not_Found', 'non_mining', 'non_mining']","['truck', 'truck', 'truck']",No,non_mining
780,IND0041201020240100412,20_10_2024_08_11_45,non_mining,truck,1,4,True,"['Not_Found', 'non_mining', 'non_mining']","['truck', 'truck', 'truck']",No,non_mining
781,IND0041201020240100264,20_10_2024_05_26_03,Not_Found,truck,1,4,True,"['Not_Found', 'Not_Found', 'Not_Found']","['truck', 'truck', 'truck']",No,covered
782,IND0041201020240101458,20_10_2024_20_00_19,Not_Found,truck,1,4,True,"['Not_Found', 'Not_Found', 'Not_Found']","['truck', 'truck', 'truck']",No,non_mining
783,IND0041201020240200187,20_10_2024_04_19_54,Not_Found,truck,2,4,True,"['Not_Found', 'Not_Found', 'Not_Found']","['truck', 'truck', 'truck']",No,Not_Found
784,IND0041201020240200268,20_10_2024_06_45_20,covered,truck,2,4,True,"['covered', 'covered', 'covered']","['truck', 'truck', 'truck']",No,covered
785,IND0041201020240200291,20_10_2024_07_42_18,Not_Found,truck,2,4,True,"['Not_Found', 'Not_Found', 'Not_Found']","['truck', 'truck', 'truck']",No,non_mining
786,IND0041201020240101658,20_10_2024_22_42_48,Not_Found,truck,1,1,False,"['Not_Found', 'Not_Found', 'non_mining']","['truck', 'truck', 'truck', 'truck', 'truck', 'truck']",No,covered
787,IND0041201020240200275,20_10_2024_06_57_12,non_mining,truck,2,4,True,"['Not_Found', 'non_mining', 'non_mining']","['truck', 'truck', 'truck']",No,non_mining
788,IND0041201020240200756,20_10_2024_19_39_26,non_mining,truck,2,4,True,"['non_mining', 'Not_Found', 'non_mining']","['truck', 'truck', 'truck']",No,non_mining
789,IND0041201020240100769,20_10_2024_12_15_38,Not_Found,hywa,1,4,True,"['Not_Found', 'Not_Found', 'mining_full']","['hywa', 'hywa', 'hywa']",No,mining_full
790,IND0041201020240200621,20_10_2024_16_16_14,non_mining,truck,2,4,True,"['non_mining', 'non_mining', 'non_mining']","['truck', 'truck', 'truck']",No,non_mining
791,IND0041201020240200540,20_10_2024_13_49_27,covered,truck,2,4,True,"['covered', 'covered', 'covered']","['truck', 'truck', 'truck']",No,covered
792,IND0041201020240200690,20_10_2024_18_02_34,Not_Found,mini_truck,2,1,False,['Not_Found'],['mini_truck'],No,non_mining
793,IND0041201020240100432,20_10_2024_08_24_12,non_mining,truck,1,4,True,"['Not_Found', 'non_mining', 'non_mining']","['truck', 'truck', 'truck']",No,non_mining
794,IND0041201020240100107,20_10_2024_01_30_53,Not_Found,truck,1,1,False,['Not_Found'],['truck'],No,mining_full
795,IND0041201020240200815,20_10_2024_21_30_23,Not_Found,truck,2,4,True,"['Not_Found', 'Not_Found', 'Not_Found']","['truck', 'truck', 'truck']",No,covered
796,IND0041201020240100176,20_10_2024_03_10_07,Not_Found,truck,1,4,True,"['Not_Found', 'Not_Found', 'Not_Found']","['truck', 'truck', 'truck', 'truck', 'truck']",No,non_mining
797,IND0041201020240100908,20_10_2024_13_39_32,non_mining,truck,1,4,True,"['non_mining', 'non_mining', 'non_mining']","['truck', 'truck', 'truck']",No,non_mining
798,IND0041201020240101600,20_10_2024_21_48_49,Not_Found,mini_truck,1,1,False,['Not_Found'],['mini_truck'],No,Not_Found
799,IND0041201020240200382,20_10_2024_10_00_09,non_mining,mini_truck,2,4,True,"['non_mining', 'non_mining', 'non_mining']","['mini_truck', 'mini_truck', 'mini_truck']",No,non_mining
800,IND0041201020240101237,20_10_2024_17_22_09,non_mining,truck,1,4,True,"['Not_Found', 'non_mining', 'non_mining']","['truck', 'truck', 'truck']",No,non_mining
801,IND0041201020240100601,20_10_2024_10_17_36,Not_Found,truck,1,4,True,"['Not_Found', 'Not_Found', 'non_mining']","['truck', 'truck', 'truck']",No,non_mining
802,IND0041201020240100216,20_10_2024_04_10_43,Not_Found,truck,1,1,False,['Not_Found'],['truck'],No,non_mining
803,IND0041201020240100343,20_10_2024_07_07_49,non_mining,truck,1,4,True,"['non_mining', 'non_mining', 'non_mining']","['truck', 'truck', 'truck']",No,non_mining
804,IND0041201020240200346,20_10_2024_09_12_08,Not_Found,truck,2,4,True,"['Not_Found', 'Not_Found', 'Not_Found']","['truck', 'truck', 'truck']",No,covered
805,IND0041201020240100094,20_10_2024_01_19_41,Not_Found,truck,1,1,False,"['Not_Found', 'Not_Found', 'Not_Found']","['truck', 'truck', 'truck', 'truck', 'truck', 'truck', 'truck', 'truck']",No,covered
806,IND0041201020240100007,20_10_2024_00_14_06,Not_Found,truck,1,4,True,"['Not_Found', 'Not_Found', 'Not_Found']","['truck', 'truck', 'truck']",No,covered
807,IND0041201020240200314,20_10_2024_08_33_28,Not_Found,truck,2,2,False,['Not_Found'],['truck'],No,non_mining
808,IND0041201020240100710,20_10_2024_11_32_12,non_mining,truck,1,4,True,"['non_mining', 'non_mining', 'non_mining']","['truck', 'truck', 'truck']",No,non_mining
809,IND0041201020240100704,20_10_2024_11_25_15,non_mining,truck,1,4,True,"['non_mining', 'non_mining', 'non_mining']","['truck', 'truck', 'truck']",No,non_mining
810,IND0041201020240100344,20_10_2024_07_08_09,covered,truck,1,4,True,"['covered', 'covered', 'covered']","['truck', 'truck', 'truck']",No,covered
811,IND0041201020240200558,20_10_2024_14_02_26,non_mining,truck,2,4,True,"['non_mining', 'non_mining', 'non_mining']","['truck', 'truck', 'truck']",No,non_mining
812,IND0041201020240100145,20_10_2024_02_34_33,Not_Found,truck,1,4,True,"['Not_Found', 'Not_Found', 'Not_Found']","['truck', 'truck', 'truck']",No,covered
813,IND0041201020240101160,20_10_2024_16_32_26,non_mining,truck,1,4,True,"['non_mining', 'non_mining', 'non_mining']","['truck', 'truck', 'truck']",No,non_mining
814,IND0041201020240100353,20_10_2024_07_21_33,Not_Found,truck,1,4,True,"['Not_Found', 'Not_Found', 'Not_Found']","['truck', 'truck', 'truck']",No,non_mining
815,IND0041201020240200234,20_10_2024_05_27_17,Not_Found,mini_truck,2,1,False,['Not_Found'],['mini_truck'],No,non_mining
816,IND0041201020240200280,20_10_2024_07_10_46,non_mining,mini_truck,2,4,True,"['non_mining', 'non_mining', 'non_mining']","['mini_truck', 'mini_truck', 'mini_truck']",No,non_mining
817,IND0041201020240101281,20_10_2024_17_51_04,non_mining,truck,1,3,True,"['non_mining', 'non_mining']","['truck', 'truck']",No,non_mining
818,IND0041201020240101439,20_10_2024_19_51_00,Not_Found,truck,1,4,True,"['Not_Found', 'Not_Found', 'Not_Found']","['truck', 'truck', 'truck']",No,non_mining
819,IND0041201020240100036,20_10_2024_00_37_51,Not_Found,truck,1,1,False,"['Not_Found', 'Not_Found', 'Not_Found']","['truck', 'truck', 'truck', 'truck', 'truck', 'truck', 'truck', 'truck', 'truck']",No,covered
820,IND0041201020240200345,20_10_2024_09_08_55,mining_empty,truck,2,1,False,"['mining_empty', 'mining_empty', 'mining_empty']","['truck', 'truck', 'truck', 'truck', 'truck', 'truck', 'truck', 'truck', 'truck', 'truck']",No,mining_empty
821,IND0041201020240200633,20_10_2024_16_43_19,mining_empty,tractor,2,4,True,"['mining_empty', 'mining_empty', 'mining_empty']","['tractor', 'tractor', 'tractor', 'tractor', 'tractor', 'tractor', 'tractor', 'tractor']",No,mining_empty
822,IND0041201020240200636,20_10_2024_16_47_39,non_mining,mini_truck,2,2,False,['non_mining'],['mini_truck'],No,non_mining
823,IND0041201020240100257,20_10_2024_05_11_21,Not_Found,truck,1,1,False,"['Not_Found', 'Not_Found', 'Not_Found']","['truck', 'truck', 'truck', 'truck', 'truck', 'truck', 'truck']",No,non_mining
824,IND0041201020240101353,20_10_2024_18_42_17,Not_Found,truck,1,4,True,"['Not_Found', 'Not_Found', 'Not_Found']","['truck', 'truck', 'truck']",No,covered
825,IND0041201020240200071,20_10_2024_01_32_47,Not_Found,truck,2,4,True,"['Not_Found', 'Not_Found', 'Not_Found']","['truck', 'truck', 'truck']",No,covered
826,IND0041201020240101124,20_10_2024_16_02_53,non_mining,truck,1,4,True,"['non_mining', 'non_mining', 'non_mining']","['truck', 'truck', 'truck']",No,non_mining
827,IND0041201020240200743,20_10_2024_19_10_41,Not_Found,mini_truck,2,2,False,['Not_Found'],['mini_truck'],No,non_mining
828,IND0041201020240100873,20_10_2024_13_12_27,non_mining,truck,1,4,True,"['Not_Found', 'non_mining', 'non_mining']","['truck', 'truck', 'truck']",No,non_mining
829,IND0041201020240200502,20_10_2024_12_53_05,non_mining,truck,2,4,True,"['non_mining', 'non_mining', 'non_mining']","['truck', 'truck', 'truck']",No,non_mining
830,IND0041201020240200870,20_10_2024_23_15_59,Not_Found,truck,2,4,True,"['Not_Found', 'Not_Found', 'Not_Found']","['truck', 'truck', 'truck']",No,covered
831,IND0041201020240200634,20_10_2024_16_43_45,non_mining,tractor,2,4,True,"['non_mining', 'non_mining', 'non_mining']","['tractor', 'tractor', 'tractor']",No,non_mining
832,IND0041201020240200705,20_10_2024_18_24_48,Not_Found,mini_truck,2,2,False,['Not_Found'],['mini_truck'],No,Not_Found
833,IND0041201020240100177,20_10_2024_03_10_42,Not_Found,truck,1,4,True,"['Not_Found', 'Not_Found', 'Not_Found']","['truck', 'truck', 'truck']",No,Not_Found
834,IND0041201020240101481,20_10_2024_20_19_06,Not_Found,truck,1,4,True,"['Not_Found', 'Not_Found', 'Not_Found']","['truck', 'truck', 'truck']",No,non_mining
835,IND0041201020240200837,20_10_2024_22_22_52,Not_Found,truck,2,1,False,['Not_Found'],['truck'],Yes,covered
836,IND0041201020240200552,20_10_2024_13_56_11,non_mining,truck,2,4,True,"['non_mining', 'Not_Found', 'covered']","['truck', 'truck', 'truck']",No,non_mining
837,IND0041201020240101257,20_10_2024_17_33_43,non_mining,mini_truck,1,4,True,"['non_mining', 'non_mining', 'covered']","['mini_truck', 'mini_truck', 'mini_truck']",Yes,non_mining
838,IND0041201020240200625,20_10_2024_16_23_12,Not_Found,truck,2,4,True,"['Not_Found', 'Not_Found', 'non_mining']","['truck', 'truck', 'truck']",No,Not_Found
839,IND0041201020240100586,20_10_2024_10_04_37,covered,truck,1,4,True,"['covered', 'covered', 'covered']","['truck', 'truck', 'truck']",No,covered
840,IND0041201020240200359,20_10_2024_09_27_01,non_mining,truck,2,4,True,"['Not_Found', 'non_mining', 'non_mining']","['truck', 'truck', 'truck']",No,non_mining
841,IND0041201020240100670,20_10_2024_10_59_27,Not_Found,truck,1,4,True,"['Not_Found', 'Not_Found', 'non_mining']","['truck', 'truck', 'truck']",No,non_mining
842,IND0041201020240100861,20_10_2024_13_06_30,non_mining,truck,1,4,True,"['non_mining', 'non_mining', 'non_mining']","['truck', 'truck', 'truck']",No,non_mining
843,IND0041201020240101177,20_10_2024_16_47_39,non_mining,truck,1,4,True,"['Not_Found', 'non_mining', 'non_mining']","['truck', 'truck', 'truck']",No,non_mining
844,IND0041201020240100735,20_10_2024_11_48_42,non_mining,mini_truck,1,4,True,"['non_mining', 'non_mining', 'non_mining']","['mini_truck', 'mini_truck', 'mini_truck']",No,non_mining
845,IND0041201020240101501,20_10_2024_20_30_04,Not_Found,mini_truck,1,1,False,"['Not_Found', 'Not_Found', 'Not_Found']","['mini_truck', 'mini_truck', 'mini_truck']",No,non_mining
846,IND0041201020240101475,20_10_2024_20_14_27,non_mining,mini_truck,1,3,False,"['Not_Found', 'non_mining', 'non_mining']","['mini_truck', 'mini_truck', 'mini_truck', 'mini_truck', 'mini_truck', 'mini_truck', 'mini_truck']",No,non_mining
847,IND0041201020240100844,20_10_2024_12_56_16,non_mining,truck,1,4,True,"['Not_Found', 'non_mining', 'non_mining']","['truck', 'truck', 'truck']",No,non_mining
848,IND0041201020240100152,20_10_2024_02_37_05,Not_Found,truck,1,4,True,"['Not_Found', 'Not_Found', 'Not_Found']","['truck', 'truck', 'truck']",No,covered
849,IND0041201020240100627,20_10_2024_10_37_10,non_mining,truck,1,3,True,"['non_mining', 'non_mining']","['truck', 'truck']",No,non_mining
850,IND0041201020240100761,20_10_2024_12_10_36,non_mining,truck,1,3,True,"['non_mining', 'non_mining']","['truck', 'truck']",No,non_mining
851,IND0041201020240200171,20_10_2024_03_58_20,Not_Found,truck,2,4,True,"['Not_Found', 'Not_Found', 'Not_Found']","['truck', 'truck', 'truck']",No,covered
852,IND0041201020240200879,20_10_2024_23_35_18,Not_Found,truck,2,4,True,"['Not_Found', 'Not_Found', 'Not_Found']","['truck', 'truck', 'truck']",No,covered
853,IND0041201020240101321,20_10_2024_18_22_21,non_mining,truck,1,1,False,['non_mining'],['truck'],No,non_mining
854,IND0041201020240100073,20_10_2024_01_04_46,Not_Found,truck,1,1,False,"['Not_Found', 'Not_Found', 'Not_Found']","['truck', 'truck', 'truck', 'truck', 'truck', 'hywa', 'hywa', 'truck']",No,
855,IND0041201020240100556,20_10_2024_09_37_10,Not_Found,hywa,1,4,True,"['Not_Found', 'Not_Found', 'Not_Found']","['truck', 'hywa', 'hywa']",No,mining_full
856,IND0041201020240100029,20_10_2024_00_29_27,Not_Found,truck,1,4,True,"['Not_Found', 'Not_Found', 'Not_Found']","['truck', 'truck', 'truck', 'truck']",No,non_mining
857,IND0041201020240200115,20_10_2024_02_42_51,Not_Found,truck,2,1,False,"['Not_Found', 'Not_Found']","['truck', 'truck']",No,mining_full
858,IND0041201020240200860,20_10_2024_23_00_13,Not_Found,truck,2,4,True,"['Not_Found', 'Not_Found', 'non_mining']","['truck', 'truck', 'truck']",No,covered
859,IND0041201020240100653,20_10_2024_10_47_49,Not_Found,truck,1,3,True,"['Not_Found', 'Not_Found']","['truck', 'truck']",No,Not_Found
860,IND0041201020240100821,20_10_2024_12_44_22,Not_Found,truck,1,4,True,"['Not_Found', 'Not_Found', 'covered']","['truck', 'truck', 'truck']",No,non_mining
861,IND0041201020240101316,20_10_2024_18_21_28,Not_Found,mini_truck,1,2,False,['Not_Found'],['mini_truck'],No,Not_Found
862,IND0041201020240200779,20_10_2024_20_10_03,non_mining,mini_truck,2,4,True,"['non_mining', 'non_mining', 'non_mining']","['mini_truck', 'mini_truck', 'mini_truck', 'mini_truck', 'mini_truck']",No,non_mining
863,IND0041201020240200884,20_10_2024_23_44_52,Not_Found,mini_truck,2,3,False,"['Not_Found', 'Not_Found']","['mini_truck', 'mini_truck']",No,non_mining
864,IND0041201020240100655,20_10_2024_10_49_32,non_mining,mini_truck,1,4,True,"['non_mining', 'non_mining', 'non_mining']","['mini_truck', 'mini_truck', 'mini_truck']",No,non_mining
865,IND0041201020240100143,20_10_2024_02_34_09,non_mining,truck,1,1,False,['non_mining'],['truck'],Yes,non_mining
866,IND0041201020240200829,20_10_2024_22_14_04,Not_Found,truck,2,4,True,"['Not_Found', 'non_mining', 'Not_Found']","['truck', 'truck', 'truck']",No,non_mining
867,IND0041201020240101148,20_10_2024_16_22_41,covered,truck,1,4,True,"['covered', 'covered', 'covered']","['truck', 'truck', 'truck']",No,covered
868,IND0041201020240101688,20_10_2024_23_09_33,Not_Found,truck,1,4,True,"['Not_Found', 'Not_Found', 'Not_Found']","['hywa', 'truck', 'truck']",No,covered
869,IND0041201020240200298,20_10_2024_08_04_38,non_mining,truck,2,4,True,"['Not_Found', 'non_mining', 'non_mining']","['truck', 'truck', 'truck']",No,non_mining
870,IND0041201020240100677,20_10_2024_11_03_16,Not_Found,truck,1,4,True,"['Not_Found', 'Not_Found', 'Not_Found']","['truck', 'truck', 'truck']",No,covered
871,IND0041201020240200278,20_10_2024_07_05_37,Not_Found,hywa,2,3,False,"['Not_Found', 'Not_Found', 'Not_Found']","['hywa', 'hywa', 'hywa', 'hywa', 'hywa']",No,mining_full
872,IND0041201020240100816,20_10_2024_12_42_07,non_mining,truck,1,4,True,"['non_mining', 'non_mining', 'non_mining']","['truck', 'truck', 'truck']",No,non_mining
873,IND0041201020240200322,20_10_2024_08_45_27,non_mining,truck,2,4,True,"['non_mining', 'non_mining', 'non_mining']","['truck', 'truck', 'truck']",No,non_mining
874,IND0041201020240200773,20_10_2024_20_00_56,Not_Found,truck,2,1,False,"['Not_Found', 'Not_Found', 'Not_Found']","['truck', 'truck', 'truck', 'truck', 'truck', 'truck', 'truck', 'truck', 'truck', 'truck', 'truck', 'truck', 'truck', 'truck', 'truck', 'truck', 'truck', 'truck', 'truck', 'truck', 'truck', 'truck', 'truck', 'truck', 'truck', 'truck', 'truck', 'truck', 'truck', 'truck', 'truck']",No,non_mining
875,IND0041201020240101118,20_10_2024_15_58_30,Not_Found,truck,1,4,True,"['Not_Found', 'Not_Found', 'non_mining']","['truck', 'truck', 'truck', 'truck', 'truck']",No,non_mining
876,IND0041201020240101095,20_10_2024_15_43_59,covered,truck,1,4,True,"['covered', 'covered', 'covered']","['truck', 'truck', 'truck']",No,covered
877,IND0041201020240200255,20_10_2024_06_21_07,non_mining,truck,2,1,False,"['non_mining', 'covered', 'Not_Found']","['mini_truck', 'truck', 'truck', 'truck', 'truck']",No,non_mining
878,IND0041201020240100612,20_10_2024_10_26_45,non_mining,truck,1,4,True,"['non_mining', 'non_mining', 'non_mining']","['truck', 'truck', 'truck']",No,non_mining
879,IND0041201020240101493,20_10_2024_20_23_59,Not_Found,truck,1,4,True,"['Not_Found', 'Not_Found', 'Not_Found']","['truck', 'truck', 'truck']",No,covered
880,IND0041201020240101623,20_10_2024_22_10_43,Not_Found,truck,1,4,True,"['Not_Found', 'Not_Found', 'Not_Found']","['truck', 'truck', 'truck']",No,non_mining
881,IND0041201020240200131,20_10_2024_03_13_19,Not_Found,truck,2,4,True,"['Not_Found', 'Not_Found', 'Not_Found']","['truck', 'truck', 'truck']",No,non_mining
882,IND0041201020240100295,20_10_2024_06_32_22,Not_Found,truck,1,3,True,"['Not_Found', 'non_mining']","['truck', 'truck']",No,non_mining
883,IND0041201020240100533,20_10_2024_09_21_51,non_mining,truck,1,4,True,"['non_mining', 'non_mining', 'non_mining']","['truck', 'truck', 'truck']",No,non_mining
884,IND0041201020240100944,20_10_2024_14_07_06,mining_full,hywa,1,4,True,"['Not_Found', 'mining_full', 'mining_full']","['hywa', 'hywa', 'hywa']",No,mining_full
885,IND0041201020240200605,20_10_2024_15_36_55,non_mining,mini_truck,2,4,True,"['non_mining', 'non_mining', 'non_mining']","['mini_truck', 'mini_truck', 'mini_truck']",No,non_mining
886,IND0041201020240200676,20_10_2024_17_43_38,non_mining,mini_truck,2,1,False,"['non_mining', 'Not_Found']","['mini_truck', 'mini_truck']",No,non_mining
887,IND0041201020240101313,20_10_2024_18_20_18,Not_Found,mini_truck,1,2,False,['Not_Found'],['mini_truck'],No,Not_Found
888,IND0041201020240101717,20_10_2024_23_49_25,Not_Found,truck,1,4,True,"['Not_Found', 'Not_Found', 'Not_Found']","['truck', 'truck', 'truck']",No,non_mining
889,IND0041201020240200326,20_10_2024_08_49_08,Not_Found,tractor,2,1,False,['Not_Found'],['tractor'],No,non_mining
890,IND0041201020240200163,20_10_2024_03_52_51,Not_Found,truck,2,4,True,"['Not_Found', 'Not_Found', 'Not_Found']","['truck', 'truck', 'truck']",No,covered
891,IND0041201020240200698,20_10_2024_18_15_20,Not_Found,mini_truck,2,2,False,['Not_Found'],['mini_truck'],No,non_mining
892,IND0041201020240200094,20_10_2024_02_18_19,Not_Found,truck,2,4,True,"['Not_Found', 'Not_Found', 'Not_Found']","['truck', 'truck', 'truck']",No,Not_Found
893,IND0041201020240101323,20_10_2024_18_23_58,Not_Found,truck,1,4,True,"['Not_Found', 'Not_Found', 'Not_Found']","['truck', 'truck', 'truck', 'truck']",No,non_mining
894,IND0041201020240101646,20_10_2024_22_35_40,Not_Found,truck,1,4,True,"['Not_Found', 'Not_Found', 'Not_Found']","['truck', 'truck', 'truck']",No,non_mining
895,IND0041201020240101419,20_10_2024_19_32_41,Not_Found,truck,1,4,True,"['Not_Found', 'Not_Found', 'Not_Found']","['truck', 'truck', 'truck']",No,non_mining
896,IND0041201020240100005,20_10_2024_00_14_00,Not_Found,truck,1,3,True,"['Not_Found', 'Not_Found']","['truck', 'truck']",No,covered
897,IND0041201020240100379,20_10_2024_07_49_06,non_mining,truck,1,4,True,"['non_mining', 'non_mining', 'non_mining']","['truck', 'truck', 'truck', 'truck']",No,non_mining
898,IND0041201020240100825,20_10_2024_12_45_46,Not_Found,truck,1,4,True,"['Not_Found', 'Not_Found', 'non_mining']","['truck', 'truck', 'truck']",No,Not_Found
899,IND0041201020240100347,20_10_2024_07_17_54,non_mining,truck,1,4,True,"['Not_Found', 'non_mining', 'non_mining']","['truck', 'truck', 'truck']",No,non_mining
900,IND0041201020240101172,20_10_2024_16_43_11,non_mining,truck,1,4,True,"['non_mining', 'non_mining', 'non_mining']","['truck', 'truck', 'truck']",No,non_mining
901,IND0041201020240101045,20_10_2024_15_12_05,covered,mini_truck,1,4,True,"['covered', 'covered', 'covered']","['mini_truck', 'mini_truck', 'mini_truck']",No,covered
902,IND0041201020240100333,20_10_2024_07_02_37,non_mining,truck,1,4,True,"['non_mining', 'non_mining', 'non_mining']","['truck', 'truck', 'truck']",No,non_mining
903,IND0041201020240200793,20_10_2024_20_30_15,Not_Found,truck,2,4,True,"['Not_Found', 'Not_Found', 'Not_Found']","['truck', 'truck', 'truck']",No,covered
904,IND0041201020240100901,20_10_2024_13_35_48,Not_Found,truck,1,3,True,"['Not_Found', 'non_mining']","['truck', 'truck']",No,non_mining
905,IND0041201020240101580,20_10_2024_21_29_54,Not_Found,mini_truck,1,4,True,"['Not_Found', 'Not_Found', 'Not_Found']","['mini_truck', 'mini_truck', 'mini_truck']",No,non_mining
906,IND0041201020240200294,20_10_2024_07_49_07,Not_Found,truck,2,4,True,"['Not_Found', 'Not_Found', 'Not_Found']","['truck', 'truck', 'truck']",No,covered
907,IND0041201020240100316,20_10_2024_06_52_56,Not_Found,truck,1,4,True,"['Not_Found', 'Not_Found', 'non_mining']","['truck', 'truck', 'truck']",No,covered
908,IND0041201020240200172,20_10_2024_03_58_35,Not_Found,truck,2,4,True,"['Not_Found', 'Not_Found', 'Not_Found']","['truck', 'truck', 'truck']",No,covered
909,IND0041201020240101249,20_10_2024_17_29_10,non_mining,truck,1,4,True,"['non_mining', 'non_mining', 'non_mining']","['truck', 'truck', 'truck']",No,non_mining
910,IND0041201020240101417,20_10_2024_19_31_53,non_mining,mini_truck,1,4,True,"['Not_Found', 'non_mining', 'non_mining']","['mini_truck', 'mini_truck', 'mini_truck', 'mini_truck', 'mini_truck']",No,non_mining
911,IND0041201020240200768,20_10_2024_19_55_32,Not_Found,truck,2,3,True,"['Not_Found', 'Not_Found']","['truck', 'truck']",No,non_mining
912,IND0041201020240200403,20_10_2024_10_43_27,Not_Found,mini_truck,2,3,False,"['Not_Found', 'Not_Found']","['mini_truck', 'mini_truck']",No,covered
913,IND0041201020240101714,20_10_2024_23_47_23,Not_Found,truck,1,4,True,"['Not_Found', 'Not_Found', 'Not_Found']","['truck', 'truck', 'truck']",No,non_mining
914,IND0041201020240100660,20_10_2024_10_52_16,non_mining,truck,1,4,True,"['non_mining', 'non_mining', 'non_mining']","['truck', 'truck', 'truck']",No,non_mining
915,IND0041201020240100470,20_10_2024_08_47_32,non_mining,truck,1,4,True,"['non_mining', 'non_mining', 'non_mining']","['truck', 'truck', 'truck']",No,non_mining
916,IND0041201020240101536,20_10_2024_20_50_54,Not_Found,truck,1,1,False,"['Not_Found', 'Not_Found', 'Not_Found']","['truck', 'truck', 'truck', 'truck', 'truck', 'truck', 'truck', 'truck']",No,Not_Found
917,IND0041201020240101037,20_10_2024_15_07_28,non_mining,truck,1,4,True,"['non_mining', 'non_mining', 'covered']","['truck', 'truck', 'truck']",No,non_mining
918,IND0041201020240100315,20_10_2024_06_51_53,non_mining,truck,1,4,True,"['Not_Found', 'non_mining', 'non_mining']","['truck', 'truck', 'truck']",No,non_mining
919,IND0041201020240100473,20_10_2024_08_50_14,non_mining,truck,1,4,True,"['non_mining', 'non_mining', 'non_mining']","['truck', 'truck', 'truck']",No,non_mining
920,IND0041201020240200228,20_10_2024_05_17_03,Not_Found,truck,2,4,True,"['Not_Found', 'Not_Found', 'Not_Found']","['truck', 'truck', 'truck']",No,non_mining
921,IND0041201020240100515,20_10_2024_09_09_24,non_mining,truck,1,1,False,"['non_mining', 'non_mining', 'mining_empty']","['truck', 'truck', 'truck', 'truck', 'truck', 'mini_truck']",No,non_mining
922,IND0041201020240101252,20_10_2024_17_29_52,non_mining,truck,1,4,True,"['non_mining', 'non_mining', 'non_mining']","['truck', 'truck', 'truck']",No,non_mining
923,IND0041201020240200047,20_10_2024_01_04_48,Not_Found,truck,2,4,True,"['Not_Found', 'Not_Found', 'Not_Found']","['truck', 'truck', 'truck']",No,non_mining
924,IND0041201020240101551,20_10_2024_21_05_58,Not_Found,truck,1,4,True,"['Not_Found', 'Not_Found', 'Not_Found']","['truck', 'truck', 'truck']",No,non_mining
925,IND0041201020240100327,20_10_2024_06_58_36,non_mining,truck,1,4,True,"['non_mining', 'non_mining', 'non_mining']","['truck', 'truck', 'truck']",Yes,non_mining
926,IND0041201020240100550,20_10_2024_09_33_20,non_mining,truck,1,4,True,"['non_mining', 'non_mining', 'non_mining']","['truck', 'truck', 'truck']",No,non_mining
927,IND0041201020240200451,20_10_2024_11_48_03,non_mining,truck,2,4,True,"['Not_Found', 'non_mining', 'non_mining']","['truck', 'truck', 'truck']",No,non_mining
928,IND0041201020240200405,20_10_2024_10_45_02,covered,truck,2,4,True,"['covered', 'covered', 'covered']","['truck', 'truck', 'truck']",No,covered
929,IND0041201020240100419,20_10_2024_08_13_53,non_mining,mini_truck,1,4,True,"['non_mining', 'non_mining', 'mining_empty']","['mini_truck', 'mini_truck', 'mini_truck']",No,non_mining
930,IND0041201020240100494,20_10_2024_08_59_45,mining_full,hywa,1,2,False,"['Not_Found', 'mining_full', 'mining_full']","['hywa', 'hywa', 'hywa', 'hywa', 'hywa', 'hywa', 'hywa', 'hywa']",No,mining_full
931,IND0041201020240101174,20_10_2024_16_43_52,non_mining,mini_truck,1,4,True,"['non_mining', 'non_mining', 'non_mining']","['mini_truck', 'mini_truck', 'mini_truck']",No,non_mining
932,IND0041201020240101097,20_10_2024_15_46_06,non_mining,truck,1,1,False,['non_mining'],['truck'],No,non_mining
933,IND0041201020240200063,20_10_2024_01_25_55,Not_Found,truck,2,4,True,"['Not_Found', 'Not_Found', 'Not_Found']","['truck', 'truck', 'truck']",No,covered
934,IND0041201020240100273,20_10_2024_05_46_17,Not_Found,truck,1,4,True,"['Not_Found', 'Not_Found', 'Not_Found']","['truck', 'truck', 'truck']",No,Not_Found
935,IND0041201020240200243,20_10_2024_05_36_50,Not_Found,truck,2,1,False,['Not_Found'],['truck'],Yes,covered
936,IND0041201020240200796,20_10_2024_20_37_00,Not_Found,truck,2,4,True,"['Not_Found', 'Not_Found', 'Not_Found']","['truck', 'truck', 'truck']",No,non_mining
937,IND0041201020240100440,20_10_2024_08_28_07,non_mining,truck,1,4,True,"['Not_Found', 'non_mining', 'non_mining']","['truck', 'truck', 'truck']",No,non_mining
938,IND0041201020240101010,20_10_2024_14_53_42,non_mining,mini_truck,1,4,True,"['Not_Found', 'non_mining', 'non_mining']","['mini_truck', 'mini_truck', 'mini_truck']",No,non_mining
939,IND0041201020240100015,20_10_2024_00_20_21,Not_Found,truck,1,4,True,"['Not_Found', 'Not_Found', 'Not_Found']","['truck', 'truck', 'truck']",No,non_mining
940,IND0041201020240100467,20_10_2024_08_46_38,mining_empty,hywa,1,4,True,"['Not_Found', 'mining_empty', 'mining_empty']","['hywa', 'hywa', 'hywa']",No,mining_empty
941,IND0041201020240101187,20_10_2024_16_54_14,non_mining,truck,1,4,True,"['Not_Found', 'non_mining', 'non_mining']","['truck', 'truck', 'truck']",No,non_mining
942,IND0041201020240100087,20_10_2024_01_14_24,Not_Found,truck,1,1,False,['Not_Found'],['truck'],Yes,non_mining
943,IND0041201020240101672,20_10_2024_22_53_20,Not_Found,truck,1,4,True,"['Not_Found', 'Not_Found', 'Not_Found']","['truck', 'truck', 'truck']",No,non_mining
944,IND0041201020240101021,20_10_2024_14_57_13,non_mining,truck,1,3,True,"['non_mining', 'non_mining']","['truck', 'truck']",No,non_mining
945,IND0041201020240100461,20_10_2024_08_44_02,Not_Found,truck,1,3,True,"['Not_Found', 'non_mining']","['truck', 'truck']",No,non_mining
946,IND0041201020240100796,20_10_2024_12_31_35,non_mining,truck,1,4,True,"['non_mining', 'non_mining', 'covered']","['truck', 'truck', 'truck']",No,non_mining
947,IND0041201020240100759,20_10_2024_12_09_54,Not_Found,truck,1,4,True,"['Not_Found', 'Not_Found', 'Not_Found']","['truck', 'truck', 'truck']",No,covered
948,IND0041201020240100973,20_10_2024_14_29_58,mining_empty,mini_truck,1,2,True,['mining_empty'],['mini_truck'],No,mining_empty
949,IND0041201020240100458,20_10_2024_08_42_03,Not_Found,truck,1,3,True,"['Not_Found', 'Not_Found']","['truck', 'truck']",No,non_mining
950,IND0041201020240200257,20_10_2024_06_22_50,covered,mini_truck,2,4,True,"['covered', 'covered', 'covered']","['mini_truck', 'mini_truck', 'mini_truck']",No,covered
951,IND0041201020240200363,20_10_2024_09_32_02,non_mining,truck,2,4,True,"['Not_Found', 'non_mining', 'non_mining']","['truck', 'truck', 'truck']",No,non_mining
952,IND0041201020240101457,20_10_2024_20_00_02,Not_Found,mini_truck,1,3,False,"['Not_Found', 'Not_Found', 'Not_Found']","['mini_truck', 'mini_truck', 'mini_truck', 'mini_truck']",No,non_mining
953,IND0041201020240100980,20_10_2024_14_36_27,non_mining,truck,1,4,True,"['non_mining', 'non_mining', 'non_mining']","['truck', 'truck', 'truck']",No,non_mining
954,IND0041201020240100290,20_10_2024_06_29_05,non_mining,truck,1,4,True,"['non_mining', 'non_mining', 'non_mining']","['truck', 'truck', 'truck']",No,non_mining
955,IND0041201020240200658,20_10_2024_17_21_41,Not_Found,truck,2,3,True,"['Not_Found', 'non_mining']","['truck', 'truck']",No,covered
956,IND0041201020240100431,20_10_2024_08_23_01,Not_Found,truck,1,4,True,"['Not_Found', 'Not_Found', 'Not_Found']","['truck', 'truck', 'truck']",No,covered
957,IND0041201020240200803,20_10_2024_20_51_26,Not_Found,mini_truck,2,4,True,"['Not_Found', 'Not_Found', 'non_mining']","['mini_truck', 'mini_truck', 'mini_truck']",No,covered
958,IND0041201020240100208,20_10_2024_03_54_57,Not_Found,truck,1,1,False,"['Not_Found', 'Not_Found', 'Not_Found']","['truck', 'truck', 'truck', 'truck', 'truck', 'truck', 'truck', 'truck', 'truck']",No,covered
959,IND0041201020240100153,20_10_2024_02_37_21,Not_Found,truck,1,4,True,"['Not_Found', 'Not_Found', 'Not_Found']","['truck', 'truck', 'truck']",No,mining_full
960,IND0041201020240100654,20_10_2024_10_48_56,non_mining,mini_truck,1,1,False,"['non_mining', 'non_mining', 'non_mining']","['mini_truck', 'mini_truck', 'mini_truck', 'mini_truck', 'mini_truck', 'mini_truck', 'mini_truck', 'mini_truck']",No,non_mining
961,IND0041201020240100504,20_10_2024_09_04_16,covered,truck,1,1,False,['covered'],['truck'],Yes,covered
962,IND0041201020240101020,20_10_2024_14_57_11,covered,mini_truck,1,4,True,"['covered', 'covered', 'covered']","['mini_truck', 'mini_truck', 'mini_truck']",No,covered
963,IND0041201020240101359,20_10_2024_18_43_51,Not_Found,truck,1,4,True,"['Not_Found', 'Not_Found', 'Not_Found']","['truck', 'truck', 'truck']",No,covered
964,IND0041201020240200630,20_10_2024_16_40_21,non_mining,mini_truck,2,3,False,"['non_mining', 'non_mining', 'non_mining']","['mini_truck', 'mini_truck', 'mini_truck', 'mini_truck', 'mini_truck', 'mini_truck', 'mini_truck', 'mini_truck']",No,non_mining
965,IND0041201020240100140,20_10_2024_02_28_40,Not_Found,truck,1,4,True,"['Not_Found', 'Not_Found', 'Not_Found']","['truck', 'truck', 'truck']",No,non_mining
966,IND0041201020240100867,20_10_2024_13_09_56,Not_Found,truck,1,4,True,"['Not_Found', 'Not_Found', 'Not_Found']","['truck', 'truck', 'truck']",No,covered
967,IND0041201020240101698,20_10_2024_23_24_01,Not_Found,truck,1,4,True,"['Not_Found', 'Not_Found', 'Not_Found']","['truck', 'truck', 'truck']",No,Not_Found
968,IND0041201020240200180,20_10_2024_04_13_28,Not_Found,mini_truck,2,2,False,"['Not_Found', 'Not_Found', 'Not_Found']","['mini_truck', 'mini_truck', 'mini_truck', 'mini_truck']",No,covered
969,IND0041201020240100230,20_10_2024_04_30_22,Not_Found,truck,1,1,False,"['Not_Found', 'Not_Found', 'non_mining']","['truck', 'truck', 'truck', 'truck', 'truck']",No,non_mining
970,IND0041201020240101591,20_10_2024_21_40_21,non_mining,truck,1,4,True,"['Not_Found', 'non_mining', 'non_mining']","['truck', 'truck', 'truck']",No,non_mining
971,IND0041201020240101564,20_10_2024_21_17_47,Not_Found,truck,1,1,False,"['Not_Found', 'Not_Found', 'Not_Found']","['hywa', 'truck', 'truck']",No,covered
972,IND0041201020240200544,20_10_2024_13_53_00,non_mining,truck,2,4,True,"['non_mining', 'non_mining', 'non_mining']","['truck', 'truck', 'truck']",No,non_mining
973,IND0041201020240101528,20_10_2024_20_45_10,non_mining,mini_truck,1,4,True,"['Not_Found', 'non_mining', 'non_mining']","['mini_truck', 'mini_truck', 'mini_truck']",No,non_mining
974,IND0041201020240100025,20_10_2024_00_26_06,Not_Found,truck,1,3,True,"['Not_Found', 'Not_Found']","['truck', 'truck']",No,non_mining
975,IND0041201020240101247,20_10_2024_17_27_20,non_mining,truck,1,4,True,"['Not_Found', 'non_mining', 'non_mining']","['truck', 'truck', 'truck']",No,non_mining
976,IND0041201020240101611,20_10_2024_22_01_42,Not_Found,truck,1,4,True,"['Not_Found', 'Not_Found', 'Not_Found']","['truck', 'truck', 'truck']",No,covered
977,IND0041201020240200617,20_10_2024_16_04_31,Not_Found,mini_truck,2,1,False,['Not_Found'],['mini_truck'],No,Not_Found
978,IND0041201020240100453,20_10_2024_08_39_29,non_mining,truck,1,4,True,"['Not_Found', 'non_mining', 'non_mining']","['truck', 'truck', 'truck']",No,non_mining
979,IND0041201020240100250,20_10_2024_05_01_26,Not_Found,truck,1,4,True,"['Not_Found', 'Not_Found', 'Not_Found']","['truck', 'truck', 'truck']",No,covered
980,IND0041201020240200780,20_10_2024_20_13_19,Not_Found,truck,2,3,False,"['Not_Found', 'Not_Found', 'Not_Found']","['truck', 'truck', 'truck', 'truck', 'truck']",No,non_mining
981,IND0041201020240200681,20_10_2024_17_49_17,non_mining,truck,2,4,True,"['non_mining', 'non_mining', 'non_mining']","['truck', 'truck', 'truck']",No,non_mining
982,IND0041201020240100676,20_10_2024_11_01_10,covered,truck,1,4,True,"['covered', 'covered', 'covered']","['truck', 'truck', 'truck']",No,covered
983,IND0041201020240200347,20_10_2024_09_15_46,non_mining,truck,2,4,True,"['non_mining', 'non_mining', 'non_mining']","['truck', 'truck', 'truck']",No,non_mining
984,IND0041201020240200855,20_10_2024_22_50_17,non_mining,mini_truck,2,1,False,"['non_mining', 'non_mining', 'non_mining']","['mini_truck', 'mini_truck', 'mini_truck', 'mini_truck', 'mini_truck', 'mini_truck', 'mini_truck', 'mini_truck', 'mini_truck']",No,non_mining
985,IND0041201020240100690,20_10_2024_11_15_31,non_mining,truck,1,4,True,"['non_mining', 'non_mining', 'non_mining']","['truck', 'truck', 'truck']",No,non_mining
986,IND0041201020240100248,20_10_2024_04_53_58,Not_Found,truck,1,4,True,"['Not_Found', 'Not_Found', 'Not_Found']","['truck', 'truck', 'truck', 'truck', 'truck', 'truck']",No,Not_Found
987,IND0041201020240101132,20_10_2024_16_07_50,non_mining,truck,1,4,True,"['non_mining', 'non_mining', 'non_mining']","['truck', 'truck', 'truck']",No,non_mining
988,IND0041201020240200073,20_10_2024_01_36_02,Not_Found,mini_truck,2,2,False,['Not_Found'],['mini_truck'],No,non_mining
989,IND0041201020240101046,20_10_2024_15_12_39,non_mining,truck,1,4,True,"['non_mining', 'non_mining', 'non_mining']","['truck', 'truck', 'truck']",No,non_mining
990,IND0041201020240100378,20_10_2024_07_48_56,Not_Found,truck,1,4,True,"['Not_Found', 'non_mining', 'Not_Found']","['truck', 'truck', 'truck']",No,covered
991,IND0041201020240100578,20_10_2024_09_58_34,Not_Found,truck,1,4,True,"['Not_Found', 'Not_Found', 'non_mining']","['truck', 'truck', 'truck']",No,non_mining
992,IND0041201020240100617,20_10_2024_10_30_04,Not_Found,truck,1,3,True,"['Not_Found', 'Not_Found']","['truck', 'truck']",No,covered
993,IND0041201020240200210,20_10_2024_04_49_03,Not_Found,truck,2,4,True,"['Not_Found', 'Not_Found', 'Not_Found']","['truck', 'truck', 'truck']",No,Not_Found
994,IND0041201020240100109,20_10_2024_01_34_26,Not_Found,truck,1,4,True,"['Not_Found', 'Not_Found', 'Not_Found']","['truck', 'truck', 'truck']",No,covered
995,IND0041201020240101236,20_10_2024_17_21_00,non_mining,truck,1,4,True,"['non_mining', 'non_mining', 'non_mining']","['truck', 'truck', 'truck']",No,non_mining
996,IND0041201020240101130,20_10_2024_16_07_18,non_mining,truck,1,4,True,"['Not_Found', 'non_mining', 'non_mining']","['truck', 'truck', 'truck']",No,non_mining
997,IND0041201020240101507,20_10_2024_20_34_32,Not_Found,truck,1,2,False,"['Not_Found', 'Not_Found', 'Not_Found']","['truck', 'truck', 'truck', 'truck', 'truck', 'truck', 'truck', 'truck']",No,non_mining
998,IND0041201020240101421,20_10_2024_19_34_21,Not_Found,truck,1,1,False,"['Not_Found', 'Not_Found', 'Not_Found']","['truck', 'truck', 'truck', 'truck', 'truck']",No,covered
999,IND0041201020240101266,20_10_2024_17_40_05,Not_Found,truck,1,4,True,"['Not_Found', 'Not_Found', 'Not_Found']","['truck', 'truck', 'truck']",No,non_mining
1000,IND0041201020240200481,20_10_2024_12_24_36,non_mining,truck,2,3,False,"['non_mining', 'Not_Found']","['truck', 'truck']",No,non_mining
1001,IND0041201020240100142,20_10_2024_02_34_08,Not_Found,truck,1,4,True,"['Not_Found', 'Not_Found', 'Not_Found']","['truck', 'truck', 'truck']",No,covered
1002,IND0041201020240200414,20_10_2024_10_56_19,non_mining,truck,2,4,True,"['non_mining', 'Not_Found', 'covered']","['truck', 'truck', 'truck']",No,non_mining
1003,IND0041201020240200442,20_10_2024_11_35_21,non_mining,truck,2,4,True,"['Not_Found', 'non_mining', 'non_mining']","['truck', 'truck', 'truck']",No,non_mining
1004,IND0041201020240100254,20_10_2024_05_08_43,Not_Found,truck,1,4,True,"['Not_Found', 'Not_Found', 'Not_Found']","['truck', 'truck', 'truck']",No,non_mining
1005,IND0041201020240100688,20_10_2024_11_13_56,non_mining,truck,1,4,True,"['Not_Found', 'non_mining', 'non_mining']","['truck', 'truck', 'truck']",No,non_mining
1006,IND0041201020240100211,20_10_2024_04_02_45,Not_Found,truck,1,4,True,"['Not_Found', 'Not_Found', 'Not_Found']","['truck', 'truck', 'truck']",No,non_mining
1007,IND0041201020240200421,20_10_2024_11_10_01,Not_Found,tractor,2,4,True,"['Not_Found', 'Not_Found', 'Not_Found']","['tractor', 'tractor', 'tractor', 'tractor']",No,non_mining
1008,IND0041201020240100134,20_10_2024_02_20_40,Not_Found,truck,1,3,True,"['Not_Found', 'Not_Found']","['truck', 'truck']",No,covered
1009,IND0041201020240100939,20_10_2024_14_04_02,non_mining,truck,1,4,True,"['non_mining', 'non_mining', 'Not_Found']","['truck', 'truck', 'truck']",No,non_mining
1010,IND0041201020240100197,20_10_2024_03_41_37,Not_Found,truck,1,4,True,"['Not_Found', 'Not_Found', 'Not_Found']","['truck', 'truck', 'truck']",No,covered
1011,IND0041201020240100987,20_10_2024_14_39_13,non_mining,truck,1,4,True,"['non_mining', 'non_mining', 'non_mining']","['truck', 'truck', 'truck']",No,non_mining
1012,IND0041201020240200370,20_10_2024_09_40_52,non_mining,truck,2,4,True,"['Not_Found', 'non_mining', 'non_mining']","['truck', 'truck', 'truck']",No,non_mining
1013,IND0041201020240100684,20_10_2024_11_07_49,non_mining,mini_truck,1,3,True,"['non_mining', 'non_mining']","['mini_truck', 'mini_truck']",No,non_mining
1014,IND0041201020240100721,20_10_2024_11_39_18,non_mining,truck,1,4,True,"['non_mining', 'non_mining', 'non_mining']","['truck', 'truck', 'truck']",No,non_mining
1015,IND0041201020240200106,20_10_2024_02_34_46,Not_Found,hywa,2,1,False,"['Not_Found', 'Not_Found']","['hywa', 'hywa']",Yes,mining_full
1016,IND0041201020240200248,20_10_2024_05_49_51,Not_Found,truck,2,1,False,"['Not_Found', 'Not_Found', 'Not_Found']","['truck', 'truck', 'truck', 'truck', 'truck']",No,Not_Found
1017,IND0041201020240101103,20_10_2024_15_50_52,covered,truck,1,4,True,"['covered', 'covered', 'covered']","['truck', 'truck', 'truck']",No,covered
1018,IND0041201020240100977,20_10_2024_14_32_18,Not_Found,truck,1,4,True,"['Not_Found', 'Not_Found', 'non_mining']","['truck', 'truck', 'truck']",No,non_mining
1019,IND0041201020240100850,20_10_2024_12_59_18,covered,mini_truck,1,4,True,"['covered', 'covered', 'covered']","['mini_truck', 'mini_truck', 'mini_truck']",No,covered
1020,IND0041201020240200209,20_10_2024_04_48_29,Not_Found,truck,2,4,True,"['Not_Found', 'Not_Found', 'Not_Found']","['truck', 'truck', 'truck']",No,covered
1021,IND0041201020240100189,20_10_2024_03_22_53,Not_Found,truck,1,1,False,['Not_Found'],['truck'],No,mining_empty
1022,IND0041201020240101505,20_10_2024_20_32_34,Not_Found,truck,1,1,False,"['Not_Found', 'Not_Found', 'Not_Found']","['truck', 'truck', 'truck', 'truck', 'truck', 'truck']",No,non_mining
1023,IND0041201020240100777,20_10_2024_12_22_50,non_mining,mini_truck,1,4,True,"['non_mining', 'non_mining', 'non_mining']","['mini_truck', 'mini_truck', 'mini_truck']",No,non_mining
1024,IND0041201020240101535,20_10_2024_20_49_40,Not_Found,truck,1,4,True,"['Not_Found', 'Not_Found', 'Not_Found']","['truck', 'truck', 'truck']",No,Not_Found
1025,IND0041201020240101140,20_10_2024_16_15_41,non_mining,truck,1,4,True,"['non_mining', 'non_mining', 'non_mining']","['truck', 'truck', 'truck']",No,non_mining
1026,IND0041201020240200129,20_10_2024_03_02_32,Not_Found,mini_truck,2,4,True,"['non_mining', 'Not_Found', 'Not_Found']","['mini_truck', 'mini_truck', 'mini_truck']",No,non_mining
1027,IND0041201020240101630,20_10_2024_22_17_02,Not_Found,truck,1,4,True,"['Not_Found', 'Not_Found', 'Not_Found']","['truck', 'truck', 'truck']",No,covered
1028,IND0041201020240101204,20_10_2024_17_00_22,covered,truck,1,4,True,"['covered', 'covered', 'covered']","['truck', 'truck', 'truck']",No,covered
1029,IND0041201020240200824,20_10_2024_21_56_11,Not_Found,truck,2,4,True,"['Not_Found', 'Not_Found', 'Not_Found']","['truck', 'truck', 'truck']",No,Not_Found
1030,IND0041201020240101573,20_10_2024_21_24_11,Not_Found,truck,1,4,True,"['Not_Found', 'Not_Found', 'Not_Found']","['truck', 'truck', 'truck']",No,covered
1031,IND0041201020240200324,20_10_2024_08_49_08,Not_Found,tractor,2,1,False,"['Not_Found', 'Not_Found']","['tractor', 'tractor']",No,non_mining
1032,IND0041201020240100948,20_10_2024_14_10_53,non_mining,truck,1,4,True,"['non_mining', 'non_mining', 'non_mining']","['truck', 'truck', 'truck']",No,non_mining
1033,IND0041201020240200011,20_10_2024_00_11_32,Not_Found,truck,2,4,True,"['Not_Found', 'Not_Found', 'Not_Found']","['truck', 'truck', 'truck']",No,covered
1034,IND0041201020240100210,20_10_2024_04_02_11,Not_Found,truck,1,4,True,"['Not_Found', 'Not_Found', 'Not_Found']","['truck', 'truck', 'truck']",No,non_mining
1035,IND0041201020240101348,20_10_2024_18_39_28,Not_Found,truck,1,3,False,"['Not_Found', 'Not_Found']","['truck', 'truck']",No,non_mining
1036,IND0041201020240100765,20_10_2024_12_13_15,Not_Found,mini_truck,1,2,False,['Not_Found'],['mini_truck'],No,Not_Found
1037,IND0041201020240100566,20_10_2024_09_46_26,non_mining,truck,1,4,True,"['Not_Found', 'non_mining', 'non_mining']","['truck', 'truck', 'truck']",No,non_mining
1038,IND0041201020240100571,20_10_2024_09_53_54,covered,hywa,1,4,True,"['Not_Found', 'covered', 'covered']","['hywa', 'hywa', 'hywa']",No,mining_full
1039,IND0041201020240100636,20_10_2024_10_41_13,Not_Found,mini_truck,1,4,True,"['Not_Found', 'Not_Found', 'Not_Found']","['mini_truck', 'mini_truck', 'mini_truck']",No,covered
1040,IND0041201020240100445,20_10_2024_08_33_17,Not_Found,hywa,1,4,True,"['Not_Found', 'Not_Found', 'Not_Found']","['truck', 'hywa', 'hywa']",No,mining_full
1041,IND0041201020240100911,20_10_2024_13_42_31,mining_full,hywa,1,2,False,"['Not_Found', 'mining_full', 'mining_full']","['hywa', 'hywa', 'hywa', 'hywa', 'hywa', 'hywa']",No,mining_full
1042,IND0041201020240100465,20_10_2024_08_45_51,Not_Found,hywa,1,4,True,"['Not_Found', 'Not_Found', 'Not_Found']","['hywa', 'hywa', 'hywa']",No,mining_full
1043,IND0041201020240100750,20_10_2024_12_03_24,covered,truck,1,4,True,"['non_mining', 'covered', 'covered']","['truck', 'truck', 'truck']",No,covered
1044,IND0041201020240101692,20_10_2024_23_17_59,Not_Found,truck,1,4,True,"['Not_Found', 'Not_Found', 'Not_Found']","['truck', 'truck', 'truck']",No,Not_Found
1045,IND0041201020240100004,20_10_2024_00_12_07,Not_Found,truck,1,4,True,"['Not_Found', 'Not_Found', 'Not_Found']","['truck', 'truck', 'truck']",No,mining_full
1046,IND0041201020240200273,20_10_2024_06_56_38,Not_Found,truck,2,4,True,"['Not_Found', 'Not_Found', 'non_mining']","['truck', 'truck', 'truck']",No,Not_Found
1047,IND0041201020240200769,20_10_2024_19_56_31,Not_Found,truck,2,4,True,"['Not_Found', 'Not_Found', 'Not_Found']","['truck', 'truck', 'truck']",No,covered
1048,IND0041201020240100404,20_10_2024_08_08_46,covered,truck,1,1,False,['covered'],['truck'],Yes,covered
1049,IND0041201020240200025,20_10_2024_00_35_11,Not_Found,truck,2,1,False,"['Not_Found', 'Not_Found', 'Not_Found']","['truck', 'truck', 'truck', 'truck', 'truck', 'truck', 'truck', 'truck', 'truck']",No,covered
1050,IND0041201020240100181,20_10_2024_03_13_54,Not_Found,truck,1,4,True,"['Not_Found', 'Not_Found', 'Not_Found']","['truck', 'truck', 'truck']",No,non_mining
1051,IND0041201020240101082,20_10_2024_15_34_52,non_mining,truck,1,4,True,"['non_mining', 'non_mining', 'non_mining']","['truck', 'truck', 'truck']",No,non_mining
1052,IND0041201020240101394,20_10_2024_19_15_20,Not_Found,truck,1,4,True,"['Not_Found', 'Not_Found', 'Not_Found']","['truck', 'truck', 'truck']",No,covered
1053,IND0041201020240101119,20_10_2024_15_59_01,Not_Found,truck,1,4,True,"['Not_Found', 'Not_Found', 'Not_Found']","['truck', 'truck', 'truck']",No,covered
1054,IND0041201020240200620,20_10_2024_16_11_36,non_mining,truck,2,4,True,"['non_mining', 'non_mining', 'non_mining']","['truck', 'truck', 'truck']",No,non_mining
1055,IND0041201020240100532,20_10_2024_09_21_44,non_mining,truck,1,4,True,"['non_mining', 'non_mining', 'non_mining']","['truck', 'truck', 'truck']",No,non_mining
1056,IND0041201020240101215,20_10_2024_17_06_40,non_mining,truck,1,4,True,"['Not_Found', 'non_mining', 'non_mining']","['truck', 'truck', 'truck']",No,non_mining
1057,IND0041201020240200306,20_10_2024_08_22_15,non_mining,truck,2,4,True,"['Not_Found', 'non_mining', 'non_mining']","['truck', 'truck', 'truck']",No,non_mining
1058,IND0041201020240200678,20_10_2024_17_44_20,non_mining,truck,2,4,True,"['non_mining', 'non_mining', 'non_mining']","['truck', 'truck', 'truck']",No,non_mining
1059,IND0041201020240101084,20_10_2024_15_35_03,Not_Found,truck,1,4,True,"['Not_Found', 'Not_Found', 'Not_Found']","['truck', 'truck', 'truck', 'truck']",No,covered
1060,IND0041201020240200606,20_10_2024_15_38_55,non_mining,mini_truck,2,4,True,"['non_mining', 'non_mining', 'non_mining']","['mini_truck', 'mini_truck', 'mini_truck']",No,non_mining
1061,IND0041201020240101155,20_10_2024_16_27_16,Not_Found,truck,1,4,True,"['Not_Found', 'Not_Found', 'non_mining']","['truck', 'truck', 'truck']",No,non_mining
1062,IND0041201020240200114,20_10_2024_02_42_51,Not_Found,truck,2,1,False,"['Not_Found', 'Not_Found', 'Not_Found']","['truck', 'truck', 'truck', 'truck', 'truck', 'truck', 'truck']",No,mining_full
1063,IND0041201020240200663,20_10_2024_17_33_52,non_mining,tractor,2,4,True,"['non_mining', 'non_mining', 'non_mining']","['tractor', 'tractor', 'tractor']",No,non_mining
1064,IND0041201020240101708,20_10_2024_23_38_49,Not_Found,truck,1,4,True,"['Not_Found', 'Not_Found', 'Not_Found']","['truck', 'truck', 'truck']",No,covered
1065,IND0041201020240100042,20_10_2024_00_41_25,Not_Found,truck,1,4,True,"['Not_Found', 'Not_Found', 'Not_Found']","['truck', 'truck', 'truck']",No,covered
1066,IND0041201020240100740,20_10_2024_11_55_46,non_mining,mini_truck,1,4,True,"['non_mining', 'covered', 'non_mining']","['mini_truck', 'mini_truck', 'mini_truck']",No,non_mining
1067,IND0041201020240100699,20_10_2024_11_20_47,Not_Found,hywa,1,3,True,"['Not_Found', 'mining_full']","['hywa', 'hywa']",No,mining_full
1068,IND0041201020240200177,20_10_2024_04_09_25,non_mining,mini_truck,2,4,True,"['non_mining', 'non_mining', 'non_mining']","['mini_truck', 'mini_truck', 'mini_truck']",No,non_mining
1069,IND0041201020240101286,20_10_2024_17_57_43,non_mining,truck,1,4,True,"['Not_Found', 'non_mining', 'non_mining']","['truck', 'truck', 'truck']",No,non_mining
1070,IND0041201020240200518,20_10_2024_13_14_14,non_mining,mini_truck,2,4,True,"['non_mining', 'non_mining', 'non_mining']","['mini_truck', 'mini_truck', 'mini_truck']",No,non_mining
1071,IND0041201020240200602,20_10_2024_15_34_53,non_mining,truck,2,4,True,"['Not_Found', 'non_mining', 'non_mining']","['truck', 'truck', 'truck']",No,non_mining
1072,IND0041201020240100377,20_10_2024_07_48_04,Not_Found,truck,1,4,True,"['Not_Found', 'Not_Found', 'Not_Found']","['truck', 'truck', 'truck']",No,covered
1073,IND0041201020240100574,20_10_2024_09_55_57,non_mining,truck,1,4,True,"['Not_Found', 'non_mining', 'non_mining']","['truck', 'truck', 'truck']",No,non_mining
1074,IND0041201020240100302,20_10_2024_06_40_24,non_mining,truck,1,4,True,"['non_mining', 'non_mining', 'non_mining']","['truck', 'truck', 'truck']",No,non_mining
1075,IND0041201020240101539,20_10_2024_20_53_34,Not_Found,truck,1,4,True,"['Not_Found', 'Not_Found', 'Not_Found']","['truck', 'truck', 'truck']",No,covered
1076,IND0041201020240100771,20_10_2024_12_16_20,Not_Found,truck,1,4,True,"['Not_Found', 'Not_Found', 'Not_Found']","['truck', 'truck', 'truck']",No,covered
1077,IND0041201020240200067,20_10_2024_01_29_29,Not_Found,truck,2,1,False,"['Not_Found', 'Not_Found', 'Not_Found']","['truck', 'truck', 'truck', 'truck', 'truck', 'truck']",No,mining_full
1078,IND0041201020240100502,20_10_2024_09_03_54,non_mining,truck,1,4,True,"['non_mining', 'non_mining', 'non_mining']","['truck', 'truck', 'truck']",No,non_mining
1079,IND0041201020240101460,20_10_2024_20_01_01,Not_Found,truck,1,3,True,"['Not_Found', 'Not_Found']","['truck', 'truck']",No,Not_Found
1080,IND0041201020240101588,20_10_2024_21_39_47,Not_Found,truck,1,1,False,"['Not_Found', 'Not_Found', 'Not_Found']","['truck', 'truck', 'truck', 'truck', 'hywa', 'hywa']",No,mining_empty
1081,IND0041201020240100304,20_10_2024_06_43_12,Not_Found,truck,1,3,False,"['Not_Found', 'Not_Found']","['truck', 'truck']",No,covered
1082,IND0041201020240101388,20_10_2024_19_10_42,Not_Found,truck,1,1,False,"['Not_Found', 'Not_Found', 'Not_Found']","['truck', 'truck', 'truck', 'truck', 'truck', 'truck']",No,covered
1083,IND0041201020240101223,20_10_2024_17_11_50,Not_Found,mini_truck,1,4,True,"['Not_Found', 'Not_Found', 'Not_Found']","['mini_truck', 'mini_truck', 'mini_truck']",No,non_mining
1084,IND0041201020240200777,20_10_2024_20_07_26,Not_Found,tractor,2,1,False,"['Not_Found', 'Not_Found', 'Not_Found']","['tractor', 'tractor', 'tractor', 'tractor', 'tractor', 'tractor', 'tractor', 'tractor', 'tractor', 'tractor']",Yes,non_mining
1085,IND0041201020240100441,20_10_2024_08_28_21,non_mining,truck,1,4,True,"['non_mining', 'non_mining', 'non_mining']","['truck', 'truck', 'truck']",No,non_mining
1086,IND0041201020240100511,20_10_2024_09_06_55,Not_Found,truck,1,4,True,"['Not_Found', 'Not_Found', 'Not_Found']","['truck', 'truck', 'truck']",No,covered
1087,IND0041201020240100868,20_10_2024_13_10_02,Not_Found,truck,1,4,True,"['Not_Found', 'Not_Found', 'Not_Found']","['truck', 'truck', 'truck']",No,Not_Found
1088,IND0041201020240200798,20_10_2024_20_37_25,Not_Found,mini_truck,2,4,True,"['Not_Found', 'Not_Found', 'Not_Found']","['mini_truck', 'mini_truck', 'mini_truck']",No,covered
1089,IND0041201020240101482,20_10_2024_20_20_19,Not_Found,truck,1,4,True,"['Not_Found', 'Not_Found', 'non_mining']","['truck', 'truck', 'truck']",No,non_mining
1090,IND0041201020240200333,20_10_2024_08_57_03,non_mining,truck,2,4,True,"['non_mining', 'non_mining', 'non_mining']","['truck', 'truck', 'truck']",No,non_mining
1091,IND0041201020240100835,20_10_2024_12_50_07,non_mining,truck,1,4,True,"['non_mining', 'non_mining', 'non_mining']","['truck', 'truck', 'truck']",No,non_mining
1092,IND0041201020240100110,20_10_2024_01_34_35,Not_Found,truck,1,4,True,"['Not_Found', 'Not_Found', 'Not_Found']","['truck', 'truck', 'truck']",No,mining_full
1093,IND0041201020240200055,20_10_2024_01_12_17,Not_Found,truck,2,4,True,"['Not_Found', 'Not_Found', 'Not_Found']","['truck', 'truck', 'truck']",No,covered
1094,IND0041201020240200379,20_10_2024_09_58_20,non_mining,mini_truck,2,4,True,"['non_mining', 'non_mining', 'non_mining']","['mini_truck', 'mini_truck', 'mini_truck']",No,non_mining
1095,IND0041201020240100643,20_10_2024_10_44_23,Not_Found,truck,1,4,True,"['Not_Found', 'Not_Found', 'non_mining']","['truck', 'truck', 'truck']",No,covered
1096,IND0041201020240100196,20_10_2024_03_35_29,Not_Found,truck,1,1,False,"['Not_Found', 'Not_Found', 'Not_Found']","['truck', 'truck', 'truck', 'truck', 'truck', 'truck', 'hywa']",No,mining_full
1097,IND0041201020240100657,20_10_2024_10_51_30,Not_Found,hywa,1,4,True,"['Not_Found', 'Not_Found', 'Not_Found']","['truck', 'hywa', 'hywa']",No,mining_full
1098,IND0041201020240100817,20_10_2024_12_42_40,Not_Found,hywa,1,4,True,"['Not_Found', 'Not_Found', 'Not_Found']","['truck', 'hywa', 'hywa']",No,non_mining
1099,IND0041201020240100243,20_10_2024_04_41_03,Not_Found,truck,1,1,False,['Not_Found'],['truck'],No,covered
1100,IND0041201020240200722,20_10_2024_18_45_30,Not_Found,mini_truck,2,4,True,"['Not_Found', 'Not_Found', 'Not_Found']","['mini_truck', 'truck', 'mini_truck']",No,covered
1101,IND0041201020240100424,20_10_2024_08_17_31,non_mining,truck,1,4,True,"['non_mining', 'non_mining', 'non_mining']","['truck', 'truck', 'truck']",No,non_mining
1102,IND0041201020240100996,20_10_2024_14_44_02,non_mining,truck,1,4,True,"['non_mining', 'non_mining', 'non_mining']","['truck', 'truck', 'truck']",No,non_mining
1103,IND0041201020240200477,20_10_2024_12_19_29,Not_Found,truck,2,4,True,"['Not_Found', 'Not_Found', 'non_mining']","['truck', 'truck', 'truck']",No,Not_Found
1104,IND0041201020240101487,20_10_2024_20_22_11,Not_Found,truck,1,4,True,"['Not_Found', 'Not_Found', 'Not_Found']","['truck', 'truck', 'truck']",No,mining_empty
1105,IND0041201020240200849,20_10_2024_22_39_44,Not_Found,truck,2,4,True,"['Not_Found', 'Not_Found', 'non_mining']","['truck', 'truck', 'truck']",No,covered
1106,IND0041201020240100301,20_10_2024_06_39_31,Not_Found,truck,1,4,True,"['Not_Found', 'Not_Found', 'Not_Found']","['truck', 'truck', 'truck']",No,covered
1107,IND0041201020240101581,20_10_2024_21_30_36,Not_Found,truck,1,3,True,"['Not_Found', 'Not_Found']","['truck', 'truck']",No,covered
1108,IND0041201020240200048,20_10_2024_01_07_14,Not_Found,truck,2,4,True,"['Not_Found', 'Not_Found', 'Not_Found']","['truck', 'truck', 'truck']",No,non_mining
1109,IND0041201020240200241,20_10_2024_05_33_45,Not_Found,truck,2,4,True,"['Not_Found', 'Not_Found', 'Not_Found']","['truck', 'truck', 'truck']",No,mining_full
1110,IND0041201020240200305,20_10_2024_08_21_54,covered,truck,2,4,True,"['covered', 'covered', 'covered']","['truck', 'truck', 'truck']",No,covered
1111,IND0041201020240200859,20_10_2024_22_59_22,Not_Found,mini_truck,2,1,False,['Not_Found'],['mini_truck'],No,Not_Found
1112,IND0041201020240100784,20_10_2024_12_25_15,non_mining,mini_truck,1,3,False,"['non_mining', 'non_mining']","['mini_truck', 'mini_truck']",No,non_mining
1113,IND0041201020240200202,20_10_2024_04_44_28,Not_Found,truck,2,3,False,"['Not_Found', 'Not_Found', 'Not_Found']","['truck', 'truck', 'truck', 'truck', 'truck', 'truck', 'truck', 'truck', 'truck']",No,covered
1114,IND0041201020240200456,20_10_2024_11_56_16,non_mining,truck,2,4,True,"['non_mining', 'non_mining', 'mining_empty']","['truck', 'truck', 'truck']",No,non_mining
1115,IND0041201020240101467,20_10_2024_20_06_52,Not_Found,mini_truck,1,4,True,"['Not_Found', 'Not_Found', 'Not_Found']","['mini_truck', 'mini_truck', 'mini_truck']",No,non_mining
1116,IND0041201020240100822,20_10_2024_12_45_25,non_mining,truck,1,4,True,"['non_mining', 'non_mining', 'non_mining']","['truck', 'truck', 'truck']",No,non_mining
1117,IND0041201020240100964,20_10_2024_14_23_12,non_mining,truck,1,4,True,"['non_mining', 'non_mining', 'covered']","['truck', 'truck', 'truck']",No,non_mining
1118,IND0041201020240101041,20_10_2024_15_09_21,non_mining,mini_truck,1,3,True,"['non_mining', 'non_mining']","['mini_truck', 'mini_truck']",No,non_mining
1119,IND0041201020240101268,20_10_2024_17_42_48,non_mining,truck,1,4,True,"['non_mining', 'non_mining', 'non_mining']","['truck', 'truck', 'truck']",No,non_mining
1120,IND0041201020240100350,20_10_2024_07_19_13,Not_Found,hywa,1,4,True,"['Not_Found', 'Not_Found', 'Not_Found']","['hywa', 'hywa', 'hywa']",No,mining_full
1121,IND0041201020240200284,20_10_2024_07_19_51,Not_Found,hywa,2,3,False,"['Not_Found', 'Not_Found', 'mining_empty']","['hywa', 'hywa', 'hywa', 'hywa', 'hywa', 'hywa', 'hywa', 'hywa']",No,mining_full
1122,IND0041201020240100519,20_10_2024_09_13_50,mining_full,hywa,1,4,True,"['Not_Found', 'mining_full', 'mining_full']","['hywa', 'hywa', 'hywa']",No,mining_full
1123,IND0041201020240100012,20_10_2024_00_16_53,Not_Found,truck,1,1,False,"['Not_Found', 'Not_Found', 'Not_Found']","['truck', 'truck', 'truck']",No,non_mining
1124,IND0041201020240100500,20_10_2024_09_01_56,non_mining,truck,1,2,False,['non_mining'],['truck'],No,non_mining
1125,IND0041201020240100236,20_10_2024_04_31_20,Not_Found,truck,1,4,True,"['Not_Found', 'Not_Found', 'Not_Found']","['truck', 'truck', 'truck']",No,covered
1126,IND0041201020240101495,20_10_2024_20_24_18,Not_Found,truck,1,4,True,"['Not_Found', 'Not_Found', 'Not_Found']","['truck', 'truck', 'truck']",No,covered
1127,IND0041201020240101201,20_10_2024_16_59_17,non_mining,truck,1,4,True,"['non_mining', 'non_mining', 'non_mining']","['truck', 'truck', 'truck']",No,non_mining
1128,IND0041201020240200607,20_10_2024_15_39_44,covered,truck,2,3,True,"['covered', 'covered']","['truck', 'truck']",No,covered
1129,IND0041201020240200498,20_10_2024_12_51_42,non_mining,mini_truck,2,4,True,"['non_mining', 'non_mining', 'non_mining']","['mini_truck', 'mini_truck', 'mini_truck']",No,non_mining
1130,IND0041201020240101491,20_10_2024_20_23_43,Not_Found,truck,1,4,True,"['Not_Found', 'Not_Found', 'Not_Found']","['truck', 'truck', 'truck']",No,non_mining
1131,IND0041201020240200715,20_10_2024_18_40_50,Not_Found,truck,2,1,False,['Not_Found'],['truck'],No,non_mining
1132,IND0041201020240100729,20_10_2024_11_45_33,Not_Found,truck,1,1,False,"['Not_Found', 'Not_Found', 'non_mining']","['truck', 'truck', 'truck', 'truck', 'truck', 'truck', 'truck']",No,non_mining
1133,IND0041201020240100035,20_10_2024_00_37_26,Not_Found,truck,1,4,True,"['Not_Found', 'Not_Found', 'Not_Found']","['truck', 'truck', 'truck']",No,mining_full
1134,IND0041201020240100990,20_10_2024_14_40_02,non_mining,truck,1,4,True,"['Not_Found', 'non_mining', 'non_mining']","['truck', 'truck', 'truck']",No,non_mining
1135,IND0041201020240200728,20_10_2024_18_48_43,Not_Found,mini_truck,2,2,False,['Not_Found'],['mini_truck'],No,Not_Found
1136,IND0041201020240200821,20_10_2024_21_45_27,Not_Found,mini_truck,2,4,True,"['Not_Found', 'Not_Found', 'Not_Found']","['mini_truck', 'mini_truck', 'mini_truck', 'mini_truck', 'mini_truck']",No,non_mining
1137,IND0041201020240200817,20_10_2024_21_35_25,Not_Found,truck,2,4,True,"['Not_Found', 'Not_Found', 'Not_Found']","['truck', 'truck', 'truck']",No,non_mining
1138,IND0041201020240101656,20_10_2024_22_41_51,Not_Found,truck,1,4,True,"['Not_Found', 'Not_Found', 'Not_Found']","['truck', 'truck', 'truck']",No,covered
1139,IND0041201020240100620,20_10_2024_10_30_43,Not_Found,hywa,1,4,True,"['Not_Found', 'Not_Found', 'Not_Found']","['hywa', 'hywa', 'hywa']",No,mining_full
1140,IND0041201020240200746,20_10_2024_19_15_16,Not_Found,truck,2,4,True,"['Not_Found', 'Not_Found', 'Not_Found']","['truck', 'truck', 'truck']",No,covered
1141,IND0041201020240100051,20_10_2024_00_49_04,Not_Found,hywa,1,1,False,['Not_Found'],['hywa'],No,mining_full
1142,IND0041201020240100806,20_10_2024_12_35_18,Not_Found,truck,1,2,False,['Not_Found'],['truck'],No,mining_full
1143,IND0041201020240101024,20_10_2024_14_57_34,non_mining,truck,1,4,True,"['non_mining', 'non_mining', 'non_mining']","['truck', 'truck', 'truck']",No,non_mining
1144,IND0041201020240100531,20_10_2024_09_21_11,non_mining,truck,1,4,True,"['non_mining', 'non_mining', 'non_mining']","['truck', 'truck', 'truck']",No,non_mining
1145,IND0041201020240200300,20_10_2024_08_10_38,non_mining,truck,2,4,True,"['non_mining', 'non_mining', 'non_mining']","['truck', 'truck', 'truck']",No,non_mining
1146,IND0041201020240100346,20_10_2024_07_14_14,non_mining,truck,1,4,True,"['non_mining', 'non_mining', 'non_mining']","['truck', 'truck', 'truck']",No,non_mining
1147,IND0041201020240100665,20_10_2024_10_53_58,non_mining,truck,1,4,True,"['non_mining', 'non_mining', 'non_mining']","['truck', 'truck', 'truck']",No,non_mining
1148,IND0041201020240200675,20_10_2024_17_43_05,non_mining,truck,2,4,True,"['non_mining', 'non_mining', 'non_mining']","['truck', 'truck', 'truck']",No,non_mining
1149,IND0041201020240200018,20_10_2024_00_20_32,Not_Found,truck,2,4,True,"['Not_Found', 'Not_Found', 'Not_Found']","['truck', 'truck', 'truck']",No,covered
1150,IND0041201020240100497,20_10_2024_09_00_29,non_mining,truck,1,4,True,"['non_mining', 'non_mining', 'non_mining']","['truck', 'truck', 'truck']",No,non_mining
1151,IND0041201020240100288,20_10_2024_06_28_12,Not_Found,truck,1,4,True,"['Not_Found', 'Not_Found', 'Not_Found']","['truck', 'truck', 'truck']",No,covered
1152,IND0041201020240101496,20_10_2024_20_24_35,Not_Found,truck,1,4,True,"['Not_Found', 'Not_Found', 'Not_Found']","['truck', 'truck', 'truck']",No,covered
1153,IND0041201020240200158,20_10_2024_03_46_33,Not_Found,truck,2,2,False,"['Not_Found', 'Not_Found', 'Not_Found']","['truck', 'truck', 'truck', 'hywa', 'truck', 'truck', 'truck']",No,mining_full
1154,IND0041201020240100279,20_10_2024_05_51_41,Not_Found,truck,1,4,True,"['Not_Found', 'Not_Found', 'Not_Found']","['truck', 'truck', 'truck', 'truck', 'truck']",No,non_mining
1155,IND0041201020240200496,20_10_2024_12_46_40,non_mining,mini_truck,2,4,True,"['non_mining', 'non_mining', 'non_mining']","['mini_truck', 'mini_truck', 'mini_truck']",No,non_mining
1156,IND0041201020240200354,20_10_2024_09_20_15,non_mining,truck,2,4,True,"['non_mining', 'non_mining', 'non_mining']","['truck', 'truck', 'truck']",No,non_mining
1157,IND0041201020240100477,20_10_2024_08_52_03,non_mining,truck,1,4,True,"['Not_Found', 'non_mining', 'non_mining']","['truck', 'truck', 'truck']",No,non_mining
1158,IND0041201020240100031,20_10_2024_00_34_43,Not_Found,truck,1,4,True,"['Not_Found', 'Not_Found', 'Not_Found']","['truck', 'truck', 'truck']",No,mining_full
1159,IND0041201020240100200,20_10_2024_03_44_30,Not_Found,truck,1,1,False,"['Not_Found', 'Not_Found', 'Not_Found']","['truck', 'truck', 'truck', 'truck', 'truck', 'truck', 'truck', 'truck']",No,non_mining
1160,IND0041201020240200415,20_10_2024_10_58_50,Not_Found,truck,2,3,True,"['Not_Found', 'non_mining']","['truck', 'truck']",No,non_mining
1161,IND0041201020240101515,20_10_2024_20_37_49,Not_Found,truck,1,2,False,"['Not_Found', 'Not_Found', 'Not_Found']","['truck', 'truck', 'truck', 'truck', 'truck', 'truck']",No,covered
1162,IND0041201020240100786,20_10_2024_12_26_47,non_mining,mini_truck,1,4,True,"['non_mining', 'non_mining', 'non_mining']","['mini_truck', 'mini_truck', 'mini_truck']",No,non_mining
1163,IND0041201020240101189,20_10_2024_16_54_22,non_mining,truck,1,4,True,"['non_mining', 'non_mining', 'non_mining']","['truck', 'truck', 'truck']",No,non_mining
1164,IND0041201020240100483,20_10_2024_08_55_49,non_mining,truck,1,4,True,"['non_mining', 'non_mining', 'non_mining']","['truck', 'truck', 'truck']",No,non_mining
1165,IND0041201020240100151,20_10_2024_02_36_54,Not_Found,truck,1,4,True,"['Not_Found', 'Not_Found', 'Not_Found']","['truck', 'truck', 'truck']",No,non_mining
1166,IND0041201020240200176,20_10_2024_04_08_31,Not_Found,truck,2,3,False,"['Not_Found', 'Not_Found', 'Not_Found']","['truck', 'truck', 'truck', 'truck']",No,covered
1167,IND0041201020240100707,20_10_2024_11_27_40,Not_Found,hywa,1,4,True,"['Not_Found', 'Not_Found', 'Not_Found']","['truck', 'hywa', 'hywa']",No,mining_full
1168,IND0041201020240200064,20_10_2024_01_28_45,Not_Found,mini_truck,2,3,False,"['Not_Found', 'Not_Found']","['mini_truck', 'mini_truck']",No,covered
1169,IND0041201020240101626,20_10_2024_22_13_38,Not_Found,truck,1,3,False,"['Not_Found', 'Not_Found', 'Not_Found']","['truck', 'truck', 'truck', 'truck']",No,non_mining
1170,IND0041201020240101664,20_10_2024_22_50_15,Not_Found,mini_truck,1,1,False,"['Not_Found', 'Not_Found', 'Not_Found']","['mini_truck', 'mini_truck', 'mini_truck', 'mini_truck', 'mini_truck', 'mini_truck', 'mini_truck', 'mini_truck', 'mini_truck']",No,non_mining
1171,IND0041201020240200310,20_10_2024_08_24_21,non_mining,truck,2,2,False,['non_mining'],['truck'],No,non_mining
1172,IND0041201020240100916,20_10_2024_13_46_47,Not_Found,truck,1,4,True,"['Not_Found', 'Not_Found', 'covered']","['truck', 'truck', 'truck']",No,mining_empty
1173,IND0041201020240100402,20_10_2024_08_07_49,non_mining,truck,1,4,True,"['Not_Found', 'non_mining', 'non_mining']","['truck', 'truck', 'truck']",No,non_mining
1174,IND0041201020240100918,20_10_2024_13_48_20,Not_Found,truck,1,4,True,"['Not_Found', 'Not_Found', 'non_mining']","['truck', 'truck', 'truck']",No,covered
1175,IND0041201020240200066,20_10_2024_01_28_46,Not_Found,mini_truck,2,1,False,['Not_Found'],['mini_truck'],Yes,covered
1176,IND0041201020240100309,20_10_2024_06_48_47,non_mining,truck,1,4,True,"['Not_Found', 'non_mining', 'non_mining']","['truck', 'truck', 'truck']",No,non_mining
1177,IND0041201020240200692,20_10_2024_18_06_55,Not_Found,mini_truck,2,1,False,['Not_Found'],['mini_truck'],No,Not_Found
1178,IND0041201020240200564,20_10_2024_14_19_43,non_mining,tractor,2,1,False,"['non_mining', 'non_mining', 'non_mining']","['tractor', 'tractor', 'tractor', 'tractor', 'tractor', 'tractor', 'tractor', 'tractor', 'tractor', 'tractor', 'tractor', 'tractor', 'tractor', 'tractor', 'tractor', 'tractor', 'tractor', 'tractor', 'tractor']",No,non_mining
1179,IND0041201020240100513,20_10_2024_09_08_11,non_mining,truck,1,4,True,"['non_mining', 'non_mining', 'non_mining']","['truck', 'truck', 'truck']",No,non_mining
1180,IND0041201020240101560,20_10_2024_21_14_21,Not_Found,truck,1,4,True,"['Not_Found', 'Not_Found', 'Not_Found']","['truck', 'truck', 'truck']",No,non_mining
1181,IND0041201020240101117,20_10_2024_15_58_09,non_mining,truck,1,4,True,"['Not_Found', 'non_mining', 'non_mining']","['truck', 'truck', 'truck']",No,non_mining
1182,IND0041201020240100779,20_10_2024_12_23_34,non_mining,truck,1,4,True,"['non_mining', 'non_mining', 'non_mining']","['truck', 'truck', 'truck']",No,non_mining
1183,IND0041201020240100468,20_10_2024_08_47_00,Not_Found,truck,1,4,True,"['Not_Found', 'Not_Found', 'non_mining']","['truck', 'truck', 'truck']",No,covered
1184,IND0041201020240200730,20_10_2024_18_49_21,Not_Found,truck,2,1,False,"['Not_Found', 'Not_Found', 'Not_Found']","['truck', 'truck', 'truck', 'truck']",No,non_mining
1185,IND0041201020240100307,20_10_2024_06_45_44,non_mining,truck,1,4,True,"['non_mining', 'non_mining', 'non_mining']","['truck', 'truck', 'truck']",No,non_mining
1186,IND0041201020240200271,20_10_2024_06_47_54,covered,mini_truck,2,3,True,"['covered', 'covered']","['mini_truck', 'mini_truck']",No,covered
1187,IND0041201020240100924,20_10_2024_13_50_18,non_mining,mini_truck,1,4,True,"['non_mining', 'non_mining', 'non_mining']","['mini_truck', 'mini_truck', 'mini_truck']",Yes,non_mining
1188,IND0041201020240100591,20_10_2024_10_07_01,non_mining,truck,1,4,True,"['Not_Found', 'non_mining', 'non_mining']","['truck', 'truck', 'truck']",No,non_mining
1189,IND0041201020240101450,20_10_2024_19_57_28,Not_Found,truck,1,2,False,['Not_Found'],['truck'],No,non_mining
1190,IND0041201020240101674,20_10_2024_22_55_02,Not_Found,truck,1,4,True,"['Not_Found', 'Not_Found', 'Not_Found']","['truck', 'truck', 'truck']",No,non_mining
1191,IND0041201020240200282,20_10_2024_07_15_29,covered,mini_truck,2,4,True,"['covered', 'covered', 'covered']","['mini_truck', 'mini_truck', 'mini_truck']",No,covered
1192,IND0041201020240101283,20_10_2024_17_53_30,non_mining,truck,1,4,True,"['Not_Found', 'non_mining', 'non_mining']","['truck', 'truck', 'truck']",No,non_mining
1193,IND0041201020240200236,20_10_2024_05_28_59,Not_Found,truck,2,2,False,"['Not_Found', 'Not_Found', 'Not_Found']","['truck', 'truck', 'truck', 'truck', 'truck', 'truck', 'truck', 'truck', 'truck']",No,covered
1194,IND0041201020240101126,20_10_2024_16_04_40,non_mining,truck,1,4,True,"['Not_Found', 'non_mining', 'non_mining']","['truck', 'truck', 'truck']",No,non_mining
1195,IND0041201020240100922,20_10_2024_13_49_56,non_mining,truck,1,4,True,"['Not_Found', 'non_mining', 'non_mining']","['truck', 'truck', 'truck']",No,non_mining
1196,IND0041201020240100988,20_10_2024_14_39_33,Not_Found,truck,1,4,True,"['Not_Found', 'Not_Found', 'non_mining']","['truck', 'truck', 'truck']",No,covered
1197,IND0041201020240200197,20_10_2024_04_35_17,Not_Found,mini_truck,2,4,True,"['Not_Found', 'Not_Found', 'Not_Found']","['mini_truck', 'mini_truck', 'mini_truck']",No,covered
1198,IND0041201020240100260,20_10_2024_05_18_24,Not_Found,mini_truck,1,1,False,"['Not_Found', 'Not_Found', 'Not_Found']","['truck', 'mini_truck', 'mini_truck']",No,non_mining
1199,IND0041201020240101057,20_10_2024_15_19_45,non_mining,truck,1,4,True,"['non_mining', 'non_mining', 'non_mining']","['truck', 'truck', 'truck']",No,non_mining
1200,IND0041201020240200438,20_10_2024_11_31_26,covered,truck,2,4,True,"['covered', 'covered', 'covered']","['truck', 'truck', 'truck']",No,covered
1201,IND0041201020240100460,20_10_2024_08_42_54,non_mining,truck,1,4,True,"['Not_Found', 'non_mining', 'non_mining']","['truck', 'truck', 'truck']",No,non_mining
1202,IND0041201020240100744,20_10_2024_11_59_29,non_mining,truck,1,3,True,"['non_mining', 'non_mining']","['truck', 'truck']",No,non_mining
1203,IND0041201020240200749,20_10_2024_19_20_10,Not_Found,truck,2,4,True,"['Not_Found', 'Not_Found', 'Not_Found']","['truck', 'truck', 'truck', 'truck', 'truck']",No,covered
1204,IND0041201020240200703,20_10_2024_18_18_58,Not_Found,truck,2,4,True,"['Not_Found', 'non_mining', 'Not_Found']","['truck', 'truck', 'truck']",No,non_mining
1205,IND0041201020240101702,20_10_2024_23_30_33,Not_Found,truck,1,2,False,"['Not_Found', 'Not_Found', 'Not_Found']","['truck', 'truck', 'truck', 'truck', 'truck', 'truck', 'truck']",No,non_mining
1206,IND0041201020240200543,20_10_2024_13_52_56,non_mining,truck,2,4,True,"['non_mining', 'non_mining', 'non_mining']","['truck', 'truck', 'truck']",No,non_mining
1207,IND0041201020240101524,20_10_2024_20_40_17,Not_Found,truck,1,4,True,"['Not_Found', 'Not_Found', 'Not_Found']","['truck', 'truck', 'truck']",No,covered
1208,IND0041201020240100872,20_10_2024_13_12_18,non_mining,truck,1,4,True,"['non_mining', 'non_mining', 'non_mining']","['truck', 'truck', 'truck']",No,non_mining
1209,IND0041201020240100034,20_10_2024_00_35_41,Not_Found,truck,1,1,False,"['Not_Found', 'Not_Found', 'Not_Found']","['truck', 'truck', 'hywa', 'truck', 'truck', 'truck', 'truck', 'truck', 'truck']",Yes,mining_full
1210,IND0041201020240100934,20_10_2024_14_01_33,Not_Found,truck,1,4,True,"['Not_Found', 'Not_Found', 'Not_Found']","['truck', 'truck', 'truck']",No,covered
1211,IND0041201020240100434,20_10_2024_08_24_56,non_mining,truck,1,4,True,"['Not_Found', 'non_mining', 'non_mining']","['truck', 'truck', 'truck']",No,non_mining
1212,IND0041201020240101408,20_10_2024_19_26_49,Not_Found,truck,1,4,True,"['Not_Found', 'Not_Found', 'Not_Found']","['truck', 'truck', 'truck']",No,non_mining
1213,IND0041201020240200677,20_10_2024_17_44_01,Not_Found,truck,2,4,True,"['Not_Found', 'Not_Found', 'non_mining']","['truck', 'truck', 'truck']",No,covered
1214,IND0041201020240200393,20_10_2024_10_30_16,Not_Found,truck,2,4,True,"['Not_Found', 'Not_Found', 'covered']","['truck', 'truck', 'truck']",No,covered
1215,IND0041201020240100611,20_10_2024_10_26_28,non_mining,mini_truck,1,4,True,"['non_mining', 'non_mining', 'non_mining']","['mini_truck', 'mini_truck', 'mini_truck']",No,non_mining
1216,IND0041201020240101027,20_10_2024_14_59_08,non_mining,mini_truck,1,3,False,"['non_mining', 'non_mining']","['mini_truck', 'mini_truck']",No,non_mining
1217,IND0041201020240101449,20_10_2024_19_57_11,Not_Found,truck,1,4,True,"['Not_Found', 'Not_Found', 'Not_Found']","['truck', 'truck', 'truck']",No,non_mining
1218,IND0041201020240101382,20_10_2024_19_01_18,Not_Found,truck,1,4,True,"['Not_Found', 'Not_Found', 'Not_Found']","['truck', 'truck', 'truck']",No,non_mining
1219,IND0041201020240101282,20_10_2024_17_52_32,non_mining,truck,1,4,True,"['Not_Found', 'non_mining', 'non_mining']","['truck', 'truck', 'truck']",No,non_mining
1220,IND0041201020240200274,20_10_2024_06_56_44,non_mining,truck,2,4,True,"['non_mining', 'non_mining', 'non_mining']","['truck', 'truck', 'truck']",No,non_mining
1221,IND0041201020240100329,20_10_2024_06_58_59,Not_Found,truck,1,2,False,['Not_Found'],['truck'],No,covered
1222,IND0041201020240100367,20_10_2024_07_33_59,Not_Found,truck,1,4,True,"['Not_Found', 'Not_Found', 'Not_Found']","['truck', 'truck', 'truck']",No,covered
1223,IND0041201020240100869,20_10_2024_13_10_25,Not_Found,truck,1,4,True,"['Not_Found', 'Not_Found', 'Not_Found']","['truck', 'truck', 'truck']",No,covered
1224,IND0041201020240200253,20_10_2024_06_13_54,non_mining,truck,2,1,False,"['non_mining', 'non_mining']","['truck', 'truck']",No,non_mining
1225,IND0041201020240200296,20_10_2024_08_02_07,non_mining,truck,2,4,True,"['non_mining', 'non_mining', 'non_mining']","['truck', 'truck', 'truck']",No,non_mining
1226,IND0041201020240200833,20_10_2024_22_21_48,non_mining,mini_truck,2,4,True,"['non_mining', 'non_mining', 'non_mining']","['mini_truck', 'mini_truck', 'mini_truck', 'mini_truck']",No,non_mining
1227,IND0041201020240200043,20_10_2024_01_00_50,Not_Found,mini_truck,2,4,True,"['Not_Found', 'Not_Found', 'Not_Found']","['mini_truck', 'mini_truck', 'mini_truck']",No,covered
1228,IND0041201020240200357,20_10_2024_09_25_52,Not_Found,hywa,2,2,False,['Not_Found'],['hywa'],No,non_mining
1229,IND0041201020240200091,20_10_2024_02_14_07,Not_Found,truck,2,1,False,['Not_Found'],['truck'],Yes,mining_full
1230,IND0041201020240200142,20_10_2024_03_22_17,Not_Found,truck,2,2,False,"['Not_Found', 'Not_Found', 'Not_Found']","['truck', 'truck', 'truck', 'truck', 'truck', 'truck', 'truck', 'truck', 'truck', 'truck', 'truck', 'truck', 'truck']",No,non_mining
1231,IND0041201020240200750,20_10_2024_19_20_30,Not_Found,truck,2,4,True,"['Not_Found', 'Not_Found', 'Not_Found']","['truck', 'truck', 'truck']",No,covered
1232,IND0041201020240101618,20_10_2024_22_08_00,Not_Found,truck,1,4,True,"['Not_Found', 'Not_Found', 'Not_Found']","['truck', 'truck', 'truck']",No,covered
1233,IND0041201020240200490,20_10_2024_12_40_05,Not_Found,mini_truck,2,1,False,['Not_Found'],['mini_truck'],No,non_mining
1234,IND0041201020240101368,20_10_2024_18_50_51,Not_Found,mini_truck,1,2,False,['Not_Found'],['mini_truck'],No,Not_Found
1235,IND0041201020240100584,20_10_2024_10_00_36,non_mining,truck,1,4,True,"['Not_Found', 'non_mining', 'non_mining']","['truck', 'truck', 'truck']",No,non_mining
1236,IND0041201020240100940,20_10_2024_14_04_32,non_mining,truck,1,4,True,"['non_mining', 'Not_Found', 'non_mining']","['truck', 'truck', 'truck']",No,non_mining
1237,IND0041201020240200050,20_10_2024_01_08_45,Not_Found,truck,2,4,True,"['Not_Found', 'Not_Found', 'Not_Found']","['truck', 'truck', 'truck']",No,mining_full
1238,IND0041201020240200040,20_10_2024_00_49_11,Not_Found,truck,2,2,False,"['Not_Found', 'Not_Found', 'Not_Found']","['truck', 'truck', 'truck', 'truck', 'truck', 'truck', 'truck', 'truck', 'truck', 'truck']",No,mining_full
1239,IND0041201020240200426,20_10_2024_11_14_38,non_mining,truck,2,4,True,"['non_mining', 'non_mining', 'non_mining']","['truck', 'truck', 'truck']",No,non_mining
1240,IND0041201020240100017,20_10_2024_00_20_51,Not_Found,truck,1,2,False,['Not_Found'],['truck'],No,covered
1241,IND0041201020240100678,20_10_2024_11_05_38,non_mining,truck,1,4,True,"['Not_Found', 'non_mining', 'non_mining']","['truck', 'truck', 'truck']",No,non_mining
1242,IND0041201020240200774,20_10_2024_20_04_52,Not_Found,mini_truck,2,1,False,['Not_Found'],['mini_truck'],No,covered
1243,IND0041201020240101446,20_10_2024_19_55_19,Not_Found,truck,1,4,True,"['Not_Found', 'Not_Found', 'Not_Found']","['truck', 'truck', 'truck']",No,non_mining
1244,IND0041201020240200184,20_10_2024_04_18_35,Not_Found,truck,2,4,True,"['Not_Found', 'Not_Found', 'non_mining']","['truck', 'truck', 'truck']",No,non_mining
1245,IND0041201020240100928,20_10_2024_13_54_17,non_mining,truck,1,4,True,"['non_mining', 'non_mining', 'non_mining']","['truck', 'truck', 'truck']",No,non_mining
1246,IND0041201020240101518,20_10_2024_20_38_36,Not_Found,truck,1,4,True,"['Not_Found', 'Not_Found', 'Not_Found']","['truck', 'truck', 'truck']",No,non_mining
1247,IND0041201020240101352,20_10_2024_18_41_39,Not_Found,truck,1,1,False,"['Not_Found', 'Not_Found']","['truck', 'truck']",No,non_mining
1248,IND0041201020240200883,20_10_2024_23_44_47,Not_Found,mini_truck,2,2,False,['Not_Found'],['mini_truck'],No,non_mining
1249,IND0041201020240200033,20_10_2024_00_46_35,Not_Found,hywa,2,1,False,['Not_Found'],['hywa'],No,mining_full
1250,IND0041201020240100739,20_10_2024_11_53_40,Not_Found,mini_truck,1,3,False,"['Not_Found', 'Not_Found', 'Not_Found']","['mini_truck', 'mini_truck', 'mini_truck']",No,non_mining
1251,IND0041201020240200483,20_10_2024_12_26_55,non_mining,tractor,2,2,False,"['non_mining', 'non_mining', 'non_mining']","['tractor', 'tractor', 'tractor', 'tractor', 'tractor', 'tractor', 'tractor', 'tractor', 'tractor', 'tractor', 'tractor', 'tractor', 'tractor', 'tractor', 'tractor', 'tractor']",No,non_mining
1252,IND0041201020240200224,20_10_2024_05_08_35,Not_Found,truck,2,4,True,"['Not_Found', 'Not_Found', 'Not_Found']","['truck', 'truck', 'truck']",No,mining_full
1253,IND0041201020240101546,20_10_2024_21_03_15,Not_Found,truck,1,3,True,"['Not_Found', 'Not_Found']","['truck', 'truck']",No,covered
1254,IND0041201020240200103,20_10_2024_02_33_58,Not_Found,truck,2,1,False,"['Not_Found', 'Not_Found', 'Not_Found']","['truck', 'truck', 'truck', 'truck', 'truck', 'truck', 'truck', 'truck']",No,covered
1255,IND0041201020240101393,20_10_2024_19_15_12,Not_Found,truck,1,4,True,"['Not_Found', 'Not_Found', 'Not_Found']","['truck', 'truck', 'truck']",No,covered
1256,IND0041201020240200542,20_10_2024_13_51_57,non_mining,mini_truck,2,4,True,"['non_mining', 'non_mining', 'non_mining']","['mini_truck', 'mini_truck', 'mini_truck']",No,non_mining
1257,IND0041201020240101506,20_10_2024_20_34_24,Not_Found,truck,1,1,False,"['Not_Found', 'Not_Found', 'Not_Found']","['truck', 'truck', 'truck', 'truck', 'truck', 'truck', 'truck', 'truck', 'truck', 'truck']",No,non_mining
1258,IND0041201020240100422,20_10_2024_08_16_02,non_mining,truck,1,4,True,"['non_mining', 'non_mining', 'non_mining']","['truck', 'truck', 'truck']",No,non_mining
1259,IND0041201020240200463,20_10_2024_12_05_46,covered,mini_truck,2,4,True,"['covered', 'covered', 'covered']","['mini_truck', 'mini_truck', 'mini_truck']",No,covered
1260,IND0041201020240101678,20_10_2024_22_57_40,Not_Found,truck,1,1,False,"['Not_Found', 'Not_Found']","['truck', 'hywa']",No,covered
1261,IND0041201020240100407,20_10_2024_08_09_24,non_mining,truck,1,3,True,"['non_mining', 'non_mining']","['truck', 'truck']",No,non_mining
1262,IND0041201020240100349,20_10_2024_07_18_52,Not_Found,truck,1,4,True,"['Not_Found', 'Not_Found', 'Not_Found']","['truck', 'truck', 'truck']",No,covered
1263,IND0041201020240200696,20_10_2024_18_14_12,non_mining,mini_truck,2,3,False,"['non_mining', 'non_mining', 'covered']","['mini_truck', 'mini_truck', 'mini_truck', 'mini_truck', 'mini_truck']",No,non_mining
1264,IND0041201020240100272,20_10_2024_05_46_04,Not_Found,truck,1,1,False,"['Not_Found', 'Not_Found', 'Not_Found']","['truck', 'truck', 'truck', 'truck', 'truck', 'truck']",No,covered
1265,IND0041201020240200653,20_10_2024_17_16_31,Not_Found,tractor,2,1,False,"['Not_Found', 'Not_Found', 'Not_Found']","['tractor', 'tractor', 'tractor', 'tractor', 'tractor', 'tractor', 'tractor', 'tractor', 'tractor', 'tractor', 'tractor', 'tractor', 'tractor', 'tractor']",No,Not_Found
1266,IND0041201020240200020,20_10_2024_00_24_16,Not_Found,truck,2,3,True,"['Not_Found', 'Not_Found']","['truck', 'truck']",No,mining_full
1267,IND0041201020240100168,20_10_2024_02_54_52,Not_Found,truck,1,1,False,"['Not_Found', 'Not_Found', 'Not_Found']","['truck', 'truck', 'truck', 'truck', 'truck', 'truck']",No,Not_Found
1268,IND0041201020240200321,20_10_2024_08_44_33,non_mining,truck,2,4,True,"['non_mining', 'non_mining', 'non_mining']","['truck', 'truck', 'truck']",No,non_mining
1269,IND0041201020240100019,20_10_2024_00_22_02,Not_Found,truck,1,4,True,"['Not_Found', 'Not_Found', 'Not_Found']","['truck', 'truck', 'truck']",No,non_mining
1270,IND0041201020240100306,20_10_2024_06_44_59,non_mining,mini_truck,1,4,True,"['non_mining', 'non_mining', 'non_mining']","['mini_truck', 'mini_truck', 'mini_truck']",No,non_mining
1271,IND0041201020240101473,20_10_2024_20_13_09,Not_Found,truck,1,4,True,"['Not_Found', 'Not_Found', 'Not_Found']","['truck', 'truck', 'truck']",No,non_mining
1272,IND0041201020240200588,20_10_2024_14_57_59,Not_Found,truck,2,4,True,"['Not_Found', 'Not_Found', 'Not_Found']","['truck', 'truck', 'truck']",No,non_mining
1273,IND0041201020240101431,20_10_2024_19_44_00,Not_Found,truck,1,4,True,"['Not_Found', 'Not_Found', 'Not_Found']","['truck', 'truck', 'truck']",No,Not_Found
1274,IND0041201020240200304,20_10_2024_08_18_23,non_mining,truck,2,4,True,"['non_mining', 'non_mining', 'non_mining']","['truck', 'truck', 'truck']",No,non_mining
1275,IND0041201020240200410,20_10_2024_10_52_22,non_mining,truck,2,4,True,"['non_mining', 'non_mining', 'covered']","['truck', 'truck', 'truck']",No,non_mining
1276,IND0041201020240200529,20_10_2024_13_34_43,non_mining,truck,2,4,True,"['non_mining', 'non_mining', 'non_mining']","['truck', 'truck', 'truck']",No,non_mining
1277,IND0041201020240101500,20_10_2024_20_27_37,Not_Found,truck,1,4,True,"['Not_Found', 'Not_Found', 'Not_Found']","['truck', 'truck', 'truck']",No,non_mining
1278,IND0041201020240101074,20_10_2024_15_29_04,Not_Found,truck,1,4,True,"['Not_Found', 'Not_Found', 'non_mining']","['truck', 'truck', 'truck']",No,covered
1279,IND0041201020240101631,20_10_2024_22_17_26,Not_Found,truck,1,4,True,"['Not_Found', 'Not_Found', 'Not_Found']","['truck', 'truck', 'truck']",No,covered
1280,IND0041201020240101231,20_10_2024_17_18_14,non_mining,truck,1,4,True,"['Not_Found', 'non_mining', 'non_mining']","['truck', 'truck', 'truck']",No,non_mining
1281,IND0041201020240100958,20_10_2024_14_17_33,mining_full,hywa,1,4,True,"['Not_Found', 'mining_full', 'mining_full']","['hywa', 'hywa', 'hywa']",No,mining_full
1282,IND0041201020240101343,20_10_2024_18_35_24,Not_Found,truck,1,4,True,"['Not_Found', 'Not_Found', 'Not_Found']","['truck', 'truck', 'truck', 'truck']",No,non_mining
1283,IND0041201020240100815,20_10_2024_12_40_19,non_mining,truck,1,4,True,"['Not_Found', 'non_mining', 'non_mining']","['truck', 'truck', 'truck']",No,non_mining
1284,IND0041201020240101332,20_10_2024_18_26_58,Not_Found,truck,1,4,True,"['Not_Found', 'Not_Found', 'Not_Found']","['truck', 'truck', 'truck']",No,covered
1285,IND0041201020240101665,20_10_2024_22_50_40,Not_Found,truck,1,4,True,"['Not_Found', 'Not_Found', 'Not_Found']","['truck', 'truck', 'truck']",No,non_mining
1286,IND0041201020240101333,20_10_2024_18_28_19,Not_Found,mini_truck,1,1,False,['Not_Found'],['mini_truck'],No,Not_Found
1287,IND0041201020240100696,20_10_2024_11_18_42,non_mining,mini_truck,1,4,True,"['non_mining', 'non_mining', 'non_mining']","['mini_truck', 'mini_truck', 'mini_truck']",No,non_mining
1288,IND0041201020240100126,20_10_2024_01_59_34,Not_Found,truck,1,1,False,"['Not_Found', 'Not_Found', 'Not_Found']","['truck', 'truck', 'truck', 'truck', 'truck', 'truck']",No,non_mining
1289,IND0041201020240200266,20_10_2024_06_34_58,non_mining,mini_truck,2,4,True,"['non_mining', 'non_mining', 'non_mining']","['mini_truck', 'mini_truck', 'mini_truck']",No,non_mining
1290,IND0041201020240101022,20_10_2024_14_57_15,non_mining,mini_truck,1,4,True,"['non_mining', 'non_mining', 'non_mining']","['mini_truck', 'mini_truck', 'mini_truck', 'mini_truck']",Yes,non_mining
1291,IND0041201020240200098,20_10_2024_02_23_07,Not_Found,truck,2,3,True,"['Not_Found', 'Not_Found']","['truck', 'truck']",No,mining_full
1292,IND0041201020240200501,20_10_2024_12_52_21,non_mining,truck,2,4,True,"['non_mining', 'non_mining', 'non_mining']","['truck', 'truck', 'truck']",No,non_mining
1293,IND0041201020240200878,20_10_2024_23_32_49,Not_Found,mini_truck,2,2,False,['Not_Found'],['mini_truck'],No,non_mining
1294,IND0041201020240200068,20_10_2024_01_29_30,Not_Found,truck,2,1,False,['Not_Found'],['truck'],No,mining_full
1295,IND0041201020240200075,20_10_2024_01_36_07,Not_Found,mini_truck,2,1,False,['Not_Found'],['mini_truck'],No,non_mining
1296,IND0041201020240200167,20_10_2024_03_55_25,Not_Found,truck,2,4,True,"['Not_Found', 'Not_Found', 'Not_Found']","['truck', 'truck', 'truck']",No,non_mining
1297,IND0041201020240200886,20_10_2024_23_46_16,Not_Found,truck,2,4,True,"['Not_Found', 'Not_Found', 'Not_Found']","['truck', 'truck', 'truck']",No,covered
1298,IND0041201020240200124,20_10_2024_02_55_30,Not_Found,truck,2,4,True,"['Not_Found', 'Not_Found', 'Not_Found']","['truck', 'truck', 'truck', 'truck', 'truck', 'truck', 'truck', 'truck', 'truck']",No,non_mining
1299,IND0041201020240101544,20_10_2024_21_01_47,Not_Found,truck,1,4,True,"['Not_Found', 'Not_Found', 'Not_Found']","['truck', 'truck', 'truck']",No,Not_Found
1300,IND0041201020240100552,20_10_2024_09_34_09,non_mining,truck,1,4,True,"['Not_Found', 'non_mining', 'non_mining']","['truck', 'truck', 'truck']",No,non_mining
1301,IND0041201020240100715,20_10_2024_11_36_42,Not_Found,truck,1,4,True,"['Not_Found', 'Not_Found', 'non_mining']","['truck', 'truck', 'truck']",No,covered
1302,IND0041201020240100263,20_10_2024_05_25_01,Not_Found,truck,1,3,True,"['Not_Found', 'Not_Found']","['truck', 'truck']",No,covered
1303,IND0041201020240100646,20_10_2024_10_44_53,non_mining,truck,1,4,True,"['Not_Found', 'non_mining', 'non_mining']","['truck', 'truck', 'truck']",No,non_mining
1304,IND0041201020240100050,20_10_2024_00_49_04,Not_Found,truck,1,3,False,"['Not_Found', 'Not_Found', 'Not_Found']","['truck', 'truck', 'truck', 'hywa']",No,mining_full
1305,IND0041201020240101147,20_10_2024_16_22_20,non_mining,mini_truck,1,4,True,"['non_mining', 'non_mining', 'non_mining']","['mini_truck', 'mini_truck', 'mini_truck']",No,non_mining
1306,IND0041201020240101383,20_10_2024_19_02_40,Not_Found,truck,1,4,True,"['Not_Found', 'Not_Found', 'Not_Found']","['truck', 'truck', 'truck']",No,Not_Found
1307,IND0041201020240100277,20_10_2024_05_51_01,Not_Found,mini_truck,1,1,False,"['Not_Found', 'Not_Found']","['mini_truck', 'mini_truck']",No,non_mining
1308,IND0041201020240100606,20_10_2024_10_20_17,Not_Found,truck,1,4,True,"['Not_Found', 'Not_Found', 'Not_Found']","['truck', 'truck', 'truck']",No,covered
1309,IND0041201020240100637,20_10_2024_10_41_20,non_mining,truck,1,4,True,"['Not_Found', 'non_mining', 'non_mining']","['truck', 'truck', 'truck']",No,non_mining
1310,IND0041201020240100385,20_10_2024_07_53_39,non_mining,truck,1,4,True,"['Not_Found', 'non_mining', 'non_mining']","['truck', 'truck', 'truck']",No,non_mining
1311,IND0041201020240200688,20_10_2024_18_00_47,Not_Found,mini_truck,2,1,False,['Not_Found'],['mini_truck'],No,non_mining
1312,IND0041201020240200888,20_10_2024_23_54_13,Not_Found,truck,2,4,True,"['Not_Found', 'Not_Found', 'Not_Found']","['truck', 'truck', 'truck']",No,covered
1313,IND0041201020240101042,20_10_2024_15_10_03,non_mining,truck,1,3,True,"['non_mining', 'non_mining']","['truck', 'truck']",No,non_mining
1314,IND0041201020240200795,20_10_2024_20_36_07,Not_Found,mini_truck,2,4,True,"['Not_Found', 'Not_Found', 'Not_Found']","['mini_truck', 'mini_truck', 'mini_truck']",No,non_mining
1315,IND0041201020240101175,20_10_2024_16_45_08,covered,mini_truck,1,4,True,"['covered', 'covered', 'covered']","['mini_truck', 'mini_truck', 'mini_truck']",No,covered
1316,IND0041201020240100564,20_10_2024_09_43_21,non_mining,truck,1,3,True,"['non_mining', 'non_mining']","['truck', 'truck']",No,non_mining
1317,IND0041201020240100805,20_10_2024_12_34_55,covered,truck,1,4,True,"['covered', 'covered', 'covered']","['truck', 'truck', 'truck']",No,covered
1318,IND0041201020240100067,20_10_2024_01_01_28,Not_Found,truck,1,1,False,"['Not_Found', 'Not_Found', 'Not_Found']","['truck', 'truck', 'truck', 'truck', 'truck', 'truck', 'truck', 'truck', 'truck']",No,
1319,IND0041201020240101543,20_10_2024_21_01_01,Not_Found,truck,1,4,True,"['Not_Found', 'Not_Found', 'Not_Found']","['truck', 'truck', 'truck']",No,non_mining
1320,IND0041201020240100986,20_10_2024_14_38_46,non_mining,truck,1,4,True,"['non_mining', 'non_mining', 'non_mining']","['truck', 'truck', 'truck']",No,non_mining
1321,IND0041201020240100727,20_10_2024_11_44_23,non_mining,truck,1,4,True,"['Not_Found', 'non_mining', 'non_mining']","['truck', 'truck', 'truck']",No,non_mining
1322,IND0041201020240101677,20_10_2024_22_57_40,Not_Found,truck,1,3,False,"['Not_Found', 'Not_Found', 'Not_Found']","['truck', 'truck', 'truck', 'truck']",No,covered
1323,IND0041201020240101661,20_10_2024_22_47_33,Not_Found,mini_truck,1,4,True,"['Not_Found', 'Not_Found', 'non_mining']","['mini_truck', 'mini_truck', 'mini_truck']",No,Not_Found
1324,IND0041201020240100888,20_10_2024_13_25_49,Not_Found,truck,1,3,True,"['Not_Found', 'non_mining']","['truck', 'truck']",No,covered
1325,IND0041201020240101653,20_10_2024_22_40_26,non_mining,mini_truck,1,4,True,"['Not_Found', 'non_mining', 'non_mining']","['mini_truck', 'mini_truck', 'mini_truck']",No,non_mining
1326,IND0041201020240101136,20_10_2024_16_10_02,non_mining,truck,1,4,True,"['non_mining', 'non_mining', 'non_mining']","['truck', 'truck', 'truck']",No,non_mining
1327,IND0041201020240100807,20_10_2024_12_35_18,Not_Found,hywa,1,4,True,"['Not_Found', 'Not_Found', 'Not_Found']","['hywa', 'hywa', 'hywa']",No,mining_full
1328,IND0041201020240200005,20_10_2024_00_06_22,Not_Found,truck,2,1,False,"['Not_Found', 'Not_Found', 'Not_Found']","['truck', 'truck', 'truck', 'truck', 'truck', 'truck', 'truck']",No,non_mining
1329,IND0041201020240200523,20_10_2024_13_20_01,non_mining,mini_truck,2,4,True,"['non_mining', 'non_mining', 'non_mining']","['mini_truck', 'mini_truck', 'mini_truck']",No,non_mining
1330,IND0041201020240101306,20_10_2024_18_18_00,Not_Found,mini_truck,1,2,False,['Not_Found'],['mini_truck'],No,Not_Found
1331,IND0041201020240200250,20_10_2024_05_54_08,non_mining,mini_truck,2,4,True,"['Not_Found', 'non_mining', 'non_mining']","['mini_truck', 'mini_truck', 'truck']",No,non_mining
1332,IND0041201020240101015,20_10_2024_14_56_06,non_mining,truck,1,4,True,"['Not_Found', 'non_mining', 'non_mining']","['truck', 'truck', 'truck']",No,non_mining
1333,IND0041201020240100917,20_10_2024_13_47_35,Not_Found,truck,1,4,True,"['Not_Found', 'Not_Found', 'non_mining']","['truck', 'truck', 'truck']",No,covered
1334,IND0041201020240101510,20_10_2024_20_35_00,Not_Found,truck,1,4,True,"['Not_Found', 'Not_Found', 'Not_Found']","['truck', 'truck', 'truck']",No,mining_full
1335,IND0041201020240101197,20_10_2024_16_58_41,non_mining,truck,1,4,True,"['non_mining', 'non_mining', 'non_mining']","['truck', 'truck', 'truck']",No,non_mining
1336,IND0041201020240101550,20_10_2024_21_05_40,Not_Found,truck,1,4,True,"['Not_Found', 'Not_Found', 'Not_Found']","['truck', 'truck', 'truck']",No,covered
1337,IND0041201020240101137,20_10_2024_16_11_33,non_mining,mini_truck,1,4,True,"['non_mining', 'non_mining', 'non_mining']","['mini_truck', 'mini_truck', 'mini_truck']",No,non_mining
1338,IND0041201020240100985,20_10_2024_14_38_35,covered,truck,1,3,True,"['covered', 'covered']","['truck', 'truck']",No,covered
1339,IND0041201020240100920,20_10_2024_13_48_34,non_mining,truck,1,4,True,"['non_mining', 'non_mining', 'non_mining']","['truck', 'truck', 'truck']",No,non_mining
1340,IND0041201020240200740,20_10_2024_19_05_12,Not_Found,truck,2,4,True,"['Not_Found', 'Not_Found', 'Not_Found']","['truck', 'truck', 'truck']",No,non_mining
1341,IND0041201020240101048,20_10_2024_15_13_43,non_mining,truck,1,4,True,"['Not_Found', 'non_mining', 'non_mining']","['truck', 'truck', 'truck']",No,mining_full
1342,IND0041201020240101173,20_10_2024_16_43_25,non_mining,truck,1,4,True,"['non_mining', 'non_mining', 'non_mining']","['truck', 'truck', 'truck']",No,non_mining
1343,IND0041201020240101293,20_10_2024_18_04_21,non_mining,truck,1,4,True,"['non_mining', 'Not_Found', 'non_mining']","['truck', 'truck', 'mini_truck', 'truck', 'truck']",No,non_mining
1344,IND0041201020240200369,20_10_2024_09_40_03,non_mining,mini_truck,2,4,True,"['non_mining', 'non_mining', 'non_mining']","['mini_truck', 'mini_truck', 'mini_truck']",No,non_mining
1345,IND0041201020240100162,20_10_2024_02_47_38,Not_Found,truck,1,3,True,"['Not_Found', 'Not_Found']","['truck', 'truck']",No,mining_empty
1346,IND0041201020240101105,20_10_2024_15_51_19,non_mining,truck,1,4,True,"['non_mining', 'non_mining', 'non_mining']","['truck', 'truck', 'truck']",No,non_mining
1347,IND0041201020240101023,20_10_2024_14_57_19,non_mining,truck,1,4,True,"['non_mining', 'non_mining', 'non_mining']","['truck', 'truck', 'truck']",No,non_mining
1348,IND0041201020240200755,20_10_2024_19_34_45,Not_Found,truck,2,2,False,"['Not_Found', 'Not_Found', 'Not_Found']","['truck', 'truck', 'truck', 'truck']",No,non_mining
1349,IND0041201020240101013,20_10_2024_14_54_45,covered,truck,1,3,True,"['covered', 'covered']","['truck', 'truck']",No,covered
1350,IND0041201020240100444,20_10_2024_08_30_28,Not_Found,hywa,1,3,True,"['Not_Found', 'Not_Found']","['hywa', 'hywa']",No,mining_full
1351,IND0041201020240200656,20_10_2024_17_19_15,Not_Found,tractor,2,1,False,"['Not_Found', 'Not_Found', 'Not_Found']","['tractor', 'tractor', 'tractor', 'tractor', 'tractor', 'tractor', 'tractor', 'tractor', 'tractor', 'tractor', 'tractor', 'tractor', 'tractor', 'tractor', 'tractor', 'tractor']",No,non_mining
1352,IND0041201020240101019,20_10_2024_14_56_33,non_mining,truck,1,4,True,"['non_mining', 'non_mining', 'non_mining']","['truck', 'truck', 'truck']",No,non_mining
1353,IND0041201020240200813,20_10_2024_21_28_25,Not_Found,truck,2,4,True,"['Not_Found', 'Not_Found', 'Not_Found']","['truck', 'truck', 'truck']",No,non_mining
1354,IND0041201020240100342,20_10_2024_07_07_35,Not_Found,hywa,1,4,True,"['Not_Found', 'Not_Found', 'non_mining']","['hywa', 'hywa', 'truck']",No,mining_full
1355,IND0041201020240101190,20_10_2024_16_54_23,non_mining,truck,1,1,False,['non_mining'],['truck'],Yes,non_mining
1356,IND0041201020240101711,20_10_2024_23_43_50,Not_Found,truck,1,1,False,"['Not_Found', 'Not_Found', 'Not_Found']","['truck', 'truck', 'truck', 'truck', 'truck', 'truck', 'truck', 'truck', 'truck', 'truck', 'truck']",No,covered
1357,IND0041201020240100633,20_10_2024_10_40_05,non_mining,truck,1,4,True,"['non_mining', 'non_mining', 'non_mining']","['truck', 'truck', 'truck']",No,non_mining
1358,IND0041201020240200472,20_10_2024_12_14_38,Not_Found,tractor,2,4,True,"['Not_Found', 'Not_Found', 'Not_Found']","['tractor', 'tractor', 'tractor', 'tractor', 'tractor', 'tractor', 'tractor', 'tractor', 'tractor', 'tractor', 'tractor']",No,Not_Found
1359,IND0041201020240101292,20_10_2024_18_03_15,Not_Found,truck,1,3,True,"['Not_Found', 'Not_Found', 'Not_Found']","['truck', 'truck', 'truck', 'truck', 'truck']",No,non_mining
1360,IND0041201020240101391,20_10_2024_19_14_51,Not_Found,truck,1,3,False,"['Not_Found', 'Not_Found']","['truck', 'truck']",No,Not_Found
1361,IND0041201020240101478,20_10_2024_20_16_22,Not_Found,truck,1,3,False,"['Not_Found', 'Not_Found']","['truck', 'truck']",No,mining_full
1362,IND0041201020240200786,20_10_2024_20_22_11,non_mining,truck,2,4,True,"['non_mining', 'non_mining', 'non_mining']","['truck', 'truck', 'truck']",No,non_mining
1363,IND0041201020240200586,20_10_2024_14_48_27,Not_Found,tractor,2,1,False,"['Not_Found', 'Not_Found', 'Not_Found']","['tractor', 'tractor', 'tractor', 'tractor', 'tractor', 'tractor', 'tractor', 'tractor', 'tractor', 'tractor', 'tractor', 'tractor', 'tractor', 'tractor', 'tractor']",No,Not_Found
1364,IND0041201020240100629,20_10_2024_10_38_09,Not_Found,hywa,1,4,True,"['Not_Found', 'Not_Found', 'Not_Found']","['hywa', 'hywa', 'hywa']",No,mining_full
1365,IND0041201020240100079,20_10_2024_01_06_38,Not_Found,truck,1,2,False,['Not_Found'],['truck'],No,covered
1366,IND0041201020240200598,20_10_2024_15_30_02,non_mining,mini_truck,2,4,True,"['non_mining', 'non_mining', 'non_mining']","['mini_truck', 'mini_truck', 'mini_truck']",No,non_mining
1367,IND0041201020240100685,20_10_2024_11_08_48,Not_Found,truck,1,4,True,"['Not_Found', 'Not_Found', 'Not_Found']","['truck', 'truck', 'truck']",No,non_mining
1368,IND0041201020240200069,20_10_2024_01_29_36,Not_Found,mini_truck,2,1,False,"['Not_Found', 'Not_Found', 'Not_Found']","['mini_truck', 'mini_truck', 'mini_truck', 'mini_truck', 'mini_truck', 'mini_truck', 'mini_truck']",No,non_mining
1369,IND0041201020240100489,20_10_2024_08_58_11,Not_Found,mini_truck,1,1,False,['Not_Found'],['mini_truck'],No,Not_Found
1370,IND0041201020240101595,20_10_2024_21_42_31,Not_Found,truck,1,4,True,"['Not_Found', 'Not_Found', 'Not_Found']","['truck', 'truck', 'truck']",No,mining_full
1371,IND0041201020240200152,20_10_2024_03_32_16,Not_Found,truck,2,1,False,"['Not_Found', 'Not_Found', 'Not_Found']","['truck', 'truck', 'truck', 'truck', 'truck']",No,mining_full
1372,IND0041201020240100960,20_10_2024_14_20_58,covered,mini_truck,1,4,True,"['covered', 'covered', 'covered']","['mini_truck', 'mini_truck', 'mini_truck']",No,covered
1373,IND0041201020240100060,20_10_2024_00_56_00,Not_Found,mini_truck,1,1,False,"['Not_Found', 'Not_Found', 'Not_Found']","['mini_truck', 'mini_truck', 'truck', 'truck', 'mini_truck', 'mini_truck']",No,non_mining
1374,IND0041201020240200226,20_10_2024_05_11_21,Not_Found,truck,2,4,True,"['Not_Found', 'Not_Found', 'Not_Found']","['truck', 'truck', 'truck']",No,covered
1375,IND0041201020240100812,20_10_2024_12_39_11,non_mining,truck,1,4,True,"['non_mining', 'non_mining', 'non_mining']","['truck', 'truck', 'truck']",No,non_mining
1376,IND0041201020240100217,20_10_2024_04_10_50,Not_Found,truck,1,3,False,"['Not_Found', 'Not_Found', 'Not_Found']","['truck', 'truck', 'truck', 'truck', 'truck', 'truck', 'truck', 'truck']",No,non_mining
1377,IND0041201020240101301,20_10_2024_18_11_51,Not_Found,truck,1,2,False,['Not_Found'],['truck'],No,non_mining
1378,IND0041201020240100259,20_10_2024_05_17_17,Not_Found,truck,1,1,False,['Not_Found'],['truck'],Yes,covered
1379,IND0041201020240100871,20_10_2024_13_11_19,mining_full,hywa,1,4,True,"['Not_Found', 'mining_full', 'mining_full']","['hywa', 'hywa', 'hywa']",No,mining_full
1380,IND0041201020240200356,20_10_2024_09_24_24,Not_Found,tractor,2,1,False,"['Not_Found', 'Not_Found', 'Not_Found']","['tractor', 'tractor', 'tractor', 'tractor', 'tractor', 'tractor', 'tractor', 'tractor', 'tractor', 'tractor', 'tractor', 'tractor', 'tractor', 'tractor', 'tractor', 'tractor']",No,mining_empty
1381,IND0041201020240101502,20_10_2024_20_30_13,Not_Found,truck,1,1,False,"['Not_Found', 'Not_Found', 'Not_Found']","['truck', 'truck', 'truck', 'truck', 'truck', 'truck', 'truck', 'truck', 'truck']",No,Not_Found
1382,IND0041201020240100242,20_10_2024_04_38_08,Not_Found,truck,1,4,True,"['Not_Found', 'Not_Found', 'non_mining']","['truck', 'truck', 'truck']",No,covered
1383,IND0041201020240100331,20_10_2024_06_59_48,Not_Found,hywa,1,4,True,"['Not_Found', 'Not_Found', 'Not_Found']","['hywa', 'hywa', 'hywa']",No,mining_full
1384,IND0041201020240100517,20_10_2024_09_11_50,non_mining,truck,1,4,True,"['Not_Found', 'non_mining', 'non_mining']","['truck', 'truck', 'truck']",No,mining_full
1385,IND0041201020240101110,20_10_2024_15_53_46,non_mining,truck,1,4,True,"['Not_Found', 'non_mining', 'non_mining']","['truck', 'truck', 'truck']",No,non_mining
1386,IND0041201020240100080,20_10_2024_01_06_50,Not_Found,truck,1,4,True,"['Not_Found', 'Not_Found', 'Not_Found']","['truck', 'truck', 'truck']",No,covered
1387,IND0041201020240200137,20_10_2024_03_16_00,Not_Found,truck,2,4,True,"['Not_Found', 'Not_Found', 'Not_Found']","['truck', 'truck', 'truck']",No,covered
1388,IND0041201020240100125,20_10_2024_01_58_26,Not_Found,truck,1,4,True,"['Not_Found', 'Not_Found', 'Not_Found']","['truck', 'truck', 'truck']",No,non_mining
1389,IND0041201020240200592,20_10_2024_15_17_53,Not_Found,tractor,2,1,False,"['Not_Found', 'Not_Found', 'Not_Found']","['tractor', 'tractor', 'tractor', 'tractor', 'tractor', 'tractor']",No,mining_empty
1390,IND0041201020240100981,20_10_2024_14_37_34,Not_Found,truck,1,3,True,"['Not_Found', 'Not_Found']","['truck', 'truck']",No,covered
1391,IND0041201020240100193,20_10_2024_03_27_46,Not_Found,truck,1,4,True,"['Not_Found', 'Not_Found', 'Not_Found']","['truck', 'truck', 'truck']",No,mining_full
1392,IND0041201020240100203,20_10_2024_03_47_00,Not_Found,truck,1,1,False,['Not_Found'],['truck'],Yes,non_mining
1393,IND0041201020240200252,20_10_2024_06_00_54,Not_Found,truck,2,1,False,"['Not_Found', 'Not_Found', 'Not_Found']","['truck', 'truck', 'truck']",No,non_mining
1394,IND0041201020240200604,20_10_2024_15_35_07,mining_empty,tractor,2,4,True,"['non_mining', 'mining_empty', 'mining_empty']","['tractor', 'tractor', 'tractor', 'tractor', 'tractor', 'tractor', 'tractor', 'tractor', 'tractor', 'tractor', 'tractor', 'tractor', 'tractor', 'tractor', 'tractor', 'tractor']",No,mining_empty
1395,IND0041201020240101582,20_10_2024_21_30_56,non_mining,truck,1,4,True,"['non_mining', 'non_mining', 'non_mining']","['truck', 'truck', 'truck']",No,non_mining
1396,IND0041201020240200687,20_10_2024_17_57_40,non_mining,truck,2,2,False,"['non_mining', 'non_mining', 'Not_Found']","['truck', 'truck', 'truck', 'truck', 'truck', 'truck', 'truck', 'truck', 'truck', 'truck', 'truck']",No,non_mining
1397,IND0041201020240100212,20_10_2024_04_02_45,Not_Found,truck,1,1,False,"['Not_Found', 'Not_Found']","['truck', 'truck']",Yes,non_mining
1398,IND0041201020240100542,20_10_2024_09_26_40,Not_Found,hywa,1,1,False,['Not_Found'],['hywa'],Yes,mining_full
1399,IND0041201020240200237,20_10_2024_05_30_03,Not_Found,truck,2,2,True,['Not_Found'],['truck'],No,covered
1400,IND0041201020240101225,20_10_2024_17_15_18,non_mining,truck,1,4,True,"['Not_Found', 'non_mining', 'non_mining']","['truck', 'truck', 'truck']",No,non_mining
1401,IND0041201020240101080,20_10_2024_15_34_12,Not_Found,truck,1,3,True,"['Not_Found', 'Not_Found']","['truck', 'truck']",No,non_mining
1402,IND0041201020240100588,20_10_2024_10_06_01,non_mining,truck,1,4,True,"['non_mining', 'non_mining', 'non_mining']","['truck', 'truck', 'truck']",No,non_mining
1403,IND0041201020240101212,20_10_2024_17_04_29,Not_Found,truck,1,4,True,"['Not_Found', 'Not_Found', 'non_mining']","['truck', 'truck', 'truck']",No,non_mining
1404,IND0041201020240100253,20_10_2024_05_06_02,Not_Found,truck,1,1,False,"['Not_Found', 'Not_Found', 'Not_Found']","['truck', 'truck', 'truck', 'truck', 'truck', 'truck']",No,non_mining
1405,IND0041201020240200457,20_10_2024_11_58_03,Not_Found,mini_truck,2,2,False,['Not_Found'],['mini_truck'],No,Not_Found
1406,IND0041201020240200885,20_10_2024_23_45_57,Not_Found,truck,2,4,True,"['Not_Found', 'Not_Found', 'Not_Found']","['truck', 'truck', 'truck']",No,non_mining
1407,IND0041201020240100722,20_10_2024_11_40_53,Not_Found,truck,1,4,True,"['Not_Found', 'Not_Found', 'non_mining']","['truck', 'truck', 'truck']",No,covered
1408,IND0041201020240200195,20_10_2024_04_29_36,Not_Found,truck,2,4,True,"['Not_Found', 'Not_Found', 'Not_Found']","['truck', 'truck', 'truck']",No,Not_Found
1409,IND0041201020240200528,20_10_2024_13_33_31,covered,truck,2,4,True,"['covered', 'covered', 'covered']","['truck', 'truck', 'truck']",No,covered
1410,IND0041201020240101322,20_10_2024_18_22_24,Not_Found,truck,1,1,False,"['Not_Found', 'Not_Found', 'Not_Found']","['truck', 'truck', 'truck', 'truck']",No,non_mining
1411,IND0041201020240100993,20_10_2024_14_41_54,non_mining,mini_truck,1,4,True,"['non_mining', 'non_mining', 'non_mining']","['mini_truck', 'mini_truck', 'mini_truck']",No,non_mining
1412,IND0041201020240101328,20_10_2024_18_24_42,Not_Found,truck,1,1,False,['Not_Found'],['truck'],Yes,covered
1413,IND0041201020240200657,20_10_2024_17_19_56,non_mining,truck,2,4,True,"['non_mining', 'non_mining', 'non_mining']","['truck', 'truck', 'truck']",No,non_mining
1414,IND0041201020240101477,20_10_2024_20_16_10,Not_Found,truck,1,4,True,"['Not_Found', 'Not_Found', 'Not_Found']","['truck', 'truck', 'truck']",No,covered
1415,IND0041201020240101053,20_10_2024_15_17_45,Not_Found,truck,1,3,True,"['Not_Found', 'non_mining']","['truck', 'truck']",No,Not_Found
1416,IND0041201020240200781,20_10_2024_20_14_46,Not_Found,mini_truck,2,4,True,"['Not_Found', 'Not_Found', 'Not_Found']","['mini_truck', 'mini_truck', 'mini_truck']",No,Not_Found
1417,IND0041201020240100829,20_10_2024_12_47_39,Not_Found,truck,1,4,True,"['Not_Found', 'Not_Found', 'non_mining']","['truck', 'truck', 'truck']",No,non_mining
1418,IND0041201020240200610,20_10_2024_15_51_15,covered,mini_truck,2,4,True,"['covered', 'covered', 'covered']","['mini_truck', 'mini_truck', 'mini_truck']",No,covered
1419,IND0041201020240200589,20_10_2024_14_58_25,Not_Found,mini_truck,2,4,True,"['Not_Found', 'Not_Found', 'Not_Found']","['mini_truck', 'mini_truck', 'mini_truck', 'mini_truck']",No,non_mining
1420,IND0041201020240100172,20_10_2024_03_05_13,Not_Found,truck,1,4,True,"['Not_Found', 'Not_Found', 'Not_Found']","['truck', 'truck', 'truck']",No,non_mining
1421,IND0041201020240101067,20_10_2024_15_24_20,non_mining,mini_truck,1,4,True,"['non_mining', 'non_mining', 'non_mining']","['mini_truck', 'mini_truck', 'mini_truck']",No,non_mining
1422,IND0041201020240101462,20_10_2024_20_03_47,Not_Found,truck,1,4,True,"['Not_Found', 'Not_Found', 'Not_Found']","['truck', 'truck', 'truck']",No,non_mining
1423,IND0041201020240100128,20_10_2024_02_01_41,Not_Found,truck,1,4,True,"['Not_Found', 'Not_Found', 'Not_Found']","['truck', 'truck', 'truck']",No,covered
1424,IND0041201020240100887,20_10_2024_13_25_42,non_mining,truck,1,4,True,"['non_mining', 'non_mining', 'non_mining']","['truck', 'truck', 'truck']",No,non_mining
1425,IND0041201020240200495,20_10_2024_12_45_23,covered,truck,2,4,True,"['covered', 'covered', 'covered']","['truck', 'truck', 'truck']",No,covered
1426,IND0041201020240100971,20_10_2024_14_29_38,non_mining,truck,1,4,True,"['non_mining', 'non_mining', 'non_mining']","['truck', 'truck', 'truck']",No,non_mining
1427,IND0041201020240100541,20_10_2024_09_26_40,Not_Found,hywa,1,4,True,"['Not_Found', 'Not_Found', 'Not_Found']","['hywa', 'hywa', 'hywa']",No,mining_full
1428,IND0041201020240100291,20_10_2024_06_29_40,Not_Found,truck,1,2,False,"['Not_Found', 'Not_Found', 'Not_Found']","['truck', 'truck', 'truck', 'truck', 'truck', 'truck', 'truck', 'truck', 'truck']",No,non_mining
1429,IND0041201020240200318,20_10_2024_08_42_08,non_mining,truck,2,4,True,"['non_mining', 'non_mining', 'non_mining']","['truck', 'truck', 'truck']",No,non_mining
1430,IND0041201020240200218,20_10_2024_05_00_33,Not_Found,truck,2,3,False,"['Not_Found', 'Not_Found', 'non_mining']","['truck', 'truck', 'truck', 'truck', 'truck', 'truck']",No,covered
1431,IND0041201020240100335,20_10_2024_07_05_06,Not_Found,truck,1,4,True,"['Not_Found', 'Not_Found', 'non_mining']","['truck', 'truck', 'truck']",No,covered
1432,IND0041201020240100129,20_10_2024_02_07_21,Not_Found,truck,1,2,False,"['Not_Found', 'Not_Found', 'Not_Found']","['truck', 'truck', 'truck', 'truck', 'truck']",No,mining_full
1433,IND0041201020240100190,20_10_2024_03_23_10,Not_Found,truck,1,4,True,"['Not_Found', 'Not_Found', 'Not_Found']","['truck', 'truck', 'truck']",No,mining_full
1434,IND0041201020240101514,20_10_2024_20_37_23,Not_Found,truck,1,2,True,['Not_Found'],['truck'],No,covered
1435,IND0041201020240200776,20_10_2024_20_07_26,Not_Found,tractor,2,1,False,"['Not_Found', 'Not_Found', 'Not_Found']","['tractor', 'tractor', 'tractor']",Yes,non_mining
1436,IND0041201020240100074,20_10_2024_01_05_26,Not_Found,truck,1,2,True,['Not_Found'],['truck'],No,Not_Found
1437,IND0041201020240101559,20_10_2024_21_13_36,Not_Found,truck,1,4,True,"['Not_Found', 'Not_Found', 'Not_Found']","['truck', 'truck', 'truck']",No,non_mining
1438,IND0041201020240200892,20_10_2024_23_58_54,Not_Found,truck,2,4,True,"['Not_Found', 'Not_Found', 'Not_Found']","['truck', 'truck', 'truck']",No,Not_Found
1439,IND0041201020240100311,20_10_2024_06_49_47,covered,truck,1,4,True,"['non_mining', 'covered', 'covered']","['truck', 'truck', 'truck']",No,covered
1440,IND0041201020240200355,20_10_2024_09_21_53,non_mining,truck,2,4,True,"['non_mining', 'non_mining', 'non_mining']","['truck', 'truck', 'truck']",No,non_mining
1441,IND0041201020240200249,20_10_2024_05_52_34,Not_Found,truck,2,4,True,"['Not_Found', 'Not_Found', 'Not_Found']","['truck', 'truck', 'truck']",No,covered
1442,IND0041201020240101645,20_10_2024_22_33_09,Not_Found,truck,1,4,True,"['Not_Found', 'Not_Found', 'Not_Found']","['truck', 'truck', 'truck']",No,non_mining
1443,IND0041201020240101567,20_10_2024_21_21_12,Not_Found,truck,1,1,False,"['Not_Found', 'Not_Found', 'Not_Found']","['truck', 'truck', 'truck', 'truck', 'truck', 'truck']",No,mining_full
1444,IND0041201020240101379,20_10_2024_19_00_27,non_mining,truck,1,1,False,['non_mining'],['truck'],No,non_mining
1445,IND0041201020240200648,20_10_2024_17_03_55,covered,mini_truck,2,4,True,"['covered', 'covered', 'covered']","['mini_truck', 'mini_truck', 'mini_truck']",No,covered
1446,IND0041201020240200028,20_10_2024_00_37_50,Not_Found,truck,2,4,True,"['Not_Found', 'non_mining', 'Not_Found']","['truck', 'truck', 'truck']",No,mining_full
1447,IND0041201020240200765,20_10_2024_19_53_02,Not_Found,truck,2,4,True,"['Not_Found', 'Not_Found', 'Not_Found']","['truck', 'truck', 'truck']",No,covered
1448,IND0041201020240200486,20_10_2024_12_29_30,Not_Found,truck,2,4,True,"['Not_Found', 'Not_Found', 'non_mining']","['truck', 'truck', 'truck']",No,covered
1449,IND0041201020240101076,20_10_2024_15_29_28,Not_Found,truck,1,4,True,"['Not_Found', 'Not_Found', 'Not_Found']","['truck', 'truck', 'truck']",No,covered
1450,IND0041201020240100173,20_10_2024_03_05_35,Not_Found,truck,1,4,True,"['Not_Found', 'Not_Found', 'Not_Found']","['truck', 'truck', 'truck']",No,covered
1451,IND0041201020240100492,20_10_2024_08_59_25,Not_Found,truck,1,4,True,"['Not_Found', 'Not_Found', 'Not_Found']","['truck', 'truck', 'truck']",No,covered
1452,IND0041201020240100642,20_10_2024_10_44_09,non_mining,truck,1,4,True,"['Not_Found', 'non_mining', 'non_mining']","['truck', 'truck', 'truck']",No,non_mining
1453,IND0041201020240100244,20_10_2024_04_45_09,Not_Found,truck,1,4,True,"['Not_Found', 'Not_Found', 'Not_Found']","['truck', 'truck', 'truck']",No,covered
1454,IND0041201020240200449,20_10_2024_11_45_20,covered,truck,2,4,True,"['covered', 'covered', 'covered']","['truck', 'truck', 'truck']",No,covered
1455,IND0041201020240200460,20_10_2024_12_03_41,non_mining,mini_truck,2,2,False,['non_mining'],['mini_truck'],No,non_mining
1456,IND0041201020240100638,20_10_2024_10_41_28,Not_Found,truck,1,3,True,"['Not_Found', 'Not_Found']","['truck', 'truck']",No,non_mining
1457,IND0041201020240200521,20_10_2024_13_16_21,non_mining,mini_truck,2,3,False,"['non_mining', 'non_mining']","['mini_truck', 'mini_truck']",No,non_mining
1458,IND0041201020240101555,20_10_2024_21_10_52,Not_Found,truck,1,4,True,"['Not_Found', 'Not_Found', 'Not_Found']","['truck', 'truck', 'truck']",No,mining_empty
1459,IND0041201020240200112,20_10_2024_02_42_28,Not_Found,truck,2,3,True,"['Not_Found', 'Not_Found']","['truck', 'truck']",No,non_mining
1460,IND0041201020240101075,20_10_2024_15_29_11,non_mining,truck,1,4,True,"['non_mining', 'non_mining', 'non_mining']","['truck', 'truck', 'truck']",No,non_mining
1461,IND0041201020240100423,20_10_2024_08_16_56,Not_Found,hywa,1,4,True,"['Not_Found', 'Not_Found', 'mining_full']","['hywa', 'hywa', 'hywa']",No,mining_full
1462,IND0041201020240100233,20_10_2024_04_30_37,Not_Found,truck,1,1,False,"['Not_Found', 'Not_Found', 'Not_Found']","['truck', 'truck', 'truck', 'truck', 'truck', 'truck']",No,covered
1463,IND0041201020240200512,20_10_2024_13_01_22,Not_Found,truck,2,4,True,"['Not_Found', 'Not_Found', 'Not_Found']","['truck', 'truck', 'truck']",No,Not_Found
1464,IND0041201020240200710,20_10_2024_18_30_37,Not_Found,truck,2,4,True,"['Not_Found', 'Not_Found', 'Not_Found']","['truck', 'truck', 'truck', 'truck']",No,non_mining
1465,IND0041201020240200762,20_10_2024_19_44_45,non_mining,mini_truck,2,4,True,"['non_mining', 'non_mining', 'non_mining']","['mini_truck', 'mini_truck', 'mini_truck']",No,non_mining
1466,IND0041201020240200331,20_10_2024_08_55_38,non_mining,truck,2,4,True,"['Not_Found', 'non_mining', 'non_mining']","['truck', 'truck', 'truck']",No,non_mining
1467,IND0041201020240101704,20_10_2024_23_34_40,Not_Found,truck,1,1,False,"['Not_Found', 'Not_Found', 'Not_Found']","['truck', 'truck', 'truck', 'truck', 'truck']",No,mining_full
1468,IND0041201020240101617,20_10_2024_22_07_07,Not_Found,truck,1,4,True,"['Not_Found', 'Not_Found', 'Not_Found']","['truck', 'truck', 'truck']",No,non_mining
1469,IND0041201020240100387,20_10_2024_07_56_12,non_mining,mini_truck,1,4,True,"['non_mining', 'non_mining', 'non_mining']","['mini_truck', 'mini_truck', 'mini_truck']",No,non_mining
1470,IND0041201020240100851,20_10_2024_12_59_30,non_mining,truck,1,4,True,"['Not_Found', 'non_mining', 'non_mining']","['truck', 'truck', 'truck']",No,non_mining
1471,IND0041201020240101660,20_10_2024_22_46_24,Not_Found,truck,1,4,True,"['Not_Found', 'Not_Found', 'Not_Found']","['truck', 'truck', 'truck']",No,mining_empty
1472,IND0041201020240101319,20_10_2024_18_22_21,Not_Found,truck,1,2,False,['Not_Found'],['truck'],No,non_mining
1473,IND0041201020240200086,20_10_2024_02_02_55,Not_Found,truck,2,1,False,"['Not_Found', 'Not_Found', 'non_mining']","['truck', 'truck', 'truck', 'truck', 'truck', 'truck', 'truck']",No,mining_full
1474,IND0041201020240200016,20_10_2024_00_17_02,Not_Found,truck,2,4,True,"['Not_Found', 'Not_Found', 'Not_Found']","['truck', 'truck', 'truck']",No,non_mining
1475,IND0041201020240200789,20_10_2024_20_23_24,non_mining,mini_truck,2,4,True,"['non_mining', 'non_mining', 'non_mining']","['mini_truck', 'mini_truck', 'mini_truck']",No,non_mining
1476,IND0041201020240200891,20_10_2024_23_57_43,Not_Found,truck,2,1,False,"['Not_Found', 'Not_Found', 'Not_Found']","['truck', 'truck', 'truck', 'truck', 'truck', 'truck', 'truck', 'truck']",No,Not_Found
1477,IND0041201020240101062,20_10_2024_15_22_31,Not_Found,truck,1,4,True,"['Not_Found', 'Not_Found', 'Not_Found']","['truck', 'truck', 'truck']",No,covered
1478,IND0041201020240200570,20_10_2024_14_28_11,non_mining,mini_truck,2,4,True,"['non_mining', 'non_mining', 'non_mining']","['mini_truck', 'mini_truck', 'mini_truck']",No,non_mining
1479,IND0041201020240100214,20_10_2024_04_10_19,Not_Found,truck,1,4,True,"['Not_Found', 'Not_Found', 'Not_Found']","['truck', 'truck', 'truck']",No,non_mining
1480,IND0041201020240101371,20_10_2024_18_53_34,Not_Found,truck,1,4,True,"['Not_Found', 'Not_Found', 'Not_Found']","['truck', 'truck', 'truck']",Yes,non_mining
1481,IND0041201020240200365,20_10_2024_09_35_04,Not_Found,tractor,2,1,False,['Not_Found'],['tractor'],No,non_mining
1482,IND0041201020240200811,20_10_2024_21_26_53,Not_Found,truck,2,1,False,['Not_Found'],['truck'],No,non_mining
1483,IND0041201020240100054,20_10_2024_00_50_17,Not_Found,truck,1,1,False,"['Not_Found', 'Not_Found', 'Not_Found']","['truck', 'truck', 'truck', 'truck', 'truck', 'truck', 'truck']",No,mining_full
1484,IND0041201020240100265,20_10_2024_05_36_21,Not_Found,truck,1,1,False,"['Not_Found', 'Not_Found', 'Not_Found']","['truck', 'truck', 'truck', 'truck', 'truck', 'truck']",No,covered
1485,IND0041201020240200179,20_10_2024_04_13_28,Not_Found,mini_truck,2,1,False,"['Not_Found', 'Not_Found']","['mini_truck', 'mini_truck']",No,covered
1486,IND0041201020240100429,20_10_2024_08_21_50,non_mining,truck,1,4,True,"['non_mining', 'non_mining', 'non_mining']","['truck', 'truck', 'truck']",No,non_mining
1487,IND0041201020240100164,20_10_2024_02_51_15,Not_Found,truck,1,4,True,"['Not_Found', 'Not_Found', 'Not_Found']","['truck', 'truck', 'truck']",No,Not_Found
1488,IND0041201020240101443,20_10_2024_19_54_41,Not_Found,truck,1,4,True,"['Not_Found', 'Not_Found', 'Not_Found']","['truck', 'truck', 'truck']",No,covered
1489,IND0041201020240100158,20_10_2024_02_44_06,Not_Found,truck,1,1,False,['Not_Found'],['truck'],Yes,covered
1490,IND0041201020240200364,20_10_2024_09_35_03,Not_Found,tractor,2,2,False,"['Not_Found', 'Not_Found', 'Not_Found']","['tractor', 'tractor', 'tractor', 'tractor', 'tractor', 'tractor', 'tractor', 'tractor', 'tractor']",No,non_mining
1491,IND0041201020240101545,20_10_2024_21_02_02,Not_Found,truck,1,4,True,"['Not_Found', 'Not_Found', 'Not_Found']","['truck', 'truck', 'truck']",No,covered
1492,IND0041201020240100950,20_10_2024_14_13_53,non_mining,truck,1,4,True,"['non_mining', 'non_mining', 'non_mining']","['truck', 'truck', 'truck']",No,non_mining
1493,IND0041201020240100605,20_10_2024_10_18_37,non_mining,truck,1,4,True,"['non_mining', 'non_mining', 'non_mining']","['truck', 'truck', 'truck']",No,non_mining
1494,IND0041201020240100485,20_10_2024_08_56_39,Not_Found,hywa,1,4,True,"['Not_Found', 'Not_Found', 'mining_full']","['hywa', 'hywa', 'hywa']",No,mining_full
1495,IND0041201020240100957,20_10_2024_14_17_33,Not_Found,truck,1,2,False,['Not_Found'],['truck'],No,mining_full
1496,IND0041201020240200023,20_10_2024_00_32_38,Not_Found,mini_truck,2,1,False,"['Not_Found', 'Not_Found', 'Not_Found']","['mini_truck', 'mini_truck', 'mini_truck', 'mini_truck', 'mini_truck', 'mini_truck']",No,Not_Found
1497,IND0041201020240200597,20_10_2024_15_25_55,non_mining,truck,2,4,True,"['non_mining', 'non_mining', 'non_mining']","['truck', 'truck', 'truck']",No,non_mining
1498,IND0041201020240101426,20_10_2024_19_40_28,Not_Found,truck,1,2,False,"['Not_Found', 'Not_Found', 'Not_Found']","['truck', 'truck', 'truck', 'truck', 'truck', 'truck', 'truck', 'truck']",No,mining_full
1499,IND0041201020240100463,20_10_2024_08_45_02,non_mining,mini_truck,1,4,True,"['non_mining', 'non_mining', 'non_mining']","['mini_truck', 'mini_truck', 'mini_truck']",No,non_mining
1500,IND0041201020240200517,20_10_2024_13_13_33,Not_Found,tractor,2,4,True,"['Not_Found', 'Not_Found', 'Not_Found']","['tractor', 'tractor', 'tractor']",Yes,Not_Found
1501,IND0041201020240100303,20_10_2024_06_42_59,Not_Found,truck,1,1,False,"['Not_Found', 'Not_Found', 'Not_Found']","['truck', 'truck', 'truck', 'truck', 'truck', 'truck']",No,covered
1502,IND0041201020240100278,20_10_2024_05_51_13,Not_Found,truck,1,3,True,"['Not_Found', 'Not_Found']","['truck', 'truck']",No,mining_full
1503,IND0041201020240200097,20_10_2024_02_22_28,Not_Found,truck,2,4,True,"['Not_Found', 'Not_Found', 'Not_Found']","['truck', 'truck', 'truck']",No,covered
1504,IND0041201020240100115,20_10_2024_01_46_42,Not_Found,truck,1,2,False,"['Not_Found', 'Not_Found', 'Not_Found']","['truck', 'truck', 'truck', 'truck', 'truck', 'truck', 'truck', 'truck']",No,covered
1505,IND0041201020240100486,20_10_2024_08_57_10,non_mining,truck,1,4,True,"['Not_Found', 'non_mining', 'non_mining']","['truck', 'truck', 'truck']",No,non_mining
1506,IND0041201020240200061,20_10_2024_01_22_58,Not_Found,truck,2,3,True,"['Not_Found', 'Not_Found']","['truck', 'truck']",No,non_mining
1507,IND0041201020240200744,20_10_2024_19_11_15,Not_Found,truck,2,3,False,"['Not_Found', 'Not_Found', 'Not_Found']","['truck', 'truck', 'truck']",No,non_mining
1508,IND0041201020240200343,20_10_2024_09_07_22,non_mining,mini_truck,2,4,True,"['non_mining', 'non_mining', 'non_mining']","['mini_truck', 'mini_truck', 'mini_truck']",No,non_mining
1509,IND0041201020240200578,20_10_2024_14_41_03,Not_Found,tractor,2,1,False,"['Not_Found', 'Not_Found']","['tractor', 'tractor']",No,Not_Found
1510,IND0041201020240100336,20_10_2024_07_05_14,Not_Found,hywa,1,3,True,"['Not_Found', 'Not_Found']","['hywa', 'hywa']",No,mining_full
1511,IND0041201020240200599,20_10_2024_15_30_17,non_mining,mini_truck,2,3,True,"['non_mining', 'non_mining']","['mini_truck', 'mini_truck']",No,non_mining
1512,IND0041201020240101719,20_10_2024_23_50_15,Not_Found,mini_truck,1,3,True,"['Not_Found', 'non_mining']","['mini_truck', 'mini_truck']",No,non_mining
1513,IND0041201020240101302,20_10_2024_18_12_36,Not_Found,truck,1,4,True,"['Not_Found', 'Not_Found', 'Not_Found']","['truck', 'truck', 'truck']",No,non_mining
1514,IND0041201020240100093,20_10_2024_01_18_14,Not_Found,truck,1,4,True,"['Not_Found', 'Not_Found', 'Not_Found']","['truck', 'truck', 'truck']",No,covered
1515,IND0041201020240101570,20_10_2024_21_22_27,Not_Found,truck,1,2,False,['Not_Found'],['truck'],No,Not_Found
1516,IND0041201020240100375,20_10_2024_07_46_56,Not_Found,truck,1,4,True,"['Not_Found', 'Not_Found', 'covered']","['truck', 'truck', 'truck']",No,covered
1517,IND0041201020240100451,20_10_2024_08_36_55,non_mining,truck,1,4,True,"['non_mining', 'non_mining', 'non_mining']","['truck', 'truck', 'truck']",No,non_mining
1518,IND0041201020240100509,20_10_2024_09_05_59,Not_Found,truck,1,4,True,"['Not_Found', 'Not_Found', 'Not_Found']","['truck', 'truck', 'truck']",No,covered
1519,IND0041201020240200504,20_10_2024_12_56_38,non_mining,truck,2,4,True,"['non_mining', 'non_mining', 'non_mining']","['truck', 'truck', 'truck']",No,non_mining
1520,IND0041201020240100472,20_10_2024_08_50_07,non_mining,truck,1,4,True,"['non_mining', 'non_mining', 'non_mining']","['truck', 'truck', 'truck']",No,non_mining
1521,IND0041201020240100621,20_10_2024_10_30_53,non_mining,truck,1,4,True,"['Not_Found', 'non_mining', 'non_mining']","['truck', 'truck', 'truck']",No,non_mining
1522,IND0041201020240101295,20_10_2024_18_05_15,Not_Found,mini_truck,1,4,True,"['Not_Found', 'Not_Found', 'Not_Found']","['mini_truck', 'mini_truck', 'mini_truck']",No,non_mining
1523,IND0041201020240101120,20_10_2024_15_59_42,non_mining,truck,1,3,True,"['non_mining', 'non_mining']","['truck', 'truck']",No,non_mining
1524,IND0041201020240100624,20_10_2024_10_35_21,Not_Found,truck,1,3,True,"['Not_Found', 'Not_Found']","['truck', 'truck']",No,mining_full
1525,IND0041201020240200240,20_10_2024_05_32_58,Not_Found,truck,2,4,True,"['Not_Found', 'Not_Found', 'Not_Found']","['truck', 'truck', 'truck']",No,covered
1526,IND0041201020240200494,20_10_2024_12_44_05,non_mining,truck,2,4,True,"['non_mining', 'non_mining', 'non_mining']","['truck', 'truck', 'truck']",No,non_mining
1527,IND0041201020240100905,20_10_2024_13_37_51,non_mining,mini_truck,1,1,False,"['non_mining', 'non_mining', 'non_mining']","['mini_truck', 'mini_truck', 'mini_truck', 'mini_truck', 'mini_truck', 'mini_truck']",No,non_mining
1528,IND0041201020240101276,20_10_2024_17_48_46,non_mining,truck,1,4,True,"['non_mining', 'non_mining', 'non_mining']","['truck', 'truck', 'truck']",No,non_mining
1529,IND0041201020240100310,20_10_2024_06_49_07,non_mining,truck,1,4,True,"['non_mining', 'non_mining', 'non_mining']","['truck', 'truck', 'truck']",No,non_mining
1530,IND0041201020240200289,20_10_2024_07_26_15,non_mining,truck,2,4,True,"['Not_Found', 'non_mining', 'non_mining']","['truck', 'truck', 'truck']",No,non_mining
1531,IND0041201020240101718,20_10_2024_23_49_49,Not_Found,truck,1,4,True,"['Not_Found', 'Not_Found', 'Not_Found']","['truck', 'truck', 'truck']",No,covered
1532,IND0041201020240101372,20_10_2024_18_53_37,Not_Found,mini_truck,1,3,False,"['Not_Found', 'Not_Found']","['mini_truck', 'mini_truck']",No,Not_Found
1533,IND0041201020240101188,20_10_2024_16_54_18,non_mining,truck,1,3,True,"['non_mining', 'non_mining']","['truck', 'truck']",No,non_mining
1534,IND0041201020240100644,20_10_2024_10_44_28,non_mining,truck,1,4,True,"['Not_Found', 'non_mining', 'non_mining']","['truck', 'truck', 'truck']",No,non_mining
1535,IND0041201020240101614,20_10_2024_22_03_41,Not_Found,truck,1,1,False,['Not_Found'],['truck'],No,covered
1536,IND0041201020240100681,20_10_2024_11_06_53,non_mining,truck,1,4,True,"['non_mining', 'non_mining', 'non_mining']","['truck', 'truck', 'truck']",No,non_mining
1537,IND0041201020240200791,20_10_2024_20_25_49,non_mining,truck,2,4,True,"['non_mining', 'non_mining', 'non_mining']","['truck', 'truck', 'truck']",No,non_mining
1538,IND0041201020240101571,20_10_2024_21_22_58,Not_Found,truck,1,4,True,"['Not_Found', 'Not_Found', 'Not_Found']","['truck', 'truck', 'truck']",No,covered
1539,IND0041201020240200394,20_10_2024_10_30_40,Not_Found,truck,2,4,True,"['Not_Found', 'Not_Found', 'covered']","['truck', 'truck', 'truck']",No,covered
1540,IND0041201020240200316,20_10_2024_08_39_24,covered,mini_truck,2,4,True,"['covered', 'covered', 'covered']","['mini_truck', 'mini_truck', 'mini_truck']",No,covered
1541,IND0041201020240101643,20_10_2024_22_32_37,non_mining,mini_truck,1,4,True,"['Not_Found', 'non_mining', 'non_mining']","['mini_truck', 'mini_truck', 'mini_truck']",No,non_mining
1542,IND0041201020240101270,20_10_2024_17_43_04,non_mining,mini_truck,1,4,True,"['non_mining', 'non_mining', 'non_mining']","['mini_truck', 'mini_truck', 'mini_truck', 'mini_truck']",No,non_mining
1543,IND0041201020240100161,20_10_2024_02_47_25,Not_Found,truck,1,4,True,"['Not_Found', 'Not_Found', 'Not_Found']","['truck', 'truck', 'truck']",No,non_mining
1544,IND0041201020240200101,20_10_2024_02_33_04,Not_Found,truck,2,4,True,"['Not_Found', 'Not_Found', 'Not_Found']","['truck', 'truck', 'truck']",No,covered
1545,IND0041201020240101002,20_10_2024_14_49_07,non_mining,truck,1,4,True,"['non_mining', 'non_mining', 'non_mining']","['truck', 'truck', 'truck']",No,non_mining
1546,IND0041201020240100413,20_10_2024_08_12_19,non_mining,truck,1,4,True,"['non_mining', 'non_mining', 'non_mining']","['truck', 'truck', 'truck']",No,non_mining
1547,IND0041201020240200143,20_10_2024_03_22_46,Not_Found,truck,2,3,True,"['Not_Found', 'Not_Found']","['truck', 'truck']",No,Not_Found
1548,IND0041201020240100877,20_10_2024_13_16_34,non_mining,truck,1,4,True,"['non_mining', 'non_mining', 'non_mining']","['truck', 'truck', 'truck']",No,non_mining
1549,IND0041201020240100713,20_10_2024_11_34_12,non_mining,truck,1,4,True,"['Not_Found', 'non_mining', 'non_mining']","['truck', 'truck', 'truck']",No,non_mining
1550,IND0041201020240101448,20_10_2024_19_56_41,Not_Found,truck,1,4,True,"['Not_Found', 'Not_Found', 'non_mining']","['truck', 'truck', 'truck']",No,non_mining
1551,IND0041201020240200401,20_10_2024_10_41_23,covered,truck,2,4,True,"['covered', 'covered', 'covered']","['truck', 'truck', 'truck']",No,covered
1552,IND0041201020240100490,20_10_2024_08_59_00,non_mining,truck,1,4,True,"['Not_Found', 'non_mining', 'non_mining']","['truck', 'truck', 'truck']",No,non_mining
1553,IND0041201020240100478,20_10_2024_08_52_15,non_mining,truck,1,4,True,"['Not_Found', 'non_mining', 'non_mining']","['truck', 'truck', 'truck']",No,non_mining
1554,IND0041201020240200771,20_10_2024_19_58_58,Not_Found,truck,2,4,True,"['Not_Found', 'Not_Found', 'Not_Found']","['truck', 'truck', 'truck']",No,non_mining
1555,IND0041201020240200407,20_10_2024_10_47_36,non_mining,truck,2,2,False,['non_mining'],['truck'],No,non_mining
1556,IND0041201020240200007,20_10_2024_00_08_41,Not_Found,truck,2,4,True,"['Not_Found', 'Not_Found', 'Not_Found']","['truck', 'truck', 'truck']",No,non_mining
1557,IND0041201020240101181,20_10_2024_16_50_31,Not_Found,hywa,1,4,True,"['Not_Found', 'Not_Found', 'Not_Found']","['hywa', 'hywa', 'hywa']",No,covered
1558,IND0041201020240200207,20_10_2024_04_47_07,Not_Found,truck,2,1,False,['Not_Found'],['truck'],Yes,covered
1559,IND0041201020240200183,20_10_2024_04_17_49,Not_Found,truck,2,2,False,"['Not_Found', 'Not_Found', 'non_mining']","['truck', 'truck', 'truck', 'truck', 'truck', 'truck', 'truck', 'truck']",No,covered
1560,IND0041201020240101729,20_10_2024_23_59_19,non_mining,mini_truck,1,4,True,"['non_mining', 'non_mining', 'non_mining']","['mini_truck', 'mini_truck', 'mini_truck']",No,non_mining
1561,IND0041201020240200213,20_10_2024_04_54_36,Not_Found,truck,2,2,True,['Not_Found'],['truck'],No,covered
1562,IND0041201020240200805,20_10_2024_21_01_43,Not_Found,mini_truck,2,4,True,"['Not_Found', 'Not_Found', 'Not_Found']","['mini_truck', 'mini_truck', 'mini_truck']",No,non_mining
1563,IND0041201020240101100,20_10_2024_15_48_53,non_mining,truck,1,4,True,"['Not_Found', 'non_mining', 'non_mining']","['truck', 'truck', 'truck']",No,non_mining
1564,IND0041201020240101289,20_10_2024_18_00_17,non_mining,truck,1,2,False,"['Not_Found', 'non_mining', 'non_mining']","['truck', 'truck', 'truck', 'truck', 'truck', 'truck', 'truck', 'truck']",No,non_mining
1565,IND0041201020240101666,20_10_2024_22_50_54,Not_Found,mini_truck,1,1,False,['Not_Found'],['mini_truck'],No,non_mining
1566,IND0041201020240101459,20_10_2024_20_00_25,Not_Found,truck,1,3,False,"['Not_Found', 'Not_Found', 'Not_Found']","['truck', 'truck', 'truck', 'truck', 'truck', 'truck', 'truck']",No,covered
1567,IND0041201020240100401,20_10_2024_08_06_26,non_mining,truck,1,4,True,"['non_mining', 'non_mining', 'non_mining']","['truck', 'truck', 'truck']",No,non_mining
1568,IND0041201020240100045,20_10_2024_00_43_49,Not_Found,truck,1,1,False,"['Not_Found', 'Not_Found', 'Not_Found']","['truck', 'truck', 'truck', 'truck', 'truck', 'truck', 'truck']",No,mining_full
1569,IND0041201020240200836,20_10_2024_22_22_51,Not_Found,truck,2,4,True,"['Not_Found', 'Not_Found', 'Not_Found']","['truck', 'truck', 'truck']",No,non_mining
1570,IND0041201020240200425,20_10_2024_11_12_34,Not_Found,tractor,2,2,False,"['Not_Found', 'Not_Found', 'Not_Found']","['tractor', 'tractor', 'tractor', 'tractor', 'tractor', 'tractor', 'tractor', 'tractor', 'tractor', 'tractor', 'tractor', 'tractor', 'tractor', 'tractor', 'tractor', 'tractor']",No,non_mining
1571,IND0041201020240100386,20_10_2024_07_54_59,non_mining,truck,1,4,True,"['non_mining', 'non_mining', 'non_mining']","['mini_truck', 'truck', 'truck']",No,non_mining
1572,IND0041201020240101673,20_10_2024_22_53_22,Not_Found,truck,1,1,False,['Not_Found'],['truck'],Yes,non_mining
1573,IND0041201020240101621,20_10_2024_22_08_56,Not_Found,truck,1,4,True,"['Not_Found', 'Not_Found', 'Not_Found']","['truck', 'truck', 'truck']",No,covered
1574,IND0041201020240200083,20_10_2024_01_53_38,Not_Found,truck,2,2,False,"['Not_Found', 'Not_Found', 'Not_Found']","['truck', 'truck', 'truck', 'truck', 'truck', 'truck', 'truck']",No,non_mining
1575,IND0041201020240100522,20_10_2024_09_16_33,non_mining,truck,1,4,True,"['Not_Found', 'non_mining', 'non_mining']","['truck', 'truck', 'truck']",No,non_mining
1576,IND0041201020240100694,20_10_2024_11_18_13,non_mining,truck,1,3,True,"['non_mining', 'non_mining']","['truck', 'truck']",No,non_mining
1577,IND0041201020240101663,20_10_2024_22_50_09,Not_Found,truck,1,4,True,"['Not_Found', 'Not_Found', 'non_mining']","['truck', 'truck', 'truck']",No,non_mining
1578,IND0041201020240100071,20_10_2024_01_04_28,Not_Found,truck,1,4,True,"['Not_Found', 'Not_Found', 'non_mining']","['truck', 'truck', 'truck']",No,
1579,IND0041201020240101690,20_10_2024_23_12_14,Not_Found,truck,1,4,True,"['Not_Found', 'Not_Found', 'Not_Found']","['truck', 'truck', 'truck']",No,non_mining
1580,IND0041201020240100464,20_10_2024_08_45_06,Not_Found,hywa,1,4,True,"['Not_Found', 'Not_Found', 'mining_full']","['hywa', 'hywa', 'hywa']",No,mining_full
1581,IND0041201020240100049,20_10_2024_00_48_34,Not_Found,truck,1,4,True,"['Not_Found', 'Not_Found', 'Not_Found']","['truck', 'truck', 'truck']",No,non_mining
1582,IND0041201020240100314,20_10_2024_06_51_40,non_mining,truck,1,4,True,"['non_mining', 'non_mining', 'covered']","['truck', 'truck', 'truck']",No,non_mining
1583,IND0041201020240101351,20_10_2024_18_41_38,Not_Found,truck,1,1,False,['Not_Found'],['truck'],No,non_mining
1584,IND0041201020240100063,20_10_2024_00_56_52,Not_Found,truck,1,4,True,"['Not_Found', 'Not_Found', 'Not_Found']","['truck', 'truck', 'truck']",No,non_mining
1585,IND0041201020240100853,20_10_2024_13_01_04,covered,mini_truck,1,4,True,"['covered', 'covered', 'covered']","['mini_truck', 'mini_truck', 'mini_truck']",No,covered
1586,IND0041201020240200046,20_10_2024_01_04_25,Not_Found,truck,2,4,True,"['Not_Found', 'Not_Found', 'Not_Found']","['truck', 'truck', 'truck']",No,covered
1587,IND0041201020240100108,20_10_2024_01_32_45,Not_Found,mini_truck,1,4,True,"['Not_Found', 'Not_Found', 'Not_Found']","['mini_truck', 'mini_truck', 'mini_truck']",No,non_mining
1588,IND0041201020240200563,20_10_2024_14_14_16,non_mining,truck,2,4,True,"['non_mining', 'non_mining', 'non_mining']","['truck', 'truck', 'truck']",No,non_mining
1589,IND0041201020240101639,20_10_2024_22_26_43,Not_Found,truck,1,4,True,"['Not_Found', 'Not_Found', 'Not_Found']","['truck', 'truck', 'truck']",No,covered
1590,IND0041201020240200458,20_10_2024_11_59_25,non_mining,truck,2,4,True,"['Not_Found', 'non_mining', 'non_mining']","['truck', 'truck', 'truck']",No,non_mining
1591,IND0041201020240200741,20_10_2024_19_07_26,Not_Found,mini_truck,2,2,False,"['Not_Found', 'Not_Found', 'Not_Found']","['mini_truck', 'mini_truck', 'mini_truck', 'mini_truck', 'mini_truck', 'mini_truck', 'mini_truck']",No,non_mining
1592,IND0041201020240100726,20_10_2024_11_43_07,Not_Found,truck,1,3,True,"['Not_Found', 'non_mining']","['truck', 'truck']",No,non_mining
1593,IND0041201020240100645,20_10_2024_10_44_36,Not_Found,truck,1,4,True,"['Not_Found', 'Not_Found', 'non_mining']","['truck', 'truck', 'truck']",No,covered
1594,IND0041201020240100854,20_10_2024_13_02_03,covered,truck,1,4,True,"['covered', 'covered', 'covered']","['truck', 'truck', 'truck']",No,covered
1595,IND0041201020240200191,20_10_2024_04_26_08,Not_Found,truck,2,4,True,"['Not_Found', 'Not_Found', 'Not_Found']","['truck', 'truck', 'truck']",No,non_mining
1596,IND0041201020240101634,20_10_2024_22_22_27,Not_Found,truck,1,3,False,"['Not_Found', 'Not_Found', 'Not_Found']","['truck', 'truck', 'truck', 'truck', 'truck', 'truck', 'truck']",No,non_mining
1597,IND0041201020240100118,20_10_2024_01_49_20,Not_Found,truck,1,1,False,"['Not_Found', 'Not_Found', 'Not_Found']","['truck', 'truck', 'truck', 'truck', 'truck', 'truck', 'truck']",No,non_mining
1598,IND0041201020240100559,20_10_2024_09_39_30,Not_Found,hywa,1,4,True,"['Not_Found', 'Not_Found', 'mining_empty']","['hywa', 'hywa', 'hywa']",No,mining_full
1599,IND0041201020240100995,20_10_2024_14_43_31,non_mining,truck,1,4,True,"['non_mining', 'non_mining', 'non_mining']","['truck', 'truck', 'truck']",No,non_mining
1600,IND0041201020240101329,20_10_2024_18_25_19,Not_Found,mini_truck,1,1,False,['Not_Found'],['mini_truck'],No,Not_Found
1601,IND0041201020240100610,20_10_2024_10_26_06,non_mining,truck,1,4,True,"['Not_Found', 'non_mining', 'non_mining']","['truck', 'truck', 'truck']",No,non_mining
1602,IND0041201020240101453,20_10_2024_19_58_18,non_mining,mini_truck,1,4,True,"['non_mining', 'non_mining', 'non_mining']","['mini_truck', 'mini_truck', 'mini_truck']",No,non_mining
1603,IND0041201020240101522,20_10_2024_20_39_42,Not_Found,truck,1,2,False,"['Not_Found', 'Not_Found', 'Not_Found']","['truck', 'truck', 'truck', 'truck', 'truck', 'truck', 'truck']",No,covered
1604,IND0041201020240100535,20_10_2024_09_23_00,non_mining,truck,1,4,True,"['non_mining', 'non_mining', 'non_mining']","['truck', 'truck', 'truck']",No,non_mining
1605,IND0041201020240100090,20_10_2024_01_15_22,Not_Found,truck,1,2,False,['Not_Found'],['truck'],No,non_mining
1606,IND0041201020240101721,20_10_2024_23_51_05,Not_Found,truck,1,4,True,"['Not_Found', 'Not_Found', 'Not_Found']","['truck', 'truck', 'truck']",No,covered
1607,IND0041201020240200406,20_10_2024_10_46_06,Not_Found,truck,2,4,True,"['Not_Found', 'Not_Found', 'Not_Found']","['truck', 'truck', 'truck']",No,covered
1608,IND0041201020240200032,20_10_2024_00_46_35,Not_Found,hywa,2,3,False,"['Not_Found', 'Not_Found', 'Not_Found']","['truck', 'truck', 'hywa', 'hywa', 'hywa']",No,mining_full
1609,IND0041201020240101061,20_10_2024_15_22_23,Not_Found,truck,1,3,False,"['Not_Found', 'Not_Found', 'Not_Found']","['truck', 'truck', 'truck', 'truck', 'truck']",No,covered
1610,IND0041201020240200227,20_10_2024_05_12_27,Not_Found,truck,2,4,True,"['Not_Found', 'Not_Found', 'Not_Found']","['truck', 'truck', 'truck']",No,non_mining
1611,IND0041201020240100130,20_10_2024_02_08_14,Not_Found,truck,1,4,True,"['Not_Found', 'Not_Found', 'Not_Found']","['truck', 'truck', 'truck']",No,covered
1612,IND0041201020240200320,20_10_2024_08_43_34,covered,truck,2,4,True,"['Not_Found', 'covered', 'covered']","['truck', 'truck', 'truck']",No,covered
1613,IND0041201020240100219,20_10_2024_04_14_29,Not_Found,truck,1,1,False,['Not_Found'],['truck'],No,mining_full
1614,IND0041201020240100671,20_10_2024_10_59_44,non_mining,truck,1,4,True,"['non_mining', 'non_mining', 'non_mining']","['truck', 'truck', 'truck']",No,non_mining
1615,IND0041201020240100702,20_10_2024_11_22_52,Not_Found,hywa,1,4,True,"['Not_Found', 'Not_Found', 'Not_Found']","['truck', 'hywa', 'hywa']",No,non_mining
1616,IND0041201020240100089,20_10_2024_01_15_07,Not_Found,truck,1,4,True,"['Not_Found', 'Not_Found', 'non_mining']","['truck', 'truck', 'truck']",No,covered
1617,IND0041201020240100480,20_10_2024_08_53_35,mining_full,hywa,1,4,True,"['Not_Found', 'mining_full', 'mining_full']","['hywa', 'hywa', 'hywa']",No,mining_full
1618,IND0041201020240100731,20_10_2024_11_46_33,non_mining,truck,1,4,True,"['non_mining', 'non_mining', 'covered']","['truck', 'truck', 'truck']",No,non_mining
1619,IND0041201020240200188,20_10_2024_04_24_09,Not_Found,truck,2,2,False,"['Not_Found', 'Not_Found', 'Not_Found']","['truck', 'truck', 'truck', 'truck', 'truck']",No,covered
1620,IND0041201020240200665,20_10_2024_17_38_32,Not_Found,truck,2,4,True,"['Not_Found', 'Not_Found', 'non_mining']","['truck', 'truck', 'truck']",No,Not_Found
1621,IND0041201020240100247,20_10_2024_04_52_29,Not_Found,mini_truck,1,1,False,"['Not_Found', 'Not_Found', 'Not_Found']","['mini_truck', 'mini_truck', 'mini_truck', 'mini_truck', 'mini_truck', 'mini_truck', 'mini_truck', 'mini_truck']",Yes,non_mining
1622,IND0041201020240101317,20_10_2024_18_21_51,Not_Found,mini_truck,1,2,False,"['Not_Found', 'Not_Found']","['mini_truck', 'mini_truck']",No,Not_Found
1623,IND0041201020240101178,20_10_2024_16_48_20,non_mining,mini_truck,1,4,True,"['non_mining', 'non_mining', 'non_mining']","['mini_truck', 'mini_truck', 'mini_truck']",No,non_mining
1624,IND0041201020240100280,20_10_2024_05_51_42,Not_Found,truck,1,1,False,['Not_Found'],['truck'],Yes,non_mining
1625,IND0041201020240200475,20_10_2024_12_17_22,Not_Found,truck,2,4,True,"['Not_Found', 'Not_Found', 'Not_Found']","['truck', 'truck', 'truck']",No,non_mining
1626,IND0041201020240100926,20_10_2024_13_53_20,non_mining,truck,1,4,True,"['Not_Found', 'non_mining', 'non_mining']","['truck', 'truck', 'truck']",No,non_mining
1627,IND0041201020240101142,20_10_2024_16_16_47,non_mining,mini_truck,1,4,True,"['non_mining', 'non_mining', 'non_mining']","['mini_truck', 'mini_truck', 'mini_truck']",No,non_mining
1628,IND0041201020240200832,20_10_2024_22_21_04,non_mining,mini_truck,2,1,False,"['non_mining', 'non_mining', 'non_mining']","['mini_truck', 'mini_truck', 'mini_truck', 'mini_truck', 'mini_truck']",No,non_mining
1629,IND0041201020240100724,20_10_2024_11_42_01,non_mining,truck,1,4,True,"['Not_Found', 'non_mining', 'non_mining']","['truck', 'truck', 'truck']",No,non_mining
1630,IND0041201020240101265,20_10_2024_17_39_55,non_mining,truck,1,2,False,"['non_mining', 'non_mining', 'non_mining']","['truck', 'truck', 'truck', 'truck', 'truck', 'truck', 'truck']",No,non_mining
1631,IND0041201020240100820,20_10_2024_12_44_14,non_mining,truck,1,4,True,"['non_mining', 'Not_Found', 'non_mining']","['truck', 'truck', 'truck']",No,non_mining
1632,IND0041201020240101694,20_10_2024_23_19_14,Not_Found,truck,1,4,True,"['Not_Found', 'Not_Found', 'Not_Found']","['truck', 'truck', 'truck']",No,non_mining
1633,IND0041201020240200059,20_10_2024_01_19_43,Not_Found,truck,2,1,False,"['Not_Found', 'Not_Found', 'Not_Found']","['truck', 'truck', 'truck', 'truck', 'truck', 'truck']",No,mining_full
1634,IND0041201020240101069,20_10_2024_15_26_13,Not_Found,truck,1,3,True,"['Not_Found', 'non_mining']","['truck', 'truck']",No,covered
1635,IND0041201020240100462,20_10_2024_08_44_39,Not_Found,truck,1,4,True,"['Not_Found', 'non_mining', 'Not_Found']","['truck', 'truck', 'truck']",No,covered
1636,IND0041201020240200440,20_10_2024_11_33_23,non_mining,truck,2,4,True,"['non_mining', 'non_mining', 'non_mining']","['truck', 'truck', 'truck']",No,non_mining
1637,IND0041201020240200133,20_10_2024_03_13_56,Not_Found,truck,2,4,True,"['Not_Found', 'Not_Found', 'Not_Found']","['truck', 'truck', 'truck']",No,covered
1638,IND0041201020240200330,20_10_2024_08_55_36,Not_Found,hywa,2,3,True,"['Not_Found', 'non_mining']","['hywa', 'hywa']",No,mining_full
1639,IND0041201020240100972,20_10_2024_14_29_49,non_mining,truck,1,3,True,"['non_mining', 'non_mining']","['truck', 'truck']",No,non_mining
1640,IND0041201020240100111,20_10_2024_01_35_50,Not_Found,truck,1,4,True,"['Not_Found', 'Not_Found', 'Not_Found']","['truck', 'truck', 'truck']",No,Not_Found
1641,IND0041201020240200893,20_10_2024_23_59_17,Not_Found,truck,2,4,True,"['Not_Found', 'Not_Found', 'Not_Found']","['truck', 'truck', 'truck']",No,covered
1642,IND0041201020240200089,20_10_2024_02_11_28,Not_Found,truck,2,4,True,"['Not_Found', 'Not_Found', 'Not_Found']","['truck', 'truck', 'truck']",No,non_mining
1643,IND0041201020240100856,20_10_2024_13_03_48,Not_Found,hywa,1,4,True,"['Not_Found', 'Not_Found', 'mining_full']","['hywa', 'hywa', 'hywa']",No,mining_full
1644,IND0041201020240200146,20_10_2024_03_26_59,Not_Found,truck,2,2,False,"['Not_Found', 'Not_Found', 'Not_Found']","['truck', 'truck', 'truck', 'truck']",No,covered
1645,IND0041201020240101153,20_10_2024_16_25_46,non_mining,truck,1,4,True,"['non_mining', 'non_mining', 'non_mining']","['truck', 'truck', 'truck']",No,non_mining
1646,IND0041201020240101693,20_10_2024_23_18_53,Not_Found,truck,1,3,True,"['Not_Found', 'Not_Found']","['truck', 'truck']",No,covered
1647,IND0041201020240100554,20_10_2024_09_35_04,Not_Found,truck,1,4,True,"['Not_Found', 'Not_Found', 'Not_Found']","['truck', 'truck', 'hywa']",No,non_mining
1648,IND0041201020240200778,20_10_2024_20_08_24,Not_Found,truck,2,3,False,"['Not_Found', 'Not_Found', 'Not_Found']","['truck', 'truck', 'truck']",No,non_mining
1649,IND0041201020240101036,20_10_2024_15_04_25,Not_Found,truck,1,4,True,"['Not_Found', 'Not_Found', 'covered']","['truck', 'truck', 'truck']",No,Not_Found
1650,IND0041201020240100047,20_10_2024_00_47_10,Not_Found,truck,1,4,True,"['Not_Found', 'Not_Found', 'Not_Found']","['truck', 'truck', 'truck']",No,non_mining
1651,IND0041201020240101128,20_10_2024_16_05_51,Not_Found,truck,1,3,True,"['Not_Found', 'non_mining']","['truck', 'truck']",No,non_mining
1652,IND0041201020240200546,20_10_2024_13_54_02,Not_Found,mini_truck,2,1,False,"['Not_Found', 'Not_Found']","['mini_truck', 'mini_truck']",No,non_mining
1653,IND0041201020240200736,20_10_2024_19_00_57,Not_Found,truck,2,1,False,"['Not_Found', 'Not_Found', 'Not_Found']","['truck', 'truck', 'truck']",No,covered
1654,IND0041201020240100235,20_10_2024_04_30_55,non_mining,truck,1,4,True,"['Not_Found', 'non_mining', 'non_mining']","['truck', 'truck', 'truck']",No,non_mining
1655,IND0041201020240200159,20_10_2024_03_50_08,Not_Found,truck,2,1,False,"['Not_Found', 'Not_Found', 'Not_Found']","['truck', 'truck', 'truck', 'truck', 'truck', 'truck', 'truck', 'truck', 'truck', 'truck', 'truck', 'truck', 'truck', 'truck', 'truck', 'truck']",No,covered
1656,IND0041201020240200747,20_10_2024_19_17_37,Not_Found,mini_truck,2,3,False,"['Not_Found', 'Not_Found', 'Not_Found']","['mini_truck', 'mini_truck', 'mini_truck', 'mini_truck', 'mini_truck', 'mini_truck']",No,non_mining
1657,IND0041201020240100514,20_10_2024_09_08_38,Not_Found,truck,1,4,True,"['Not_Found', 'Not_Found', 'Not_Found']","['truck', 'truck', 'truck']",No,covered
1658,IND0041201020240100553,20_10_2024_09_34_37,Not_Found,truck,1,4,True,"['Not_Found', 'Not_Found', 'Not_Found']","['truck', 'truck', 'truck']",No,covered
1659,IND0041201020240101167,20_10_2024_16_37_44,Not_Found,hywa,1,4,True,"['Not_Found', 'Not_Found', 'Not_Found']","['truck', 'hywa', 'hywa']",No,mining_full
1660,IND0041201020240200643,20_10_2024_16_58_30,non_mining,truck,2,4,True,"['non_mining', 'non_mining', 'non_mining']","['truck', 'truck', 'truck']",No,non_mining
1661,IND0041201020240101330,20_10_2024_18_25_28,Not_Found,truck,1,4,True,"['Not_Found', 'Not_Found', 'Not_Found']","['truck', 'truck', 'truck', 'truck']",No,non_mining
1662,IND0041201020240100249,20_10_2024_04_58_31,Not_Found,truck,1,1,False,"['Not_Found', 'Not_Found']","['truck', 'truck']",No,non_mining
1663,IND0041201020240200454,20_10_2024_11_54_17,non_mining,truck,2,4,True,"['non_mining', 'non_mining', 'non_mining']","['truck', 'truck', 'truck']",No,non_mining
1664,IND0041201020240200784,20_10_2024_20_19_58,non_mining,mini_truck,2,4,True,"['non_mining', 'non_mining', 'non_mining']","['mini_truck', 'mini_truck', 'mini_truck']",No,non_mining
1665,IND0041201020240100752,20_10_2024_12_04_44,non_mining,truck,1,4,True,"['non_mining', 'non_mining', 'non_mining']","['truck', 'truck', 'truck']",No,non_mining
1666,IND0041201020240101463,20_10_2024_20_04_13,Not_Found,truck,1,4,True,"['Not_Found', 'Not_Found', 'Not_Found']","['truck', 'truck', 'truck']",No,mining_full
1667,IND0041201020240100455,20_10_2024_08_41_07,non_mining,truck,1,4,True,"['non_mining', 'non_mining', 'non_mining']","['truck', 'truck', 'truck']",No,non_mining
1668,IND0041201020240101238,20_10_2024_17_22_30,non_mining,truck,1,4,True,"['Not_Found', 'non_mining', 'non_mining']","['truck', 'truck', 'truck']",No,non_mining
1669,IND0041201020240101038,20_10_2024_15_08_39,non_mining,mini_truck,1,4,True,"['non_mining', 'non_mining', 'non_mining']","['mini_truck', 'mini_truck', 'mini_truck']",No,non_mining
1670,IND0041201020240101687,20_10_2024_23_07_25,Not_Found,mini_truck,1,4,True,"['Not_Found', 'Not_Found', 'Not_Found']","['mini_truck', 'mini_truck', 'mini_truck']",No,non_mining
1671,IND0041201020240200669,20_10_2024_17_41_07,Not_Found,mini_truck,2,1,False,['Not_Found'],['mini_truck'],No,Not_Found
1672,IND0041201020240101387,20_10_2024_19_10_11,non_mining,mini_truck,1,1,False,"['Not_Found', 'non_mining', 'non_mining']","['mini_truck', 'mini_truck', 'mini_truck', 'mini_truck', 'mini_truck', 'mini_truck']",No,non_mining
1673,IND0041201020240101418,20_10_2024_19_32_15,Not_Found,truck,1,4,True,"['Not_Found', 'Not_Found', 'Not_Found']","['truck', 'truck', 'truck']",No,non_mining
1674,IND0041201020240100496,20_10_2024_08_59_57,non_mining,truck,1,4,True,"['non_mining', 'non_mining', 'non_mining']","['truck', 'truck', 'truck']",No,non_mining
1675,IND0041201020240200770,20_10_2024_19_57_34,Not_Found,truck,2,2,True,['Not_Found'],['truck'],No,non_mining
1676,IND0041201020240200290,20_10_2024_07_41_54,Not_Found,truck,2,2,False,"['Not_Found', 'Not_Found', 'Not_Found']","['truck', 'truck', 'truck', 'truck', 'truck', 'truck', 'truck', 'truck', 'truck', 'truck', 'truck', 'truck', 'truck', 'truck', 'truck', 'truck']",No,non_mining
1677,IND0041201020240101214,20_10_2024_17_06_17,covered,mini_truck,1,4,True,"['covered', 'covered', 'covered']","['mini_truck', 'mini_truck', 'mini_truck']",No,covered
1678,IND0041201020240200323,20_10_2024_08_47_37,non_mining,truck,2,3,True,"['non_mining', 'Not_Found']","['truck', 'truck']",No,non_mining
1679,IND0041201020240100116,20_10_2024_01_48_49,Not_Found,truck,1,1,False,"['Not_Found', 'Not_Found', 'Not_Found']","['truck', 'truck', 'truck', 'truck']",No,mining_full
1680,IND0041201020240101235,20_10_2024_17_20_42,non_mining,truck,1,4,True,"['non_mining', 'non_mining', 'non_mining']","['truck', 'truck', 'truck']",No,non_mining
1681,IND0041201020240100426,20_10_2024_08_20_16,Not_Found,hywa,1,3,True,"['Not_Found', 'mining_full']","['hywa', 'hywa']",No,mining_full
1682,IND0041201020240101121,20_10_2024_15_59_53,non_mining,truck,1,4,True,"['Not_Found', 'non_mining', 'non_mining']","['truck', 'truck', 'truck']",No,non_mining
1683,IND0041201020240200731,20_10_2024_18_49_27,Not_Found,truck,2,4,True,"['Not_Found', 'Not_Found', 'Not_Found']","['truck', 'truck', 'truck', 'truck']",No,covered
1684,IND0041201020240200539,20_10_2024_13_48_18,non_mining,truck,2,2,False,"['Not_Found', 'non_mining', 'non_mining']","['truck', 'truck', 'truck', 'truck', 'truck', 'truck', 'truck']",No,non_mining
1685,IND0041201020240100795,20_10_2024_12_31_14,non_mining,mini_truck,1,4,True,"['non_mining', 'non_mining', 'non_mining']","['mini_truck', 'mini_truck', 'mini_truck']",No,non_mining
1686,IND0041201020240101254,20_10_2024_17_33_14,non_mining,mini_truck,1,4,True,"['non_mining', 'non_mining', 'non_mining']","['mini_truck', 'mini_truck', 'mini_truck']",No,non_mining
1687,IND0041201020240200161,20_10_2024_03_51_54,Not_Found,truck,2,3,False,"['Not_Found', 'Not_Found']","['truck', 'truck']",No,Not_Found
1688,IND0041201020240100910,20_10_2024_13_42_16,Not_Found,mini_truck,1,4,True,"['Not_Found', 'Not_Found', 'Not_Found']","['mini_truck', 'mini_truck', 'mini_truck']",No,non_mining
1689,IND0041201020240100884,20_10_2024_13_23_44,Not_Found,truck,1,4,True,"['Not_Found', 'Not_Found', 'Not_Found']","['truck', 'truck', 'truck']",No,covered
1690,IND0041201020240200408,20_10_2024_10_51_06,covered,mini_truck,2,3,True,"['covered', 'covered']","['mini_truck', 'mini_truck']",No,covered
1691,IND0041201020240100879,20_10_2024_13_18_01,Not_Found,hywa,1,4,True,"['Not_Found', 'mining_full', 'covered']","['hywa', 'hywa', 'hywa']",No,covered
1692,IND0041201020240101012,20_10_2024_14_54_40,Not_Found,truck,1,4,True,"['Not_Found', 'Not_Found', 'non_mining']","['truck', 'truck', 'truck']",No,Not_Found
1693,IND0041201020240200465,20_10_2024_12_07_45,Not_Found,truck,2,4,True,"['Not_Found', 'Not_Found', 'Not_Found']","['truck', 'truck', 'truck']",No,covered
1694,IND0041201020240100305,20_10_2024_06_43_22,non_mining,truck,1,4,True,"['Not_Found', 'non_mining', 'non_mining']","['truck', 'truck', 'truck']",No,non_mining
1695,IND0041201020240100135,20_10_2024_02_23_47,Not_Found,truck,1,1,False,"['Not_Found', 'Not_Found']","['truck', 'truck']",No,covered
1696,IND0041201020240200686,20_10_2024_17_57_32,non_mining,mini_truck,2,4,True,"['non_mining', 'non_mining', 'non_mining']","['mini_truck', 'mini_truck', 'mini_truck', 'mini_truck', 'mini_truck']",No,non_mining
1697,IND0041201020240200846,20_10_2024_22_36_03,non_mining,mini_truck,2,4,True,"['non_mining', 'non_mining', 'non_mining']","['mini_truck', 'mini_truck', 'mini_truck']",No,non_mining
1698,IND0041201020240100725,20_10_2024_11_42_12,non_mining,truck,1,4,True,"['Not_Found', 'non_mining', 'non_mining']","['truck', 'truck', 'truck']",No,non_mining
1699,IND0041201020240100827,20_10_2024_12_46_19,non_mining,truck,1,3,True,"['non_mining', 'non_mining']","['truck', 'truck']",No,non_mining
1700,IND0041201020240200767,20_10_2024_19_54_00,non_mining,mini_truck,2,4,True,"['non_mining', 'Not_Found', 'non_mining']","['mini_truck', 'mini_truck', 'mini_truck']",No,non_mining
1701,IND0041201020240100020,20_10_2024_00_23_21,Not_Found,truck,1,4,True,"['Not_Found', 'Not_Found', 'Not_Found']","['truck', 'truck', 'truck']",No,covered
1702,IND0041201020240100881,20_10_2024_13_21_07,non_mining,mini_truck,1,4,True,"['non_mining', 'non_mining', 'non_mining']","['mini_truck', 'mini_truck', 'mini_truck']",No,non_mining
1703,IND0041201020240101217,20_10_2024_17_08_14,non_mining,truck,1,4,True,"['Not_Found', 'non_mining', 'non_mining']","['truck', 'truck', 'truck']",No,non_mining
1704,IND0041201020240200875,20_10_2024_23_23_42,Not_Found,truck,2,4,True,"['Not_Found', 'Not_Found', 'Not_Found']","['truck', 'truck', 'truck']",No,Not_Found
1705,IND0041201020240100027,20_10_2024_00_27_21,Not_Found,truck,1,1,False,"['Not_Found', 'Not_Found', 'Not_Found']","['truck', 'truck', 'truck', 'truck', 'truck', 'truck', 'truck']",No,covered
1706,IND0041201020240100084,20_10_2024_01_11_12,Not_Found,truck,1,4,True,"['Not_Found', 'Not_Found', 'Not_Found']","['truck', 'truck', 'truck']",No,non_mining
1707,IND0041201020240100064,20_10_2024_00_56_52,Not_Found,truck,1,1,False,['Not_Found'],['truck'],Yes,non_mining
1708,IND0041201020240100512,20_10_2024_09_07_10,covered,truck,1,4,True,"['covered', 'covered', 'covered']","['truck', 'truck', 'truck', 'truck', 'truck']",No,covered
1709,IND0041201020240200395,20_10_2024_10_31_30,non_mining,mini_truck,2,4,True,"['non_mining', 'non_mining', 'non_mining']","['mini_truck', 'mini_truck', 'mini_truck']",No,non_mining
1710,IND0041201020240100763,20_10_2024_12_11_19,non_mining,truck,1,4,True,"['Not_Found', 'non_mining', 'non_mining']","['truck', 'truck', 'truck']",No,non_mining
1711,IND0041201020240200453,20_10_2024_11_53_43,covered,truck,2,4,True,"['covered', 'covered', 'covered']","['truck', 'truck', 'truck']",No,covered
1712,IND0041201020240200384,20_10_2024_10_05_41,Not_Found,tractor,2,1,False,"['Not_Found', 'Not_Found', 'Not_Found']","['tractor', 'tractor', 'tractor', 'tractor', 'tractor', 'tractor', 'tractor', 'tractor', 'tractor', 'tractor']",No,non_mining
1713,IND0041201020240200329,20_10_2024_08_55_21,non_mining,truck,2,4,True,"['non_mining', 'non_mining', 'Not_Found']","['truck', 'truck', 'hywa']",No,non_mining
1714,IND0041201020240200889,20_10_2024_23_55_47,non_mining,truck,2,2,False,"['Not_Found', 'non_mining', 'non_mining']","['truck', 'truck', 'truck', 'truck']",No,non_mining
1715,IND0041201020240200029,20_10_2024_00_42_43,Not_Found,truck,2,4,True,"['Not_Found', 'Not_Found', 'Not_Found']","['truck', 'truck', 'truck']",No,covered
1716,IND0041201020240100954,20_10_2024_14_15_58,covered,truck,1,4,True,"['covered', 'covered', 'covered']","['truck', 'truck', 'truck']",No,covered
1717,IND0041201020240100757,20_10_2024_12_07_26,non_mining,truck,1,4,True,"['non_mining', 'non_mining', 'non_mining']","['truck', 'truck', 'truck']",No,non_mining
1718,IND0041201020240101176,20_10_2024_16_46_10,Not_Found,truck,1,4,True,"['Not_Found', 'Not_Found', 'non_mining']","['truck', 'truck', 'truck']",No,covered
1719,IND0041201020240100797,20_10_2024_12_31_47,covered,truck,1,4,True,"['covered', 'covered', 'covered']","['truck', 'truck', 'truck']",No,covered
1720,IND0041201020240200679,20_10_2024_17_46_24,Not_Found,tractor,2,3,True,"['Not_Found', 'Not_Found']","['tractor', 'tractor']",No,non_mining
1721,IND0041201020240200262,20_10_2024_06_28_45,non_mining,truck,2,4,True,"['non_mining', 'non_mining', 'covered']","['truck', 'truck', 'truck']",No,non_mining
1722,IND0041201020240101572,20_10_2024_21_24_06,Not_Found,truck,1,4,True,"['Not_Found', 'Not_Found', 'Not_Found']","['truck', 'truck', 'truck']",No,non_mining
1723,IND0041201020240100738,20_10_2024_11_50_26,covered,truck,1,4,True,"['non_mining', 'covered', 'covered']","['truck', 'truck', 'truck']",No,covered
1724,IND0041201020240100205,20_10_2024_03_51_58,Not_Found,truck,1,4,True,"['Not_Found', 'Not_Found', 'Not_Found']","['truck', 'truck', 'truck']",No,non_mining
1725,IND0041201020240101233,20_10_2024_17_19_05,non_mining,truck,1,4,True,"['non_mining', 'non_mining', 'non_mining']","['truck', 'truck', 'truck']",No,non_mining
1726,IND0041201020240200556,20_10_2024_14_01_45,Not_Found,tractor,2,1,False,['Not_Found'],['tractor'],No,non_mining
1727,IND0041201020240200436,20_10_2024_11_28_08,Not_Found,hywa,2,3,True,"['Not_Found', 'covered']","['hywa', 'hywa']",No,mining_full
1728,IND0041201020240200461,20_10_2024_12_03_41,non_mining,mini_truck,2,3,False,"['non_mining', 'non_mining']","['mini_truck', 'mini_truck']",No,non_mining
1729,IND0041201020240200402,20_10_2024_10_43_12,non_mining,truck,2,4,True,"['non_mining', 'non_mining', 'non_mining']","['truck', 'truck', 'truck']",No,non_mining
1730,IND0041201020240101401,20_10_2024_19_20_11,non_mining,mini_truck,1,4,True,"['non_mining', 'non_mining', 'non_mining']","['mini_truck', 'mini_truck', 'mini_truck']",No,non_mining
1731,IND0041201020240100221,20_10_2024_04_17_21,Not_Found,truck,1,4,True,"['Not_Found', 'Not_Found', 'Not_Found']","['truck', 'truck', 'truck']",No,non_mining
1732,IND0041201020240100038,20_10_2024_00_38_45,Not_Found,truck,1,4,True,"['Not_Found', 'Not_Found', 'Not_Found']","['truck', 'truck', 'truck']",No,mining_empty
1733,IND0041201020240200487,20_10_2024_12_29_34,Not_Found,truck,2,4,True,"['Not_Found', 'Not_Found', 'non_mining']","['truck', 'truck', 'truck']",No,covered
1734,IND0041201020240200270,20_10_2024_06_47_00,Not_Found,truck,2,4,True,"['Not_Found', 'Not_Found', 'Not_Found']","['truck', 'truck', 'truck']",No,covered
1735,IND0041201020240200251,20_10_2024_05_59_49,Not_Found,truck,2,3,True,"['Not_Found', 'Not_Found']","['truck', 'truck']",No,covered
1736,IND0041201020240200225,20_10_2024_05_11_07,Not_Found,truck,2,4,True,"['Not_Found', 'Not_Found', 'Not_Found']","['truck', 'truck', 'truck']",No,non_mining
1737,IND0041201020240100239,20_10_2024_04_34_36,Not_Found,truck,1,1,False,"['Not_Found', 'Not_Found', 'Not_Found']","['truck', 'truck', 'truck', 'truck', 'truck', 'truck', 'truck']",No,mining_empty
1738,IND0041201020240100170,20_10_2024_03_00_01,Not_Found,mini_truck,1,1,False,"['Not_Found', 'Not_Found', 'Not_Found']","['mini_truck', 'truck', 'mini_truck', 'mini_truck', 'mini_truck', 'mini_truck', 'mini_truck', 'mini_truck']",No,non_mining
1739,IND0041201020240101170,20_10_2024_16_41_02,non_mining,mini_truck,1,4,True,"['non_mining', 'non_mining', 'non_mining']","['mini_truck', 'mini_truck', 'mini_truck']",No,non_mining
1740,IND0041201020240101628,20_10_2024_22_14_01,Not_Found,truck,1,3,True,"['Not_Found', 'Not_Found']","['truck', 'truck']",No,non_mining
1741,IND0041201020240101005,20_10_2024_14_51_46,non_mining,mini_truck,1,4,True,"['non_mining', 'non_mining', 'non_mining']","['mini_truck', 'mini_truck', 'mini_truck']",No,non_mining
1742,IND0041201020240200662,20_10_2024_17_33_41,non_mining,truck,2,4,True,"['non_mining', 'non_mining', 'non_mining']","['truck', 'truck', 'truck']",No,non_mining
1743,IND0041201020240100897,20_10_2024_13_33_50,Not_Found,truck,1,4,True,"['Not_Found', 'Not_Found', 'Not_Found']","['truck', 'truck', 'truck']",No,covered
1744,IND0041201020240100390,20_10_2024_07_59_31,non_mining,truck,1,4,True,"['non_mining', 'non_mining', 'non_mining']","['truck', 'truck', 'truck']",No,non_mining
1745,IND0041201020240100608,20_10_2024_10_23_49,non_mining,truck,1,4,True,"['Not_Found', 'non_mining', 'non_mining']","['truck', 'truck', 'truck']",No,non_mining
1746,IND0041201020240100878,20_10_2024_13_17_56,covered,truck,1,4,True,"['covered', 'covered', 'covered']","['truck', 'truck', 'truck']",No,covered
1747,IND0041201020240200790,20_10_2024_20_24_16,Not_Found,truck,2,3,False,"['Not_Found', 'Not_Found', 'Not_Found']","['truck', 'truck', 'truck', 'truck']",No,non_mining
1748,IND0041201020240200260,20_10_2024_06_24_06,Not_Found,truck,2,1,False,['Not_Found'],['truck'],No,covered
1749,IND0041201020240100258,20_10_2024_05_17_17,Not_Found,truck,1,4,True,"['Not_Found', 'Not_Found', 'Not_Found']","['truck', 'truck', 'truck']",No,covered
1750,IND0041201020240101040,20_10_2024_15_08_49,mining_full,hywa,1,4,True,"['Not_Found', 'mining_full', 'mining_full']","['hywa', 'hywa', 'hywa']",No,mining_full
1751,IND0041201020240100604,20_10_2024_10_18_07,Not_Found,truck,1,4,True,"['Not_Found', 'Not_Found', 'non_mining']","['truck', 'truck', 'truck']",No,covered
1752,IND0041201020240100293,20_10_2024_06_30_14,Not_Found,truck,1,4,True,"['Not_Found', 'Not_Found', 'non_mining']","['truck', 'truck', 'truck']",No,non_mining
1753,IND0041201020240101455,20_10_2024_19_59_15,Not_Found,truck,1,4,True,"['Not_Found', 'Not_Found', 'Not_Found']","['truck', 'truck', 'truck']",No,non_mining
1754,IND0041201020240101472,20_10_2024_20_12_21,Not_Found,truck,1,4,True,"['Not_Found', 'Not_Found', 'Not_Found']","['truck', 'truck', 'truck']",No,covered
1755,IND0041201020240101242,20_10_2024_17_24_12,non_mining,mini_truck,1,4,True,"['non_mining', 'non_mining', 'non_mining']","['mini_truck', 'mini_truck', 'mini_truck']",No,non_mining
1756,IND0041201020240200533,20_10_2024_13_40_03,non_mining,truck,2,4,True,"['non_mining', 'non_mining', 'non_mining']","['truck', 'truck', 'truck']",No,non_mining
1757,IND0041201020240100351,20_10_2024_07_19_21,Not_Found,hywa,1,4,True,"['Not_Found', 'Not_Found', 'non_mining']","['hywa', 'hywa', 'hywa']",No,covered
1758,IND0041201020240200869,20_10_2024_23_15_19,non_mining,truck,2,1,False,['non_mining'],['truck'],No,non_mining
1759,IND0041201020240100395,20_10_2024_08_02_52,non_mining,truck,1,1,False,"['non_mining', 'non_mining', 'non_mining']","['truck', 'truck', 'truck', 'truck', 'truck', 'truck', 'truck', 'truck']",No,non_mining
1760,IND0041201020240100975,20_10_2024_14_30_38,Not_Found,truck,1,3,True,"['Not_Found', 'non_mining']","['truck', 'truck']",No,non_mining
1761,IND0041201020240200351,20_10_2024_09_18_46,non_mining,truck,2,4,True,"['Not_Found', 'non_mining', 'non_mining']","['truck', 'truck', 'truck']",No,non_mining
1762,IND0041201020240200301,20_10_2024_08_14_38,non_mining,mini_truck,2,4,True,"['non_mining', 'non_mining', 'covered', 'covered']","['mini_truck', 'mini_truck', 'mini_truck']",No,non_mining
1763,IND0041201020240100634,20_10_2024_10_40_15,Not_Found,truck,1,3,True,"['Not_Found', 'non_mining']","['truck', 'truck']",No,non_mining
1764,IND0041201020240200584,20_10_2024_14_47_04,non_mining,truck,2,4,True,"['non_mining', 'non_mining', 'non_mining']","['truck', 'truck', 'truck']",No,non_mining
1765,IND0041201020240200516,20_10_2024_13_13_33,non_mining,tractor,2,4,True,"['non_mining', 'non_mining', 'non_mining']","['tractor', 'tractor', 'tractor']",No,non_mining
1766,IND0041201020240100774,20_10_2024_12_17_49,Not_Found,truck,1,4,True,"['Not_Found', 'Not_Found', 'non_mining']","['truck', 'truck', 'truck']",No,mining_empty
1767,IND0041201020240101376,20_10_2024_18_58_33,mining_full,truck,1,4,True,"['mining_full', 'Not_Found', 'non_mining']","['truck', 'truck', 'truck']",No,mining_full
1768,IND0041201020240100092,20_10_2024_01_16_07,Not_Found,truck,1,4,True,"['Not_Found', 'Not_Found', 'Not_Found']","['truck', 'truck', 'truck']",No,mining_full
1769,IND0041201020240101707,20_10_2024_23_38_34,Not_Found,truck,1,4,True,"['Not_Found', 'Not_Found', 'Not_Found']","['truck', 'truck', 'truck']",No,non_mining
1770,IND0041201020240100202,20_10_2024_03_46_59,Not_Found,truck,1,4,True,"['Not_Found', 'Not_Found', 'Not_Found']","['truck', 'truck', 'truck']",No,non_mining
1771,IND0041201020240101635,20_10_2024_22_22_53,Not_Found,truck,1,4,True,"['Not_Found', 'Not_Found', 'Not_Found']","['truck', 'truck', 'truck']",No,non_mining
1772,IND0041201020240200116,20_10_2024_02_45_26,non_mining,mini_truck,2,3,True,"['non_mining', 'non_mining']","['mini_truck', 'mini_truck']",No,non_mining
1773,IND0041201020240101285,20_10_2024_17_55_59,Not_Found,truck,1,4,True,"['Not_Found', 'Not_Found', 'Not_Found']","['truck', 'truck', 'truck']",No,non_mining
1774,IND0041201020240101395,20_10_2024_19_17_17,Not_Found,truck,1,4,True,"['Not_Found', 'Not_Found', 'Not_Found']","['truck', 'truck', 'truck']",No,Not_Found
1775,IND0041201020240100641,20_10_2024_10_43_03,Not_Found,truck,1,4,True,"['Not_Found', 'Not_Found', 'Not_Found']","['truck', 'truck', 'truck']",No,covered
1776,IND0041201020240100635,20_10_2024_10_40_45,non_mining,truck,1,4,True,"['non_mining', 'non_mining', 'non_mining']","['truck', 'truck', 'truck']",No,non_mining
1777,IND0041201020240100091,20_10_2024_01_15_22,Not_Found,truck,1,2,False,['Not_Found'],['truck'],No,non_mining
1778,IND0041201020240101253,20_10_2024_17_31_49,covered,truck,1,4,True,"['covered', 'covered', 'covered']","['truck', 'truck', 'truck']",No,covered
1779,IND0041201020240100982,20_10_2024_14_37_45,non_mining,truck,1,4,True,"['Not_Found', 'non_mining', 'non_mining']","['truck', 'truck', 'truck']",No,non_mining
1780,IND0041201020240200058,20_10_2024_01_15_08,Not_Found,truck,2,4,True,"['Not_Found', 'Not_Found', 'Not_Found']","['truck', 'truck', 'truck']",No,Not_Found
1781,IND0041201020240100808,20_10_2024_12_36_42,non_mining,truck,1,3,True,"['non_mining', 'non_mining']","['truck', 'truck']",No,non_mining
1782,IND0041201020240200264,20_10_2024_06_30_21,non_mining,truck,2,4,True,"['non_mining', 'non_mining', 'non_mining']","['truck', 'truck', 'truck']",No,non_mining
1783,IND0041201020240101011,20_10_2024_14_53_42,non_mining,mini_truck,1,4,True,"['non_mining', 'non_mining', 'non_mining']","['mini_truck', 'mini_truck', 'mini_truck']",Yes,non_mining
1784,IND0041201020240100626,20_10_2024_10_36_10,Not_Found,truck,1,4,True,"['Not_Found', 'Not_Found', 'non_mining']","['truck', 'truck', 'truck']",No,covered
1785,IND0041201020240101179,20_10_2024_16_49_03,Not_Found,truck,1,3,True,"['Not_Found', 'Not_Found']","['truck', 'truck']",No,covered
1786,IND0041201020240101662,20_10_2024_22_48_57,Not_Found,truck,1,2,False,"['Not_Found', 'Not_Found', 'Not_Found']","['truck', 'truck', 'truck', 'truck', 'truck', 'truck', 'truck', 'truck', 'truck']",No,non_mining
1787,IND0041201020240200221,20_10_2024_05_06_44,Not_Found,mini_truck,2,1,False,"['Not_Found', 'Not_Found', 'Not_Found']","['mini_truck', 'mini_truck', 'mini_truck', 'mini_truck', 'mini_truck']",No,covered
1788,IND0041201020240100078,20_10_2024_01_06_38,Not_Found,truck,1,2,False,['Not_Found'],['truck'],No,covered
1789,IND0041201020240100992,20_10_2024_14_41_43,Not_Found,truck,1,4,True,"['Not_Found', 'Not_Found', 'Not_Found']","['truck', 'truck', 'truck']",No,covered
1790,IND0041201020240200208,20_10_2024_04_48_00,Not_Found,truck,2,1,False,"['Not_Found', 'Not_Found']","['truck', 'truck']",No,non_mining
1791,IND0041201020240200026,20_10_2024_00_35_45,Not_Found,truck,2,1,False,"['Not_Found', 'Not_Found', 'Not_Found']","['truck', 'truck', 'truck', 'truck', 'truck', 'truck', 'truck']",No,non_mining
1792,IND0041201020240100338,20_10_2024_07_05_37,non_mining,truck,1,4,True,"['non_mining', 'non_mining', 'non_mining']","['truck', 'truck', 'truck']",No,non_mining
1793,IND0041201020240200828,20_10_2024_22_08_13,Not_Found,truck,2,4,True,"['Not_Found', 'Not_Found', 'non_mining']","['truck', 'truck', 'truck']",No,non_mining
1794,IND0041201020240101251,20_10_2024_17_29_34,non_mining,truck,1,4,True,"['non_mining', 'non_mining', 'non_mining']","['truck', 'truck', 'truck']",No,non_mining
1795,IND0041201020240200576,20_10_2024_14_39_09,covered,truck,2,4,True,"['covered', 'covered', 'covered']","['truck', 'truck', 'truck']",No,covered
1796,IND0041201020240200684,20_10_2024_17_56_18,covered,mini_truck,2,4,True,"['covered', 'Not_Found', 'covered']","['mini_truck', 'mini_truck', 'mini_truck']",No,covered
1797,IND0041201020240100679,20_10_2024_11_06_20,non_mining,truck,1,4,True,"['non_mining', 'non_mining', 'non_mining']","['truck', 'truck', 'truck']",No,non_mining
1798,IND0041201020240101610,20_10_2024_21_57_59,Not_Found,truck,1,3,False,"['Not_Found', 'Not_Found', 'Not_Found']","['truck', 'truck', 'truck', 'truck', 'truck', 'truck', 'truck', 'truck', 'truck']",No,mining_empty
1799,IND0041201020240100286,20_10_2024_06_26_28,Not_Found,truck,1,1,False,"['Not_Found', 'Not_Found', 'Not_Found']","['truck', 'truck', 'truck', 'truck', 'truck', 'truck']",No,covered
1800,IND0041201020240200577,20_10_2024_14_41_03,Not_Found,tractor,2,1,False,"['Not_Found', 'Not_Found', 'Not_Found']","['tractor', 'tractor', 'tractor']",No,Not_Found
1801,IND0041201020240200162,20_10_2024_03_52_40,Not_Found,truck,2,4,True,"['Not_Found', 'Not_Found', 'Not_Found']","['truck', 'truck', 'truck']",No,covered
1802,IND0041201020240200327,20_10_2024_08_50_53,Not_Found,truck,2,4,True,"['Not_Found', 'Not_Found', 'mining_empty']","['truck', 'truck', 'truck']",No,non_mining
1803,IND0041201020240101494,20_10_2024_20_24_07,Not_Found,truck,1,4,True,"['Not_Found', 'Not_Found', 'Not_Found']","['truck', 'truck', 'truck']",No,Not_Found
1804,IND0041201020240101077,20_10_2024_15_31_04,non_mining,mini_truck,1,4,True,"['non_mining', 'non_mining', 'non_mining']","['mini_truck', 'mini_truck', 'mini_truck']",No,non_mining
1805,IND0041201020240100530,20_10_2024_09_21_00,Not_Found,hywa,1,3,True,"['Not_Found', 'Not_Found']","['hywa', 'hywa']",No,mining_full
1806,IND0041201020240100648,20_10_2024_10_45_12,non_mining,truck,1,4,True,"['Not_Found', 'non_mining', 'non_mining']","['truck', 'truck', 'truck']",No,non_mining
1807,IND0041201020240100098,20_10_2024_01_25_09,Not_Found,truck,1,4,True,"['Not_Found', 'Not_Found', 'Not_Found']","['truck', 'truck', 'truck']",No,non_mining
1808,IND0041201020240100619,20_10_2024_10_30_25,non_mining,truck,1,4,True,"['Not_Found', 'non_mining', 'non_mining']","['truck', 'truck', 'truck']",No,non_mining
1809,IND0041201020240200626,20_10_2024_16_23_30,mining_empty,truck,2,4,True,"['mining_empty', 'mining_empty', 'mining_empty']","['truck', 'truck', 'truck']",No,mining_empty
1810,IND0041201020240100652,20_10_2024_10_46_57,Not_Found,truck,1,4,True,"['Not_Found', 'Not_Found', 'non_mining']","['truck', 'truck', 'truck']",No,non_mining
1811,IND0041201020240101065,20_10_2024_15_24_00,Not_Found,truck,1,4,True,"['Not_Found', 'Not_Found', 'covered']","['truck', 'truck', 'truck']",No,covered
1812,IND0041201020240100185,20_10_2024_03_19_27,Not_Found,truck,1,4,True,"['Not_Found', 'Not_Found', 'Not_Found']","['truck', 'truck', 'truck']",No,covered
1813,IND0041201020240200616,20_10_2024_15_56_27,mining_empty,hywa,2,1,False,['mining_empty'],['hywa'],Yes,mining_empty
1814,IND0041201020240100863,20_10_2024_13_07_04,non_mining,truck,1,4,True,"['Not_Found', 'non_mining', 'non_mining']","['truck', 'truck', 'truck']",No,non_mining
1815,IND0041201020240101675,20_10_2024_22_55_33,Not_Found,truck,1,3,False,"['Not_Found', 'Not_Found', 'Not_Found']","['truck', 'truck', 'truck', 'truck', 'truck', 'mini_truck', 'mini_truck', 'mini_truck']",No,non_mining
1816,IND0041201020240100384,20_10_2024_07_53_36,covered,truck,1,4,True,"['covered', 'covered', 'covered']","['truck', 'truck', 'truck']",No,covered
1817,IND0041201020240101730,20_10_2024_23_59_54,Not_Found,truck,1,4,True,"['Not_Found', 'Not_Found', 'Not_Found']","['truck', 'truck', 'truck']",No,mining_full
1818,IND0041201020240200699,20_10_2024_18_16_02,Not_Found,mini_truck,2,1,False,"['Not_Found', 'Not_Found']","['mini_truck', 'mini_truck']",No,covered
1819,IND0041201020240100398,20_10_2024_08_05_23,covered,truck,1,4,True,"['Not_Found', 'covered', 'covered']","['truck', 'truck', 'truck']",No,covered
1820,IND0041201020240100420,20_10_2024_08_14_40,Not_Found,truck,1,4,True,"['Not_Found', 'Not_Found', 'covered']","['truck', 'truck', 'truck']",No,covered
1821,IND0041201020240100425,20_10_2024_08_17_59,non_mining,truck,1,4,True,"['non_mining', 'non_mining', 'mining_empty']","['truck', 'truck', 'truck']",No,non_mining
1822,IND0041201020240100281,20_10_2024_05_53_34,Not_Found,truck,1,4,True,"['Not_Found', 'Not_Found', 'Not_Found']","['truck', 'truck', 'truck']",No,Not_Found
1823,IND0041201020240101638,20_10_2024_22_24_07,Not_Found,truck,1,4,True,"['Not_Found', 'Not_Found', 'Not_Found']","['truck', 'truck', 'truck']",No,non_mining
1824,IND0041201020240200096,20_10_2024_02_21_45,Not_Found,mini_truck,2,4,True,"['Not_Found', 'non_mining', 'Not_Found']","['mini_truck', 'mini_truck', 'mini_truck']",No,non_mining
1825,IND0041201020240101099,20_10_2024_15_48_48,non_mining,truck,1,4,True,"['Not_Found', 'non_mining', 'non_mining']","['truck', 'truck', 'truck']",No,non_mining
1826,IND0041201020240100283,20_10_2024_06_22_44,non_mining,mini_truck,1,4,True,"['non_mining', 'non_mining', 'non_mining']","['mini_truck', 'mini_truck', 'mini_truck']",No,non_mining
1827,IND0041201020240100223,20_10_2024_04_24_18,Not_Found,truck,1,4,True,"['Not_Found', 'Not_Found', 'Not_Found']","['truck', 'truck', 'truck']",No,non_mining
1828,IND0041201020240100459,20_10_2024_08_42_12,non_mining,truck,1,4,True,"['non_mining', 'non_mining', 'non_mining']","['truck', 'truck', 'truck']",No,non_mining
1829,IND0041201020240200863,20_10_2024_23_08_41,Not_Found,truck,2,4,True,"['non_mining', 'Not_Found', 'Not_Found']","['truck', 'truck', 'truck']",No,non_mining
1830,IND0041201020240100770,20_10_2024_12_15_47,non_mining,truck,1,4,True,"['non_mining', 'non_mining', 'non_mining']","['truck', 'truck', 'truck']",No,non_mining
1831,IND0041201020240100783,20_10_2024_12_25_11,covered,truck,1,4,True,"['covered', 'covered', 'covered']","['truck', 'truck', 'truck']",No,covered
1832,IND0041201020240100271,20_10_2024_05_45_54,Not_Found,truck,1,1,False,['Not_Found'],['truck'],Yes,covered
1833,IND0041201020240100300,20_10_2024_06_38_18,non_mining,truck,1,4,True,"['non_mining', 'non_mining', 'covered']","['truck', 'truck', 'truck']",No,non_mining
1834,IND0041201020240101071,20_10_2024_15_27_15,non_mining,mini_truck,1,4,True,"['non_mining', 'non_mining', 'non_mining']","['mini_truck', 'mini_truck', 'mini_truck']",No,non_mining
1835,IND0041201020240200567,20_10_2024_14_23_45,non_mining,truck,2,4,True,"['non_mining', 'non_mining', 'non_mining']","['truck', 'truck', 'truck']",No,non_mining
1836,IND0041201020240100898,20_10_2024_13_34_40,Not_Found,truck,1,4,True,"['Not_Found', 'Not_Found', 'Not_Found']","['truck', 'truck', 'truck']",No,non_mining
1837,IND0041201020240100933,20_10_2024_14_00_39,non_mining,truck,1,4,True,"['non_mining', 'non_mining', 'non_mining']","['truck', 'truck', 'truck']",No,non_mining
1838,IND0041201020240101691,20_10_2024_23_16_43,Not_Found,truck,1,4,True,"['Not_Found', 'Not_Found', 'Not_Found']","['truck', 'truck', 'truck']",No,Not_Found
1839,IND0041201020240101554,20_10_2024_21_10_32,Not_Found,truck,1,4,True,"['Not_Found', 'Not_Found', 'Not_Found']","['truck', 'truck', 'truck']",No,non_mining
1840,IND0041201020240200362,20_10_2024_09_30_20,covered,truck,2,4,True,"['covered', 'covered', 'covered']","['truck', 'truck', 'truck']",No,covered
1841,IND0041201020240101239,20_10_2024_17_22_36,non_mining,truck,1,4,True,"['non_mining', 'non_mining', 'non_mining']","['truck', 'truck', 'truck']",No,non_mining
1842,IND0041201020240200398,20_10_2024_10_38_08,non_mining,truck,2,4,True,"['non_mining', 'non_mining', 'non_mining']","['truck', 'truck', 'truck']",No,non_mining
1843,IND0041201020240200254,20_10_2024_06_15_00,Not_Found,mini_truck,2,2,False,"['Not_Found', 'Not_Found']","['mini_truck', 'mini_truck']",No,Not_Found
1844,IND0041201020240100899,20_10_2024_13_34_47,Not_Found,mini_truck,1,3,False,"['Not_Found', 'Not_Found']","['mini_truck', 'mini_truck']",No,non_mining
1845,IND0041201020240200550,20_10_2024_13_55_33,non_mining,mini_truck,2,4,True,"['non_mining', 'non_mining', 'non_mining']","['mini_truck', 'mini_truck', 'mini_truck']",No,non_mining
1846,IND0041201020240100912,20_10_2024_13_43_20,Not_Found,truck,1,4,True,"['Not_Found', 'Not_Found', 'Not_Found']","['truck', 'truck', 'truck']",No,covered
1847,IND0041201020240100041,20_10_2024_00_40_30,Not_Found,mini_truck,1,4,True,"['Not_Found', 'Not_Found', 'Not_Found']","['mini_truck', 'mini_truck', 'mini_truck']",No,non_mining
1848,IND0041201020240100332,20_10_2024_07_01_53,non_mining,truck,1,4,True,"['Not_Found', 'non_mining', 'non_mining']","['truck', 'truck', 'truck']",No,non_mining
1849,IND0041201020240101308,20_10_2024_18_18_53,Not_Found,mini_truck,1,2,False,"['Not_Found', 'Not_Found', 'Not_Found']","['mini_truck', 'mini_truck', 'mini_truck', 'mini_truck', 'mini_truck']",No,non_mining
1850,IND0041201020240200712,20_10_2024_18_36_52,Not_Found,truck,2,4,True,"['Not_Found', 'Not_Found', 'Not_Found']","['truck', 'truck', 'truck']",No,Not_Found
1851,IND0041201020240100262,20_10_2024_05_23_44,Not_Found,truck,1,4,True,"['Not_Found', 'Not_Found', 'Not_Found']","['truck', 'truck', 'truck']",No,non_mining
1852,IND0041201020240101519,20_10_2024_20_38_41,Not_Found,truck,1,4,True,"['Not_Found', 'Not_Found', 'Not_Found']","['truck', 'truck', 'truck']",No,Not_Found
1853,IND0041201020240101456,20_10_2024_19_59_37,Not_Found,truck,1,4,True,"['Not_Found', 'Not_Found', 'Not_Found']","['truck', 'truck', 'truck']",No,non_mining
1854,IND0041201020240200718,20_10_2024_18_42_48,Not_Found,mini_truck,2,1,False,['Not_Found'],['mini_truck'],No,non_mining
1855,IND0041201020240200493,20_10_2024_12_42_53,non_mining,truck,2,4,True,"['non_mining', 'non_mining', 'non_mining']","['truck', 'truck', 'truck']",No,non_mining
1856,IND0041201020240101094,20_10_2024_15_43_52,covered,truck,1,3,True,"['covered', 'covered']","['truck', 'truck']",No,covered
1857,IND0041201020240101624,20_10_2024_22_10_57,Not_Found,truck,1,4,True,"['Not_Found', 'Not_Found', 'Not_Found']","['truck', 'truck', 'truck']",No,covered
1858,IND0041201020240100362,20_10_2024_07_30_19,non_mining,truck,1,4,True,"['non_mining', 'non_mining', 'non_mining']","['truck', 'truck', 'truck']",No,non_mining
1859,IND0041201020240100701,20_10_2024_11_22_42,covered,truck,1,4,True,"['covered', 'covered', 'covered']","['truck', 'truck', 'truck']",No,covered
1860,IND0041201020240100430,20_10_2024_08_22_42,Not_Found,hywa,1,3,True,"['Not_Found', 'Not_Found']","['hywa', 'hywa']",No,mining_full
1861,IND0041201020240100712,20_10_2024_11_33_20,mining_full,hywa,1,2,True,['mining_full'],['hywa'],No,mining_full
1862,IND0041201020240200135,20_10_2024_03_14_20,Not_Found,truck,2,4,True,"['Not_Found', 'Not_Found', 'Not_Found']","['truck', 'truck', 'truck']",No,non_mining
1863,IND0041201020240200758,20_10_2024_19_41_49,Not_Found,truck,2,3,True,"['Not_Found', 'Not_Found']","['truck', 'truck']",No,mining_empty
1864,IND0041201020240200217,20_10_2024_04_58_00,Not_Found,truck,2,3,False,"['Not_Found', 'Not_Found', 'Not_Found']","['truck', 'truck', 'truck', 'truck']",No,covered
1865,IND0041201020240101465,20_10_2024_20_06_02,Not_Found,truck,1,1,False,['Not_Found'],['truck'],No,non_mining
1866,IND0041201020240100976,20_10_2024_14_31_44,non_mining,truck,1,4,True,"['Not_Found', 'non_mining', 'non_mining']","['truck', 'truck', 'truck']",No,non_mining
1867,IND0041201020240100296,20_10_2024_06_32_35,non_mining,truck,1,4,True,"['Not_Found', 'non_mining', 'non_mining']","['truck', 'truck', 'truck']",No,non_mining
1868,IND0041201020240101636,20_10_2024_22_22_57,Not_Found,truck,1,4,True,"['Not_Found', 'Not_Found', 'Not_Found']","['truck', 'truck', 'truck']",No,non_mining
1869,IND0041201020240200825,20_10_2024_21_56_19,Not_Found,mini_truck,2,4,True,"['Not_Found', 'Not_Found', 'Not_Found']","['mini_truck', 'mini_truck', 'mini_truck']",No,non_mining
1870,IND0041201020240101516,20_10_2024_20_38_03,Not_Found,truck,1,2,False,['Not_Found'],['truck'],No,non_mining
1871,IND0041201020240101058,20_10_2024_15_21_33,non_mining,mini_truck,1,1,False,"['non_mining', 'non_mining', 'non_mining']","['mini_truck', 'mini_truck', 'mini_truck', 'mini_truck', 'mini_truck', 'mini_truck', 'mini_truck', 'mini_truck']",No,non_mining
1872,IND0041201020240100755,20_10_2024_12_06_19,non_mining,truck,1,4,True,"['non_mining', 'non_mining', 'covered']","['truck', 'truck', 'truck']",No,non_mining
1873,IND0041201020240200372,20_10_2024_09_45_07,non_mining,truck,2,4,True,"['non_mining', 'non_mining', 'non_mining']","['truck', 'truck', 'truck']",No,non_mining
1874,IND0041201020240100505,20_10_2024_09_04_26,non_mining,truck,1,4,True,"['non_mining', 'non_mining', 'covered']","['truck', 'truck', 'truck']",No,non_mining
1875,IND0041201020240200366,20_10_2024_09_37_30,non_mining,truck,2,4,True,"['mining_empty', 'non_mining', 'non_mining']","['truck', 'truck', 'truck']",No,non_mining
1876,IND0041201020240200664,20_10_2024_17_37_46,Not_Found,mini_truck,2,4,True,"['Not_Found', 'Not_Found', 'Not_Found']","['mini_truck', 'mini_truck', 'mini_truck']",No,covered
1877,IND0041201020240100893,20_10_2024_13_30_15,Not_Found,mini_truck,1,4,True,"['Not_Found', 'Not_Found', 'Not_Found']","['mini_truck', 'mini_truck', 'mini_truck']",No,non_mining
1878,IND0041201020240100119,20_10_2024_01_49_21,non_mining,truck,1,1,False,['non_mining'],['truck'],No,non_mining
1879,IND0041201020240200841,20_10_2024_22_29_06,Not_Found,mini_truck,2,4,True,"['Not_Found', 'Not_Found', 'Not_Found']","['mini_truck', 'mini_truck', 'mini_truck', 'mini_truck']",No,non_mining
1880,IND0041201020240100393,20_10_2024_08_00_36,non_mining,truck,1,4,True,"['non_mining', 'non_mining', 'non_mining']","['truck', 'truck', 'truck']",No,non_mining
1881,IND0041201020240200385,20_10_2024_10_07_19,non_mining,truck,2,4,True,"['Not_Found', 'non_mining', 'non_mining']","['truck', 'truck', 'truck']",No,non_mining
1882,IND0041201020240200109,20_10_2024_02_38_31,Not_Found,truck,2,4,True,"['Not_Found', 'Not_Found', 'Not_Found']","['truck', 'truck', 'truck']",No,covered
1883,IND0041201020240101399,20_10_2024_19_18_55,Not_Found,truck,1,4,True,"['Not_Found', 'Not_Found', 'Not_Found']","['truck', 'truck', 'truck']",No,non_mining
1884,IND0041201020240100965,20_10_2024_14_23_50,non_mining,truck,1,4,True,"['non_mining', 'non_mining', 'non_mining']","['truck', 'truck', 'truck']",No,non_mining
1885,IND0041201020240100631,20_10_2024_10_38_25,non_mining,truck,1,4,True,"['non_mining', 'non_mining', 'non_mining']","['truck', 'truck', 'truck']",No,non_mining
1886,IND0041201020240100065,20_10_2024_01_00_51,Not_Found,truck,1,4,True,"['Not_Found', 'Not_Found', 'Not_Found']","['truck', 'truck', 'truck']",No,
1887,IND0041201020240100381,20_10_2024_07_50_26,non_mining,truck,1,4,True,"['non_mining', 'non_mining', 'non_mining']","['truck', 'truck', 'truck']",No,non_mining
1888,IND0041201020240101425,20_10_2024_19_37_35,Not_Found,truck,1,3,True,"['Not_Found', 'Not_Found']","['truck', 'truck']",No,covered
1889,IND0041201020240100843,20_10_2024_12_55_58,non_mining,truck,1,3,True,"['non_mining', 'non_mining']","['truck', 'truck']",No,non_mining
1890,IND0041201020240101424,20_10_2024_19_36_19,Not_Found,truck,1,4,True,"['Not_Found', 'Not_Found', 'Not_Found']","['truck', 'truck', 'truck']",No,non_mining
1891,IND0041201020240200121,20_10_2024_02_54_35,Not_Found,truck,2,3,False,"['Not_Found', 'Not_Found', 'Not_Found']","['truck', 'truck', 'truck', 'truck', 'truck']",No,non_mining
1892,IND0041201020240101106,20_10_2024_15_52_40,non_mining,truck,1,4,True,"['Not_Found', 'non_mining', 'non_mining']","['truck', 'truck', 'truck']",No,non_mining
1893,IND0041201020240200537,20_10_2024_13_43_22,covered,truck,2,3,True,"['covered', 'covered']","['truck', 'truck']",No,covered
1894,IND0041201020240200435,20_10_2024_11_27_37,Not_Found,truck,2,3,True,"['Not_Found', 'non_mining']","['truck', 'truck']",No,non_mining
1895,IND0041201020240200216,20_10_2024_04_57_32,Not_Found,truck,2,3,False,"['Not_Found', 'Not_Found', 'Not_Found']","['truck', 'truck', 'truck', 'truck', 'truck', 'truck']",No,Not_Found
1896,IND0041201020240100120,20_10_2024_01_51_08,Not_Found,truck,1,4,True,"['Not_Found', 'Not_Found', 'Not_Found']","['truck', 'truck', 'truck']",No,non_mining
1897,IND0041201020240200336,20_10_2024_08_59_52,covered,truck,2,1,False,"['non_mining', 'covered', 'covered']","['truck', 'truck', 'truck', 'truck', 'truck', 'truck', 'truck', 'truck', 'truck', 'truck', 'truck']",Yes,covered
1898,IND0041201020240101273,20_10_2024_17_44_20,Not_Found,truck,1,4,True,"['Not_Found', 'Not_Found', 'non_mining']","['truck', 'truck', 'truck']",No,covered
1899,IND0041201020240200429,20_10_2024_11_20_23,non_mining,mini_truck,2,4,True,"['non_mining', 'non_mining', 'non_mining']","['mini_truck', 'mini_truck', 'mini_truck']",No,non_mining
1900,IND0041201020240100055,20_10_2024_00_51_07,Not_Found,truck,1,1,False,"['Not_Found', 'Not_Found', 'Not_Found']","['truck', 'truck', 'truck', 'truck']",No,non_mining
1901,IND0041201020240100664,20_10_2024_10_53_24,non_mining,truck,1,2,False,"['Not_Found', 'non_mining', 'non_mining']","['truck', 'truck', 'truck', 'truck', 'truck', 'truck']",No,non_mining
1902,IND0041201020240101262,20_10_2024_17_36_05,non_mining,truck,1,4,True,"['non_mining', 'non_mining', 'non_mining']","['truck', 'truck', 'truck']",No,non_mining
1903,IND0041201020240101531,20_10_2024_20_46_16,Not_Found,truck,1,4,True,"['Not_Found', 'Not_Found', 'Not_Found']","['truck', 'truck', 'truck']",No,covered
1904,IND0041201020240100443,20_10_2024_08_30_18,non_mining,truck,1,4,True,"['non_mining', 'non_mining', 'non_mining']","['truck', 'truck', 'truck']",No,non_mining
1905,IND0041201020240200353,20_10_2024_09_19_36,non_mining,truck,2,4,True,"['non_mining', 'non_mining', 'non_mining']","['truck', 'truck', 'truck']",No,non_mining
1906,IND0041201020240200352,20_10_2024_09_19_24,Not_Found,mini_truck,2,4,True,"['non_mining', 'Not_Found', 'Not_Found']","['mini_truck', 'mini_truck', 'mini_truck']",No,non_mining
1907,IND0041201020240101337,20_10_2024_18_32_39,Not_Found,mini_truck,1,1,False,"['Not_Found', 'Not_Found']","['mini_truck', 'mini_truck']",No,Not_Found
1908,IND0041201020240100222,20_10_2024_04_22_08,Not_Found,truck,1,4,True,"['Not_Found', 'Not_Found', 'Not_Found']","['truck', 'truck', 'truck']",No,non_mining
1909,IND0041201020240100321,20_10_2024_06_54_32,non_mining,truck,1,4,True,"['non_mining', 'non_mining', 'non_mining']","['truck', 'truck', 'truck']",No,non_mining
1910,IND0041201020240200145,20_10_2024_03_25_55,Not_Found,truck,2,1,False,"['Not_Found', 'Not_Found', 'Not_Found']","['truck', 'truck', 'truck', 'truck']",No,mining_full
1911,IND0041201020240200612,20_10_2024_15_53_16,non_mining,mini_truck,2,1,False,"['non_mining', 'non_mining', 'non_mining']","['mini_truck', 'mini_truck', 'mini_truck']",No,non_mining
1912,IND0041201020240101003,20_10_2024_14_49_41,non_mining,truck,1,4,True,"['Not_Found', 'non_mining', 'non_mining']","['truck', 'truck', 'truck']",No,non_mining
1913,IND0041201020240100758,20_10_2024_12_09_38,non_mining,truck,1,4,True,"['Not_Found', 'non_mining', 'non_mining']","['truck', 'truck', 'truck']",No,non_mining
1914,IND0041201020240200189,20_10_2024_04_24_20,Not_Found,truck,2,4,True,"['Not_Found', 'Not_Found', 'Not_Found']","['truck', 'truck', 'mini_truck']",No,non_mining
1915,IND0041201020240101229,20_10_2024_17_16_55,non_mining,truck,1,3,True,"['non_mining', 'non_mining']","['truck', 'truck']",No,non_mining
1916,IND0041201020240100182,20_10_2024_03_17_18,Not_Found,truck,1,4,True,"['Not_Found', 'Not_Found', 'Not_Found']","['truck', 'truck', 'truck']",No,non_mining
1917,IND0041201020240101471,20_10_2024_20_10_57,Not_Found,truck,1,1,False,"['Not_Found', 'non_mining']","['truck', 'truck']",No,non_mining
1918,IND0041201020240200723,20_10_2024_18_47_28,Not_Found,mini_truck,2,2,False,['Not_Found'],['mini_truck'],No,non_mining
1919,IND0041201020240100773,20_10_2024_12_17_27,non_mining,mini_truck,1,1,False,['non_mining'],['mini_truck'],No,non_mining
1920,IND0041201020240200181,20_10_2024_04_16_45,Not_Found,truck,2,1,False,"['Not_Found', 'Not_Found', 'Not_Found']","['truck', 'truck', 'truck', 'truck', 'truck', 'truck']",No,mining_empty
1921,IND0041201020240101370,20_10_2024_18_53_31,Not_Found,truck,1,1,False,"['Not_Found', 'Not_Found', 'Not_Found']","['truck', 'truck', 'truck', 'truck', 'truck', 'truck']",No,non_mining
1922,IND0041201020240200108,20_10_2024_02_34_54,Not_Found,truck,2,3,True,"['Not_Found', 'Not_Found']","['truck', 'truck']",No,mining_full
1923,IND0041201020240200168,20_10_2024_03_56_38,Not_Found,truck,2,1,False,"['Not_Found', 'Not_Found', 'Not_Found']","['truck', 'truck', 'truck', 'truck', 'truck', 'truck', 'truck']",No,non_mining
1924,IND0041201020240200279,20_10_2024_07_06_53,non_mining,truck,2,4,True,"['non_mining', 'non_mining', 'non_mining']","['truck', 'truck', 'truck']",No,non_mining
1925,IND0041201020240100428,20_10_2024_08_21_30,non_mining,mini_truck,1,4,True,"['non_mining', 'non_mining', 'non_mining']","['mini_truck', 'mini_truck', 'mini_truck']",No,non_mining
1926,IND0041201020240101498,20_10_2024_20_25_46,Not_Found,truck,1,4,True,"['Not_Found', 'Not_Found', 'Not_Found']","['truck', 'truck', 'truck']",No,covered
1927,IND0041201020240100231,20_10_2024_04_30_22,Not_Found,truck,1,1,False,['Not_Found'],['truck'],No,non_mining
1928,IND0041201020240200219,20_10_2024_05_05_13,Not_Found,truck,2,4,True,"['Not_Found', 'Not_Found', 'Not_Found']","['truck', 'truck', 'truck']",No,covered
1929,IND0041201020240200627,20_10_2024_16_27_16,Not_Found,mini_truck,2,1,False,['Not_Found'],['mini_truck'],No,non_mining
1930,IND0041201020240200136,20_10_2024_03_15_44,Not_Found,mini_truck,2,3,False,"['Not_Found', 'Not_Found', 'Not_Found']","['mini_truck', 'mini_truck', 'mini_truck', 'mini_truck', 'mini_truck', 'mini_truck']",No,Not_Found
1931,IND0041201020240100411,20_10_2024_08_11_36,Not_Found,truck,1,4,True,"['Not_Found', 'Not_Found', 'non_mining']","['truck', 'truck', 'truck']",No,covered
1932,IND0041201020240100826,20_10_2024_12_45_49,non_mining,truck,1,4,True,"['non_mining', 'non_mining', 'non_mining']","['truck', 'truck', 'truck']",No,non_mining
1933,IND0041201020240101241,20_10_2024_17_24_07,non_mining,truck,1,4,True,"['non_mining', 'non_mining', 'non_mining']","['truck', 'truck', 'truck']",No,non_mining
1934,IND0041201020240101320,20_10_2024_18_22_21,Not_Found,truck,1,2,False,['Not_Found'],['truck'],No,non_mining
1935,IND0041201020240101375,20_10_2024_18_55_34,Not_Found,truck,1,4,True,"['Not_Found', 'Not_Found', 'Not_Found']","['truck', 'truck', 'truck']",No,non_mining
1936,IND0041201020240101362,20_10_2024_18_46_13,Not_Found,mini_truck,1,2,False,['Not_Found'],['mini_truck'],Yes,non_mining
1937,IND0041201020240200030,20_10_2024_00_43_33,Not_Found,truck,2,4,True,"['Not_Found', 'Not_Found', 'Not_Found']","['truck', 'truck', 'truck']",No,Not_Found
1938,IND0041201020240200416,20_10_2024_10_58_55,non_mining,truck,2,4,True,"['non_mining', 'non_mining', 'non_mining']","['truck', 'truck', 'truck']",No,non_mining
1939,IND0041201020240200079,20_10_2024_01_41_21,Not_Found,truck,2,2,False,['Not_Found'],['truck'],No,non_mining
1940,IND0041201020240101089,20_10_2024_15_41_12,Not_Found,truck,1,4,True,"['Not_Found', 'Not_Found', 'Not_Found']","['truck', 'truck', 'truck']",No,covered
1941,IND0041201020240101161,20_10_2024_16_32_29,non_mining,truck,1,4,True,"['Not_Found', 'non_mining', 'non_mining']","['truck', 'truck', 'truck']",No,non_mining
1942,IND0041201020240100647,20_10_2024_10_45_04,covered,truck,1,3,True,"['covered', 'covered']","['truck', 'truck']",No,covered
1943,IND0041201020240100475,20_10_2024_08_50_42,Not_Found,truck,1,4,True,"['Not_Found', 'Not_Found', 'non_mining']","['truck', 'truck', 'hywa']",No,non_mining
1944,IND0041201020240100661,20_10_2024_10_52_26,covered,truck,1,4,True,"['covered', 'covered', 'covered']","['truck', 'truck', 'truck']",No,covered
1945,IND0041201020240200211,20_10_2024_04_49_26,Not_Found,truck,2,1,False,"['Not_Found', 'Not_Found', 'non_mining']","['truck', 'truck', 'truck', 'truck', 'truck', 'truck', 'truck']",No,covered
1946,IND0041201020240101088,20_10_2024_15_40_03,non_mining,truck,1,4,True,"['non_mining', 'non_mining', 'non_mining']","['truck', 'truck', 'truck']",No,non_mining
1947,IND0041201020240200297,20_10_2024_08_02_43,covered,truck,2,4,True,"['covered', 'covered', 'covered']","['truck', 'truck', 'truck']",No,covered
1948,IND0041201020240100733,20_10_2024_11_47_49,Not_Found,truck,1,4,True,"['Not_Found', 'Not_Found', 'Not_Found']","['truck', 'truck', 'truck']",No,covered
1949,IND0041201020240200866,20_10_2024_23_13_00,Not_Found,truck,2,4,True,"['Not_Found', 'Not_Found', 'Not_Found']","['truck', 'truck', 'truck']",No,non_mining
1950,IND0041201020240101601,20_10_2024_21_49_24,Not_Found,truck,1,4,True,"['Not_Found', 'Not_Found', 'Not_Found']","['truck', 'truck', 'truck']",No,covered
1951,IND0041201020240101030,20_10_2024_15_01_01,non_mining,truck,1,4,True,"['non_mining', 'non_mining', 'non_mining']","['truck', 'truck', 'truck']",No,non_mining
1952,IND0041201020240100978,20_10_2024_14_33_15,non_mining,truck,1,4,True,"['Not_Found', 'non_mining', 'non_mining']","['truck', 'truck', 'truck']",No,non_mining
1953,IND0041201020240200383,20_10_2024_10_02_16,non_mining,truck,2,3,False,"['non_mining', 'non_mining']","['truck', 'truck']",No,non_mining
1954,IND0041201020240200568,20_10_2024_14_25_34,covered,mini_truck,2,4,True,"['covered', 'covered', 'covered']","['mini_truck', 'mini_truck', 'mini_truck']",No,covered
1955,IND0041201020240100798,20_10_2024_12_32_16,Not_Found,truck,1,4,True,"['Not_Found', 'Not_Found', 'non_mining']","['truck', 'truck', 'truck']",No,non_mining
1956,IND0041201020240200732,20_10_2024_18_58_34,Not_Found,mini_truck,2,4,True,"['Not_Found', 'Not_Found', 'Not_Found']","['mini_truck', 'truck', 'mini_truck']",No,non_mining
1957,IND0041201020240101438,20_10_2024_19_48_50,Not_Found,truck,1,2,True,['Not_Found'],['truck'],No,covered
1958,IND0041201020240100077,20_10_2024_01_06_27,Not_Found,truck,1,4,True,"['Not_Found', 'Not_Found', 'Not_Found']","['truck', 'truck', 'truck']",No,covered
1959,IND0041201020240200122,20_10_2024_02_55_10,Not_Found,truck,2,4,True,"['Not_Found', 'Not_Found', 'Not_Found']","['truck', 'truck', 'truck']",No,covered
1960,IND0041201020240200834,20_10_2024_22_22_20,Not_Found,truck,2,4,True,"['Not_Found', 'Not_Found', 'Not_Found']","['truck', 'truck', 'truck']",No,mining_full
1961,IND0041201020240100195,20_10_2024_03_30_19,Not_Found,mini_truck,1,4,True,"['Not_Found', 'Not_Found', 'Not_Found']","['mini_truck', 'mini_truck', 'mini_truck']",No,covered
1962,IND0041201020240200871,20_10_2024_23_19_32,Not_Found,truck,2,4,True,"['Not_Found', 'Not_Found', 'Not_Found']","['truck', 'truck', 'truck']",No,covered
1963,IND0041201020240100529,20_10_2024_09_20_30,non_mining,truck,1,4,True,"['non_mining', 'non_mining', 'non_mining']","['truck', 'truck', 'truck']",No,non_mining
1964,IND0041201020240100793,20_10_2024_12_30_49,non_mining,mini_truck,1,4,True,"['non_mining', 'non_mining', 'non_mining']","['mini_truck', 'mini_truck', 'mini_truck', 'mini_truck']",No,non_mining
1965,IND0041201020240101246,20_10_2024_17_26_29,non_mining,truck,1,4,True,"['non_mining', 'non_mining', 'non_mining']","['truck', 'truck', 'truck']",No,non_mining
1966,IND0041201020240101413,20_10_2024_19_28_20,Not_Found,mini_truck,1,1,False,"['Not_Found', 'Not_Found', 'Not_Found']","['mini_truck', 'mini_truck', 'mini_truck']",No,non_mining
1967,IND0041201020240100313,20_10_2024_06_51_20,Not_Found,hywa,1,4,True,"['Not_Found', 'Not_Found', 'Not_Found']","['truck', 'hywa', 'hywa']",No,mining_full
1968,IND0041201020240101086,20_10_2024_15_38_19,Not_Found,truck,1,3,True,"['Not_Found', 'Not_Found']","['truck', 'truck']",No,non_mining
1969,IND0041201020240101300,20_10_2024_18_11_08,Not_Found,truck,1,2,False,['Not_Found'],['truck'],No,non_mining
1970,IND0041201020240200720,20_10_2024_18_44_29,Not_Found,mini_truck,2,1,False,"['Not_Found', 'Not_Found', 'Not_Found']","['mini_truck', 'mini_truck', 'mini_truck']",No,non_mining
1971,IND0041201020240100597,20_10_2024_10_13_09,Not_Found,truck,1,4,True,"['Not_Found', 'Not_Found', 'non_mining']","['truck', 'truck', 'truck']",No,non_mining
1972,IND0041201020240101264,20_10_2024_17_38_52,non_mining,truck,1,4,True,"['non_mining', 'non_mining', 'non_mining']","['truck', 'truck', 'truck']",No,non_mining
1973,IND0041201020240100076,20_10_2024_01_05_42,Not_Found,truck,1,4,True,"['Not_Found', 'Not_Found', 'Not_Found']","['truck', 'truck', 'truck']",No,non_mining
1974,IND0041201020240200794,20_10_2024_20_30_49,non_mining,mini_truck,2,4,True,"['non_mining', 'non_mining', 'non_mining']","['mini_truck', 'mini_truck', 'mini_truck']",No,non_mining
1975,IND0041201020240100469,20_10_2024_08_47_19,non_mining,truck,1,1,False,"['Not_Found', 'non_mining', 'non_mining']","['truck', 'truck', 'truck', 'truck', 'truck', 'truck']",No,non_mining
1976,IND0041201020240200830,20_10_2024_22_17_00,non_mining,mini_truck,2,1,False,"['non_mining', 'non_mining', 'non_mining']","['mini_truck', 'mini_truck', 'mini_truck', 'mini_truck', 'mini_truck', 'mini_truck', 'mini_truck', 'mini_truck', 'mini_truck']",No,non_mining
1977,IND0041201020240101728,20_10_2024_23_58_46,Not_Found,truck,1,4,True,"['Not_Found', 'Not_Found', 'Not_Found']","['truck', 'truck', 'truck']",No,non_mining
1978,IND0041201020240200872,20_10_2024_23_20_14,Not_Found,truck,2,4,True,"['Not_Found', 'Not_Found', 'Not_Found']","['truck', 'truck', 'truck']",No,non_mining
1979,IND0041201020240100524,20_10_2024_09_17_30,non_mining,truck,1,4,True,"['non_mining', 'non_mining', 'non_mining']","['truck', 'truck', 'truck']",No,non_mining
1980,IND0041201020240100403,20_10_2024_08_08_45,non_mining,truck,1,4,True,"['non_mining', 'non_mining', 'non_mining']","['truck', 'truck', 'truck']",No,non_mining
1981,IND0041201020240101244,20_10_2024_17_24_48,non_mining,truck,1,4,True,"['non_mining', 'non_mining', 'non_mining']","['truck', 'truck', 'truck']",No,non_mining
1982,IND0041201020240101727,20_10_2024_23_55_50,Not_Found,truck,1,1,False,"['Not_Found', 'Not_Found', 'Not_Found']","['truck', 'truck', 'truck', 'truck', 'truck', 'truck']",No,mining_full
1983,IND0041201020240200056,20_10_2024_01_13_22,Not_Found,truck,2,4,True,"['Not_Found', 'Not_Found', 'non_mining']","['truck', 'truck', 'truck']",No,covered
1984,IND0041201020240200319,20_10_2024_08_42_12,non_mining,truck,2,4,True,"['non_mining', 'non_mining', 'non_mining']","['truck', 'truck', 'truck']",No,non_mining
1985,IND0041201020240200178,20_10_2024_04_12_26,Not_Found,truck,2,3,False,"['Not_Found', 'Not_Found', 'Not_Found']","['truck', 'truck', 'truck', 'truck', 'truck']",No,covered
1986,IND0041201020240101107,20_10_2024_15_52_58,non_mining,truck,1,4,True,"['non_mining', 'non_mining', 'non_mining']","['truck', 'truck', 'truck']",No,non_mining
1987,IND0041201020240100838,20_10_2024_12_51_34,non_mining,mini_truck,1,3,True,"['non_mining', 'non_mining']","['mini_truck', 'mini_truck']",No,non_mining
1988,IND0041201020240101373,20_10_2024_18_55_17,Not_Found,truck,1,4,True,"['Not_Found', 'Not_Found', 'Not_Found']","['truck', 'truck', 'truck', 'truck', 'truck']",No,non_mining
1989,IND0041201020240101347,20_10_2024_18_38_46,Not_Found,mini_truck,1,1,False,['Not_Found'],['mini_truck'],No,non_mining
1990,IND0041201020240101171,20_10_2024_16_42_31,non_mining,truck,1,4,True,"['Not_Found', 'non_mining', 'non_mining']","['truck', 'truck', 'truck']",No,non_mining
1991,IND0041201020240200646,20_10_2024_17_00_39,non_mining,truck,2,4,True,"['non_mining', 'non_mining', 'non_mining']","['truck', 'truck', 'truck']",No,non_mining
1992,IND0041201020240100201,20_10_2024_03_46_41,Not_Found,truck,1,1,False,"['Not_Found', 'Not_Found', 'Not_Found']","['truck', 'truck', 'truck', 'truck', 'truck', 'mini_truck']",No,non_mining
1993,IND0041201020240101344,20_10_2024_18_36_59,Not_Found,mini_truck,1,3,False,"['Not_Found', 'Not_Found', 'Not_Found']","['mini_truck', 'mini_truck', 'mini_truck', 'mini_truck']",No,non_mining
1994,IND0041201020240100491,20_10_2024_08_59_19,Not_Found,truck,1,4,True,"['Not_Found', 'Not_Found', 'covered']","['truck', 'truck', 'truck']",No,covered
1995,IND0041201020240100942,20_10_2024_14_04_53,Not_Found,truck,1,4,True,"['Not_Found', 'Not_Found', 'non_mining']","['truck', 'truck', 'truck']",No,non_mining
1996,IND0041201020240200532,20_10_2024_13_39_25,non_mining,truck,2,3,True,"['non_mining', 'non_mining']","['truck', 'truck']",No,non_mining
1997,IND0041201020240100144,20_10_2024_02_34_09,Not_Found,mini_truck,1,2,False,['Not_Found'],['mini_truck'],Yes,covered
1998,IND0041201020240200105,20_10_2024_02_34_45,Not_Found,truck,2,3,True,"['Not_Found', 'Not_Found']","['truck', 'truck']",No,mining_full
1999,IND0041201020240100855,20_10_2024_13_03_13,non_mining,truck,1,4,True,"['Not_Found', 'non_mining', 'non_mining']","['truck', 'truck', 'truck']",No,non_mining
2000,IND0041201020240101199,20_10_2024_16_58_44,non_mining,mini_truck,1,2,False,['non_mining'],['mini_truck'],Yes,non_mining
2001,IND0041201020240100466,20_10_2024_08_46_25,Not_Found,truck,1,4,True,"['Not_Found', 'Not_Found', 'Not_Found']","['truck', 'truck', 'truck']",No,covered
2002,IND0041201020240101464,20_10_2024_20_06_01,Not_Found,truck,1,1,False,['Not_Found'],['truck'],No,non_mining
2003,IND0041201020240200417,20_10_2024_10_59_28,covered,truck,2,4,True,"['Not_Found', 'covered', 'covered']","['truck', 'truck', 'truck']",No,covered
2004,IND0041201020240200600,20_10_2024_15_33_10,Not_Found,tractor,2,1,False,"['Not_Found', 'Not_Found', 'Not_Found']","['tractor', 'tractor', 'tractor', 'tractor', 'tractor', 'tractor', 'tractor', 'tractor', 'tractor', 'tractor', 'tractor', 'tractor', 'tractor', 'tractor', 'tractor', 'tractor', 'tractor', 'tractor', 'tractor', 'tractor']",No,non_mining
2005,IND0041201020240200631,20_10_2024_16_41_35,non_mining,mini_truck,2,4,True,"['non_mining', 'non_mining', 'non_mining']","['mini_truck', 'mini_truck', 'mini_truck']",No,non_mining
2006,IND0041201020240101598,20_10_2024_21_45_28,Not_Found,truck,1,4,True,"['Not_Found', 'Not_Found', 'Not_Found']","['truck', 'truck', 'truck']",No,non_mining
2007,IND0041201020240100669,20_10_2024_10_58_46,non_mining,mini_truck,1,3,False,"['non_mining', 'non_mining']","['mini_truck', 'mini_truck']",No,non_mining
2008,IND0041201020240100225,20_10_2024_04_25_08,Not_Found,truck,1,1,False,"['Not_Found', 'Not_Found', 'Not_Found']","['truck', 'truck', 'truck', 'truck', 'truck']",No,mining_empty
2009,IND0041201020240101355,20_10_2024_18_43_11,Not_Found,truck,1,1,False,"['Not_Found', 'Not_Found', 'Not_Found']","['truck', 'truck', 'truck']",No,covered
2010,IND0041201020240200726,20_10_2024_18_47_46,Not_Found,truck,2,1,False,"['Not_Found', 'Not_Found', 'Not_Found']","['truck', 'truck', 'truck', 'truck', 'truck', 'truck', 'truck', 'truck']",No,non_mining
2011,IND0041201020240101159,20_10_2024_16_29_58,mining_full,hywa,1,4,True,"['Not_Found', 'mining_full', 'mining_full']","['hywa', 'hywa', 'hywa']",No,mining_full
2012,IND0041201020240100801,20_10_2024_12_32_51,non_mining,truck,1,4,True,"['Not_Found', 'non_mining', 'non_mining']","['truck', 'truck', 'truck']",No,non_mining
2013,IND0041201020240100174,20_10_2024_03_06_15,Not_Found,truck,1,1,False,"['Not_Found', 'Not_Found', 'Not_Found']","['truck', 'truck', 'truck', 'truck']",No,mining_full
2014,IND0041201020240200591,20_10_2024_15_03_56,non_mining,tractor,2,4,True,"['mining_empty', 'non_mining', 'non_mining']","['tractor', 'tractor', 'tractor']",No,non_mining
2015,IND0041201020240200215,20_10_2024_04_56_34,Not_Found,truck,2,4,True,"['Not_Found', 'Not_Found', 'Not_Found']","['truck', 'truck', 'truck']",No,covered
2016,IND0041201020240100053,20_10_2024_00_50_04,Not_Found,truck,1,2,False,"['Not_Found', 'Not_Found', 'Not_Found']","['truck', 'truck', 'truck', 'truck', 'truck', 'truck']",No,covered
2017,IND0041201020240101367,20_10_2024_18_49_30,Not_Found,mini_truck,1,4,True,"['Not_Found', 'Not_Found', 'Not_Found']","['mini_truck', 'mini_truck', 'mini_truck', 'mini_truck', 'mini_truck']",No,non_mining
2018,IND0041201020240101151,20_10_2024_16_25_21,mining_empty,truck,1,4,True,"['non_mining', 'mining_empty', 'mining_empty']","['truck', 'truck', 'truck']",No,mining_empty
2019,IND0041201020240100882,20_10_2024_13_21_50,non_mining,truck,1,4,True,"['non_mining', 'non_mining', 'non_mining']","['truck', 'truck', 'truck']",No,non_mining
2020,IND0041201020240200338,20_10_2024_09_02_04,covered,truck,2,4,True,"['non_mining', 'covered', 'covered']","['truck', 'truck', 'truck']",No,covered
2021,IND0041201020240101620,20_10_2024_22_08_12,Not_Found,truck,1,4,True,"['Not_Found', 'Not_Found', 'Not_Found']","['truck', 'truck', 'truck']",No,mining_full
2022,IND0041201020240200873,20_10_2024_23_20_35,non_mining,truck,2,1,False,"['non_mining', 'non_mining', 'Not_Found']","['truck', 'truck', 'truck', 'truck', 'truck', 'truck']",No,non_mining
2023,IND0041201020240100857,20_10_2024_13_04_21,Not_Found,truck,1,4,True,"['Not_Found', 'Not_Found', 'non_mining']","['truck', 'truck', 'truck']",No,non_mining
2024,IND0041201020240100136,20_10_2024_02_24_27,Not_Found,truck,1,2,False,"['Not_Found', 'Not_Found', 'Not_Found']","['truck', 'truck', 'truck', 'truck', 'truck', 'truck']",No,Not_Found
2025,IND0041201020240100862,20_10_2024_13_06_52,mining_full,hywa,1,1,False,"['Not_Found', 'mining_full', 'mining_full']","['hywa', 'hywa', 'hywa', 'hywa', 'hywa', 'hywa', 'hywa', 'hywa']",No,mining_full
2026,IND0041201020240100551,20_10_2024_09_33_54,Not_Found,truck,1,4,True,"['Not_Found', 'Not_Found', 'non_mining']","['truck', 'truck', 'truck']",No,non_mining
2027,IND0041201020240101213,20_10_2024_17_05_27,non_mining,truck,1,4,True,"['non_mining', 'non_mining', 'non_mining']","['truck', 'truck', 'truck']",No,non_mining
2028,IND0041201020240101211,20_10_2024_17_03_56,non_mining,mini_truck,1,4,True,"['non_mining', 'non_mining', 'non_mining']","['mini_truck', 'mini_truck', 'mini_truck']",No,non_mining
2029,IND0041201020240101699,20_10_2024_23_24_28,Not_Found,mini_truck,1,4,True,"['Not_Found', 'Not_Found', 'non_mining']","['mini_truck', 'mini_truck', 'mini_truck', 'mini_truck', 'mini_truck', 'mini_truck']",No,non_mining
2030,IND0041201020240200286,20_10_2024_07_22_40,non_mining,truck,2,4,True,"['non_mining', 'non_mining', 'non_mining']","['truck', 'truck', 'truck']",No,non_mining
2031,IND0041201020240101488,20_10_2024_20_22_16,Not_Found,truck,1,3,True,"['Not_Found', 'Not_Found']","['truck', 'truck']",No,non_mining
2032,IND0041201020240200485,20_10_2024_12_27_51,Not_Found,mini_truck,2,4,True,"['Not_Found', 'Not_Found', 'Not_Found']","['mini_truck', 'mini_truck', 'mini_truck']",No,non_mining
2033,IND0041201020240101520,20_10_2024_20_38_47,Not_Found,truck,1,4,True,"['Not_Found', 'Not_Found', 'Not_Found']","['truck', 'truck', 'truck']",No,covered
2034,IND0041201020240200200,20_10_2024_04_42_47,Not_Found,truck,2,4,True,"['Not_Found', 'Not_Found', 'Not_Found']","['truck', 'truck', 'truck']",No,covered
2035,IND0041201020240100394,20_10_2024_08_02_39,non_mining,truck,1,4,True,"['non_mining', 'non_mining', 'non_mining']","['truck', 'truck', 'truck']",No,non_mining
2036,IND0041201020240100178,20_10_2024_03_12_30,non_mining,mini_truck,1,4,True,"['Not_Found', 'non_mining', 'non_mining']","['mini_truck', 'mini_truck', 'mini_truck']",No,non_mining
2037,IND0041201020240101227,20_10_2024_17_16_11,Not_Found,truck,1,4,True,"['Not_Found', 'Not_Found', 'non_mining']","['truck', 'truck', 'truck']",No,non_mining
2038,IND0041201020240100614,20_10_2024_10_28_03,non_mining,mini_truck,1,4,True,"['non_mining', 'non_mining', 'non_mining', 'non_mining']","['mini_truck', 'mini_truck', 'mini_truck']",No,non_mining
2039,IND0041201020240101334,20_10_2024_18_29_03,Not_Found,mini_truck,1,2,False,['Not_Found'],['mini_truck'],No,Not_Found
2040,IND0041201020240101461,20_10_2024_20_02_10,Not_Found,truck,1,3,True,"['Not_Found', 'Not_Found']","['truck', 'truck']",No,non_mining
2041,IND0041201020240100228,20_10_2024_04_27_43,Not_Found,truck,1,1,False,"['Not_Found', 'Not_Found', 'Not_Found']","['truck', 'truck', 'truck', 'truck']",No,mining_empty
2042,IND0041201020240200622,20_10_2024_16_16_39,Not_Found,truck,2,4,True,"['Not_Found', 'Not_Found', 'covered']","['truck', 'truck', 'truck']",No,covered
2043,IND0041201020240100904,20_10_2024_13_37_15,Not_Found,truck,1,4,True,"['Not_Found', 'non_mining', 'Not_Found']","['truck', 'truck', 'truck']",No,non_mining
2044,IND0041201020240200428,20_10_2024_11_19_57,non_mining,mini_truck,2,4,True,"['non_mining', 'non_mining', 'non_mining']","['mini_truck', 'mini_truck', 'mini_truck']",No,non_mining
2045,IND0041201020240200035,20_10_2024_00_47_15,Not_Found,truck,2,1,False,"['Not_Found', 'Not_Found', 'Not_Found']","['truck', 'truck', 'truck', 'truck', 'truck', 'truck', 'truck', 'truck', 'truck']",No,mining_full
2046,IND0041201020240100068,20_10_2024_01_02_19,Not_Found,truck,1,4,True,"['Not_Found', 'Not_Found', 'Not_Found']","['truck', 'truck', 'truck']",No,
2047,IND0041201020240100241,20_10_2024_04_35_30,Not_Found,truck,1,4,True,"['Not_Found', 'Not_Found', 'Not_Found']","['truck', 'truck', 'truck']",No,covered
2048,IND0041201020240101433,20_10_2024_19_45_08,non_mining,mini_truck,1,4,True,"['non_mining', 'non_mining', 'non_mining']","['mini_truck', 'mini_truck', 'mini_truck']",No,non_mining
2049,IND0041201020240200223,20_10_2024_05_08_19,Not_Found,truck,2,4,True,"['Not_Found', 'Not_Found', 'Not_Found']","['truck', 'truck', 'truck']",No,mining_full
2050,IND0041201020240100974,20_10_2024_14_30_15,non_mining,truck,1,4,True,"['non_mining', 'non_mining', 'non_mining']","['truck', 'truck', 'truck']",No,non_mining
2051,IND0041201020240200147,20_10_2024_03_27_36,Not_Found,truck,2,3,False,"['Not_Found', 'Not_Found', 'Not_Found']","['truck', 'truck', 'truck', 'truck', 'truck', 'truck', 'truck']",No,Not_Found
2052,IND0041201020240101511,20_10_2024_20_35_04,Not_Found,truck,1,4,True,"['Not_Found', 'Not_Found', 'Not_Found']","['truck', 'truck', 'truck']",No,Not_Found
2053,IND0041201020240100672,20_10_2024_11_00_17,mining_empty,hywa,1,4,True,"['Not_Found', 'mining_empty', 'mining_empty']","['hywa', 'hywa', 'hywa']",No,mining_full
2054,IND0041201020240200204,20_10_2024_04_45_36,Not_Found,truck,2,4,True,"['Not_Found', 'Not_Found', 'Not_Found']","['truck', 'truck', 'truck']",No,covered
2055,IND0041201020240200072,20_10_2024_01_33_45,Not_Found,truck,2,4,True,"['Not_Found', 'Not_Found', 'Not_Found']","['truck', 'truck', 'truck']",No,covered
2056,IND0041201020240200022,20_10_2024_00_32_33,Not_Found,mini_truck,2,4,True,"['Not_Found', 'Not_Found', 'Not_Found']","['mini_truck', 'mini_truck', 'mini_truck']",No,non_mining
2057,IND0041201020240200508,20_10_2024_12_58_31,Not_Found,tractor,2,1,False,"['Not_Found', 'Not_Found', 'Not_Found']","['tractor', 'tractor', 'tractor', 'tractor', 'tractor', 'tractor', 'tractor', 'tractor', 'tractor', 'tractor', 'tractor', 'tractor', 'tractor', 'tractor']",No,non_mining
2058,IND0041201020240101277,20_10_2024_17_49_04,Not_Found,truck,1,4,True,"['Not_Found', 'Not_Found', 'Not_Found']","['truck', 'truck', 'truck']",No,non_mining
2059,IND0041201020240200140,20_10_2024_03_19_40,Not_Found,truck,2,4,True,"['Not_Found', 'Not_Found', 'Not_Found']","['truck', 'truck', 'truck']",No,non_mining
2060,IND0041201020240200470,20_10_2024_12_12_38,non_mining,truck,2,4,True,"['non_mining', 'non_mining', 'non_mining']","['truck', 'truck', 'truck']",No,non_mining
2061,IND0041201020240100147,20_10_2024_02_35_05,Not_Found,truck,1,1,False,"['Not_Found', 'Not_Found', 'Not_Found']","['truck', 'truck', 'truck']",No,mining_full
2062,IND0041201020240200368,20_10_2024_09_39_05,Not_Found,truck,2,2,True,['Not_Found'],['truck'],No,non_mining
2063,IND0041201020240200579,20_10_2024_14_41_03,Not_Found,tractor,2,1,False,"['Not_Found', 'Not_Found']","['tractor', 'tractor']",No,Not_Found
2064,IND0041201020240100580,20_10_2024_09_58_53,non_mining,mini_truck,1,3,True,"['non_mining', 'non_mining']","['mini_truck', 'mini_truck']",No,non_mining
2065,IND0041201020240100742,20_10_2024_11_58_22,covered,truck,1,4,True,"['covered', 'covered', 'covered']","['truck', 'truck', 'truck']",No,covered
2066,IND0041201020240100523,20_10_2024_09_17_01,non_mining,mini_truck,1,4,True,"['non_mining', 'non_mining', 'non_mining']","['mini_truck', 'mini_truck', 'mini_truck']",No,non_mining
2067,IND0041201020240200099,20_10_2024_02_27_24,Not_Found,truck,2,4,True,"['Not_Found', 'Not_Found', 'Not_Found']","['truck', 'truck', 'truck']",No,non_mining
2068,IND0041201020240100560,20_10_2024_09_40_58,covered,mini_truck,1,4,True,"['covered', 'covered', 'covered']","['mini_truck', 'mini_truck', 'mini_truck']",No,covered
2069,IND0041201020240101606,20_10_2024_21_54_32,Not_Found,truck,1,1,False,"['Not_Found', 'Not_Found', 'Not_Found']","['truck', 'truck', 'truck', 'truck', 'truck']",No,non_mining
2070,IND0041201020240101647,20_10_2024_22_36_59,Not_Found,truck,1,4,True,"['Not_Found', 'Not_Found', 'Not_Found']","['truck', 'truck', 'truck']",No,non_mining
2071,IND0041201020240100105,20_10_2024_01_30_46,non_mining,truck,1,1,False,['non_mining'],['truck'],Yes,mining_full
2072,IND0041201020240101642,20_10_2024_22_32_23,Not_Found,truck,1,4,True,"['Not_Found', 'Not_Found', 'Not_Found']","['truck', 'truck', 'truck']",No,covered
2073,IND0041201020240101416,20_10_2024_19_31_35,Not_Found,truck,1,4,True,"['Not_Found', 'Not_Found', 'non_mining']","['truck', 'truck', 'truck']",No,non_mining
2074,IND0041201020240100810,20_10_2024_12_38_59,non_mining,truck,1,4,True,"['non_mining', 'non_mining', 'non_mining']","['truck', 'truck', 'truck']",No,non_mining
2075,IND0041201020240100454,20_10_2024_08_40_13,non_mining,truck,1,4,True,"['non_mining', 'non_mining', 'Not_Found']","['truck', 'truck', 'truck']",No,non_mining
2076,IND0041201020240100961,20_10_2024_14_21_08,non_mining,truck,1,4,True,"['non_mining', 'non_mining', 'non_mining']","['truck', 'truck', 'truck']",No,non_mining
2077,IND0041201020240100967,20_10_2024_14_25_34,non_mining,truck,1,4,True,"['non_mining', 'non_mining', 'non_mining']","['truck', 'truck', 'truck']",No,non_mining
2078,IND0041201020240100842,20_10_2024_12_55_14,non_mining,truck,1,4,True,"['non_mining', 'non_mining', 'non_mining']","['truck', 'truck', 'truck']",No,non_mining
2079,IND0041201020240101259,20_10_2024_17_34_52,covered,truck,1,4,True,"['covered', 'covered', 'covered']","['truck', 'truck', 'truck']",No,covered
2080,IND0041201020240200808,20_10_2024_21_16_51,Not_Found,truck,2,4,True,"['Not_Found', 'Not_Found', 'Not_Found']","['truck', 'truck', 'truck']",No,covered
2081,IND0041201020240101724,20_10_2024_23_53_52,Not_Found,truck,1,4,True,"['Not_Found', 'Not_Found', 'Not_Found']","['truck', 'truck', 'truck']",No,non_mining
2082,IND0041201020240100010,20_10_2024_00_15_27,Not_Found,truck,1,4,True,"['Not_Found', 'Not_Found', 'Not_Found']","['truck', 'truck', 'truck']",No,covered
2083,IND0041201020240200729,20_10_2024_18_49_20,Not_Found,truck,2,3,False,"['Not_Found', 'Not_Found', 'Not_Found']","['truck', 'truck', 'truck', 'truck', 'truck', 'truck']",No,non_mining
2084,IND0041201020240100011,20_10_2024_00_16_20,Not_Found,truck,1,4,True,"['Not_Found', 'Not_Found', 'Not_Found']","['truck', 'truck', 'truck']",No,non_mining
2085,IND0041201020240100932,20_10_2024_13_59_13,non_mining,truck,1,4,True,"['non_mining', 'non_mining', 'non_mining']","['truck', 'truck', 'truck']",No,non_mining
2086,IND0041201020240200110,20_10_2024_02_40_58,Not_Found,truck,2,1,False,"['Not_Found', 'Not_Found', 'Not_Found']","['truck', 'truck', 'truck', 'truck', 'truck', 'truck', 'truck', 'truck', 'truck']",No,mining_full
2087,IND0041201020240100714,20_10_2024_11_35_35,non_mining,truck,1,4,True,"['non_mining', 'non_mining', 'non_mining']","['truck', 'truck', 'truck']",No,non_mining
2088,IND0041201020240100121,20_10_2024_01_53_34,Not_Found,truck,1,4,True,"['Not_Found', 'Not_Found', 'Not_Found']","['truck', 'truck', 'truck']",No,covered
2089,IND0041201020240101609,20_10_2024_21_57_37,Not_Found,truck,1,4,True,"['Not_Found', 'Not_Found', 'Not_Found']","['truck', 'truck', 'truck']",No,covered
2090,IND0041201020240200476,20_10_2024_12_17_26,Not_Found,mini_truck,2,4,True,"['Not_Found', 'Not_Found', 'Not_Found']","['mini_truck', 'mini_truck', 'mini_truck']",No,non_mining
2091,IND0041201020240100764,20_10_2024_12_11_40,Not_Found,hywa,1,3,True,"['Not_Found', 'Not_Found']","['hywa', 'hywa']",No,mining_full
2092,IND0041201020240101144,20_10_2024_16_17_36,non_mining,truck,1,4,True,"['non_mining', 'non_mining', 'non_mining']","['truck', 'truck', 'truck']",No,non_mining
2093,IND0041201020240101243,20_10_2024_17_24_18,non_mining,mini_truck,1,3,True,"['non_mining', 'covered']","['mini_truck', 'mini_truck']",No,non_mining
2094,IND0041201020240200839,20_10_2024_22_27_40,non_mining,truck,2,1,False,['non_mining'],['truck'],Yes,non_mining
2095,IND0041201020240200826,20_10_2024_21_57_39,non_mining,truck,2,2,False,"['non_mining', 'non_mining', 'non_mining']","['truck', 'truck', 'truck', 'truck', 'truck', 'truck']",No,non_mining
2096,IND0041201020240101604,20_10_2024_21_53_51,Not_Found,truck,1,1,False,"['Not_Found', 'Not_Found', 'Not_Found']","['truck', 'truck', 'truck', 'truck', 'truck', 'truck']",No,non_mining
2097,IND0041201020240200672,20_10_2024_17_41_49,Not_Found,truck,2,4,True,"['Not_Found', 'Not_Found', 'Not_Found']","['truck', 'truck', 'truck']",No,covered
2098,IND0041201020240100059,20_10_2024_00_55_13,Not_Found,mini_truck,1,4,True,"['Not_Found', 'Not_Found', 'Not_Found']","['mini_truck', 'mini_truck', 'mini_truck']",No,covered
2099,IND0041201020240100052,20_10_2024_00_49_42,Not_Found,truck,1,4,True,"['Not_Found', 'Not_Found', 'Not_Found']","['truck', 'truck', 'truck']",No,non_mining
2100,IND0041201020240101299,20_10_2024_18_10_47,Not_Found,truck,1,4,True,"['Not_Found', 'Not_Found', 'Not_Found']","['truck', 'truck', 'truck']",No,non_mining
2101,IND0041201020240200017,20_10_2024_00_19_48,non_mining,mini_truck,2,4,True,"['non_mining', 'non_mining', 'non_mining']","['mini_truck', 'mini_truck', 'mini_truck']",No,non_mining
2102,IND0041201020240100252,20_10_2024_05_05_36,Not_Found,truck,1,1,False,"['Not_Found', 'Not_Found', 'Not_Found']","['truck', 'truck', 'truck', 'truck', 'truck', 'truck']",No,non_mining
2103,IND0041201020240101489,20_10_2024_20_22_36,Not_Found,truck,1,4,True,"['Not_Found', 'Not_Found', 'Not_Found']","['truck', 'truck', 'truck']",No,non_mining
2104,IND0041201020240200764,20_10_2024_19_47_19,Not_Found,truck,2,4,True,"['Not_Found', 'Not_Found', 'Not_Found']","['truck', 'truck', 'truck']",No,covered
2105,IND0041201020240200303,20_10_2024_08_17_32,non_mining,truck,2,3,True,"['non_mining', 'non_mining']","['truck', 'truck']",No,non_mining
2106,IND0041201020240101113,20_10_2024_15_55_00,Not_Found,truck,1,4,True,"['Not_Found', 'Not_Found', 'covered']","['truck', 'truck', 'truck']",No,covered
2107,IND0041201020240100117,20_10_2024_01_48_49,Not_Found,truck,1,1,False,['Not_Found'],['truck'],No,mining_full
2108,IND0041201020240200469,20_10_2024_12_11_34,Not_Found,truck,2,4,True,"['Not_Found', 'Not_Found', 'Not_Found']","['truck', 'truck', 'truck']",No,non_mining
2109,IND0041201020240100323,20_10_2024_06_55_59,covered,truck,1,4,True,"['covered', 'covered', 'covered']","['truck', 'truck', 'truck']",No,covered
2110,IND0041201020240100086,20_10_2024_01_14_24,Not_Found,truck,1,1,False,['Not_Found'],['truck'],Yes,non_mining
2111,IND0041201020240100537,20_10_2024_09_24_18,covered,mini_truck,1,4,True,"['covered', 'covered', 'covered']","['mini_truck', 'mini_truck', 'mini_truck']",No,covered
2112,IND0041201020240101122,20_10_2024_16_00_03,non_mining,truck,1,4,True,"['non_mining', 'non_mining', 'non_mining']","['truck', 'truck', 'truck']",No,non_mining
2113,IND0041201020240200391,20_10_2024_10_28_12,non_mining,truck,2,4,True,"['Not_Found', 'non_mining', 'non_mining']","['truck', 'truck', 'truck']",No,non_mining
2114,IND0041201020240100866,20_10_2024_13_08_29,Not_Found,truck,1,4,True,"['Not_Found', 'Not_Found', 'non_mining']","['truck', 'truck', 'truck']",No,non_mining
2115,IND0041201020240200014,20_10_2024_00_12_55,Not_Found,truck,2,1,False,"['Not_Found', 'Not_Found', 'Not_Found']","['truck', 'truck', 'truck', 'truck']",No,covered
2116,IND0041201020240100282,20_10_2024_06_21_55,covered,truck,1,4,True,"['covered', 'covered', 'Not_Found']","['truck', 'truck', 'truck', 'truck', 'truck']",No,mining_full
2117,IND0041201020240101670,20_10_2024_22_51_24,Not_Found,truck,1,3,False,"['Not_Found', 'Not_Found', 'Not_Found']","['truck', 'truck', 'truck', 'truck', 'truck', 'truck', 'truck', 'truck', 'truck']",No,covered
2118,IND0041201020240200076,20_10_2024_01_36_11,Not_Found,mini_truck,2,1,False,"['Not_Found', 'Not_Found', 'non_mining']","['mini_truck', 'mini_truck', 'mini_truck']",No,non_mining
2119,IND0041201020240100292,20_10_2024_06_30_01,non_mining,truck,1,4,True,"['Not_Found', 'non_mining', 'non_mining']","['truck', 'truck', 'truck']",No,non_mining
2120,IND0041201020240200070,20_10_2024_01_32_24,Not_Found,truck,2,1,False,"['Not_Found', 'Not_Found', 'Not_Found']","['truck', 'truck', 'truck', 'truck', 'truck', 'truck', 'truck', 'truck']",No,covered
2121,IND0041201020240100506,20_10_2024_09_04_51,Not_Found,truck,1,4,True,"['Not_Found', 'Not_Found', 'Not_Found']","['truck', 'truck', 'truck']",No,covered
2122,IND0041201020240101104,20_10_2024_15_51_13,non_mining,mini_truck,1,4,True,"['non_mining', 'non_mining', 'non_mining']","['mini_truck', 'mini_truck', 'mini_truck']",No,non_mining
2123,IND0041201020240100756,20_10_2024_12_06_45,non_mining,truck,1,4,True,"['Not_Found', 'non_mining', 'non_mining']","['truck', 'truck', 'truck']",No,non_mining
2124,IND0041201020240100510,20_10_2024_09_06_27,Not_Found,truck,1,4,True,"['Not_Found', 'Not_Found', 'non_mining']","['truck', 'truck', 'truck']",No,covered
2125,IND0041201020240200569,20_10_2024_14_26_33,Not_Found,tractor,2,4,True,"['Not_Found', 'Not_Found', 'Not_Found']","['tractor', 'tractor', 'tractor']",No,non_mining
2126,IND0041201020240100569,20_10_2024_09_49_38,Not_Found,truck,1,4,True,"['Not_Found', 'Not_Found', 'Not_Found']","['truck', 'truck', 'truck']",No,covered
2127,IND0041201020240101200,20_10_2024_16_58_45,Not_Found,mini_truck,1,3,False,"['Not_Found', 'Not_Found']","['mini_truck', 'mini_truck']",Yes,non_mining
2128,IND0041201020240101324,20_10_2024_18_24_02,Not_Found,mini_truck,1,1,False,"['Not_Found', 'Not_Found']","['mini_truck', 'mini_truck']",No,non_mining
2129,IND0041201020240101267,20_10_2024_17_42_12,Not_Found,truck,1,4,True,"['Not_Found', 'Not_Found', 'non_mining']","['truck', 'truck', 'truck']",No,non_mining
2130,IND0041201020240101483,20_10_2024_20_20_37,Not_Found,truck,1,4,True,"['Not_Found', 'Not_Found', 'Not_Found']","['truck', 'truck', 'truck']",No,non_mining
2131,IND0041201020240200229,20_10_2024_05_17_14,Not_Found,truck,2,1,False,"['Not_Found', 'Not_Found', 'Not_Found']","['truck', 'truck', 'truck', 'truck', 'truck', 'truck', 'truck', 'truck']",No,non_mining
2132,IND0041201020240100984,20_10_2024_14_38_22,non_mining,truck,1,4,True,"['Not_Found', 'non_mining', 'non_mining']","['truck', 'truck', 'truck']",No,non_mining
2133,IND0041201020240100963,20_10_2024_14_22_43,Not_Found,truck,1,4,True,"['Not_Found', 'Not_Found', 'Not_Found']","['truck', 'truck', 'hywa']",No,mining_full
2134,IND0041201020240200734,20_10_2024_19_00_27,Not_Found,truck,2,1,False,"['Not_Found', 'Not_Found', 'Not_Found']","['truck', 'truck', 'truck', 'truck', 'truck', 'truck', 'truck', 'truck', 'truck', 'truck', 'truck']",No,non_mining
2135,IND0041201020240200637,20_10_2024_16_48_32,non_mining,truck,2,4,True,"['Not_Found', 'non_mining', 'non_mining']","['truck', 'truck', 'truck']",No,non_mining
2136,IND0041201020240100630,20_10_2024_10_38_14,non_mining,truck,1,4,True,"['non_mining', 'non_mining', 'non_mining']","['truck', 'truck', 'truck']",No,non_mining
2137,IND0041201020240100066,20_10_2024_01_01_04,Not_Found,truck,1,2,False,['Not_Found'],['truck'],No,
2138,IND0041201020240200478,20_10_2024_12_20_01,non_mining,truck,2,4,True,"['Not_Found', 'non_mining', 'non_mining']","['truck', 'truck', 'truck']",No,non_mining
2139,IND0041201020240101521,20_10_2024_20_39_14,Not_Found,truck,1,4,True,"['Not_Found', 'Not_Found', 'Not_Found']","['truck', 'truck', 'truck']",No,non_mining
2140,IND0041201020240100391,20_10_2024_07_59_43,non_mining,truck,1,4,True,"['non_mining', 'non_mining', 'non_mining']","['truck', 'truck', 'truck']",No,non_mining
2141,IND0041201020240200206,20_10_2024_04_47_07,Not_Found,truck,2,4,True,"['Not_Found', 'Not_Found', 'Not_Found']","['truck', 'truck', 'truck']",No,covered
2142,IND0041201020240100824,20_10_2024_12_45_41,non_mining,truck,1,4,True,"['non_mining', 'non_mining', 'non_mining']","['truck', 'truck', 'truck']",No,non_mining
2143,IND0041201020240100438,20_10_2024_08_27_08,Not_Found,hywa,1,2,True,['Not_Found'],['hywa'],No,mining_full
2144,IND0041201020240200263,20_10_2024_06_30_14,covered,truck,2,4,True,"['covered', 'covered', 'covered']","['truck', 'truck', 'truck']",No,covered
2145,IND0041201020240100545,20_10_2024_09_27_44,non_mining,truck,1,4,True,"['Not_Found', 'non_mining', 'non_mining']","['truck', 'truck', 'truck']",No,non_mining
2146,IND0041201020240100946,20_10_2024_14_07_34,Not_Found,truck,1,4,True,"['Not_Found', 'Not_Found', 'Not_Found']","['truck', 'truck', 'truck']",No,covered
2147,IND0041201020240200340,20_10_2024_09_03_44,non_mining,truck,2,4,True,"['non_mining', 'non_mining', 'non_mining']","['truck', 'truck', 'truck']",No,non_mining
2148,IND0041201020240200639,20_10_2024_16_52_48,non_mining,truck,2,4,True,"['non_mining', 'non_mining', 'non_mining']","['truck', 'truck', 'truck']",No,non_mining
2149,IND0041201020240200745,20_10_2024_19_11_47,Not_Found,mini_truck,2,1,False,['Not_Found'],['mini_truck'],No,Not_Found
2150,IND0041201020240100159,20_10_2024_02_44_17,Not_Found,truck,1,4,True,"['Not_Found', 'Not_Found', 'Not_Found']","['truck', 'truck', 'truck']",No,mining_full
2151,IND0041201020240101625,20_10_2024_22_12_36,Not_Found,truck,1,4,True,"['Not_Found', 'Not_Found', 'Not_Found']","['truck', 'truck', 'truck']",No,non_mining
2152,IND0041201020240101271,20_10_2024_17_43_40,Not_Found,truck,1,1,False,"['Not_Found', 'non_mining', 'covered']","['truck', 'truck', 'truck', 'truck', 'truck', 'truck', 'truck', 'truck', 'truck', 'truck', 'truck']",No,Not_Found
2153,IND0041201020240200810,20_10_2024_21_26_20,Not_Found,truck,2,4,True,"['Not_Found', 'Not_Found', 'Not_Found']","['truck', 'truck', 'truck']",No,covered
2154,IND0041201020240200423,20_10_2024_11_12_11,non_mining,mini_truck,2,4,True,"['non_mining', 'non_mining', 'non_mining']","['mini_truck', 'mini_truck', 'mini_truck']",No,non_mining
2155,IND0041201020240200596,20_10_2024_15_21_17,non_mining,truck,2,4,True,"['non_mining', 'non_mining', 'non_mining']","['truck', 'truck', 'truck']",No,non_mining
2156,IND0041201020240200153,20_10_2024_03_33_25,Not_Found,truck,2,4,True,"['Not_Found', 'Not_Found', 'Not_Found']","['truck', 'truck', 'truck']",No,covered
2157,IND0041201020240100595,20_10_2024_10_09_45,non_mining,truck,1,4,True,"['Not_Found', 'non_mining', 'non_mining']","['truck', 'truck', 'truck']",No,non_mining
2158,IND0041201020240101310,20_10_2024_18_19_59,Not_Found,mini_truck,1,4,True,"['Not_Found', 'Not_Found', 'Not_Found']","['mini_truck', 'mini_truck', 'mini_truck']",No,non_mining
2159,IND0041201020240200190,20_10_2024_04_24_37,Not_Found,truck,2,4,True,"['Not_Found', 'Not_Found', 'Not_Found']","['truck', 'truck', 'truck']",No,non_mining
2160,IND0041201020240101150,20_10_2024_16_25_02,non_mining,truck,1,4,True,"['non_mining', 'non_mining', 'non_mining']","['truck', 'truck', 'truck']",No,non_mining
2161,IND0041201020240100268,20_10_2024_05_44_38,Not_Found,truck,1,4,True,"['Not_Found', 'Not_Found', 'Not_Found']","['truck', 'truck', 'truck']",No,non_mining
2162,IND0041201020240200138,20_10_2024_03_16_10,Not_Found,truck,2,4,True,"['Not_Found', 'Not_Found', 'Not_Found']","['truck', 'truck', 'truck']",No,non_mining
2163,IND0041201020240101078,20_10_2024_15_32_10,non_mining,truck,1,4,True,"['non_mining', 'non_mining', 'non_mining']","['truck', 'truck', 'truck']",No,non_mining
2164,IND0041201020240200505,20_10_2024_12_57_34,non_mining,truck,2,4,True,"['non_mining', 'non_mining', 'non_mining']","['truck', 'truck', 'truck']",No,non_mining
2165,IND0041201020240200711,20_10_2024_18_33_40,Not_Found,truck,2,4,True,"['Not_Found', 'Not_Found', 'non_mining']","['truck', 'truck', 'truck']",No,non_mining
2166,IND0041201020240100625,20_10_2024_10_35_21,Not_Found,hywa,1,1,False,"['Not_Found', 'Not_Found']","['hywa', 'hywa']",Yes,mining_full
2167,IND0041201020240101427,20_10_2024_19_40_58,Not_Found,truck,1,4,True,"['Not_Found', 'Not_Found', 'Not_Found']","['truck', 'truck', 'truck']",No,non_mining
2168,IND0041201020240200443,20_10_2024_11_37_55,covered,truck,2,4,True,"['non_mining', 'covered', 'covered']","['truck', 'truck', 'truck']",No,covered
2169,IND0041201020240101032,20_10_2024_15_01_50,non_mining,truck,1,4,True,"['non_mining', 'non_mining', 'non_mining']","['truck', 'truck', 'truck']",No,non_mining
2170,IND0041201020240101008,20_10_2024_14_53_21,non_mining,truck,1,4,True,"['non_mining', 'non_mining', 'non_mining']","['truck', 'truck', 'truck']",No,non_mining
2171,IND0041201020240200538,20_10_2024_13_43_23,non_mining,mini_truck,2,4,True,"['non_mining', 'non_mining', 'non_mining']","['mini_truck', 'mini_truck', 'mini_truck']",Yes,non_mining
2172,IND0041201020240101102,20_10_2024_15_49_29,non_mining,truck,1,4,True,"['non_mining', 'non_mining', 'non_mining']","['truck', 'truck', 'truck']",No,non_mining
2173,IND0041201020240200141,20_10_2024_03_20_34,Not_Found,mini_truck,2,2,False,"['Not_Found', 'Not_Found', 'Not_Found']","['mini_truck', 'mini_truck', 'mini_truck']",No,non_mining
2174,IND0041201020240101706,20_10_2024_23_38_02,Not_Found,truck,1,4,True,"['Not_Found', 'Not_Found', 'Not_Found']","['truck', 'truck', 'truck']",No,non_mining
2175,IND0041201020240101553,20_10_2024_21_09_36,Not_Found,truck,1,4,True,"['Not_Found', 'Not_Found', 'Not_Found']","['truck', 'truck', 'truck']",No,non_mining
2176,IND0041201020240101396,20_10_2024_19_17_24,Not_Found,truck,1,1,False,"['Not_Found', 'Not_Found', 'Not_Found']","['truck', 'truck', 'truck', 'truck', 'truck', 'truck', 'truck']",No,covered
2177,IND0041201020240200377,20_10_2024_09_49_20,non_mining,mini_truck,2,4,True,"['non_mining', 'non_mining', 'non_mining']","['mini_truck', 'mini_truck', 'mini_truck']",No,non_mining
2178,IND0041201020240200424,20_10_2024_11_12_30,non_mining,truck,2,4,True,"['non_mining', 'non_mining', 'non_mining']","['truck', 'truck', 'truck']",No,non_mining
2179,IND0041201020240200173,20_10_2024_04_00_39,Not_Found,truck,2,3,False,"['Not_Found', 'Not_Found', 'Not_Found']","['truck', 'truck', 'truck', 'truck', 'truck', 'truck', 'truck', 'truck', 'truck']",No,covered
2180,IND0041201020240100446,20_10_2024_08_33_37,non_mining,truck,1,1,False,"['Not_Found', 'non_mining', 'non_mining']","['truck', 'truck', 'truck', 'truck', 'truck']",No,mining_full
2181,IND0041201020240200868,20_10_2024_23_15_19,Not_Found,truck,2,1,False,"['Not_Found', 'Not_Found', 'Not_Found']","['truck', 'truck', 'truck', 'truck']",No,non_mining
2182,IND0041201020240101230,20_10_2024_17_17_10,Not_Found,truck,1,3,True,"['Not_Found', 'Not_Found']","['truck', 'truck']",No,covered
2183,IND0041201020240101194,20_10_2024_16_56_47,Not_Found,hywa,1,4,True,"['Not_Found', 'Not_Found', 'mining_full']","['hywa', 'hywa', 'hywa']",No,mining_full
2184,IND0041201020240100766,20_10_2024_12_13_21,non_mining,mini_truck,1,4,True,"['non_mining', 'non_mining', 'non_mining']","['mini_truck', 'mini_truck', 'mini_truck']",No,non_mining
2185,IND0041201020240100016,20_10_2024_00_20_50,Not_Found,truck,1,1,False,"['Not_Found', 'Not_Found', 'Not_Found']","['truck', 'truck', 'truck', 'truck', 'truck', 'truck']",No,mining_full
2186,IND0041201020240200130,20_10_2024_03_05_11,Not_Found,truck,2,4,True,"['Not_Found', 'Not_Found', 'Not_Found']","['truck', 'truck', 'truck']",No,covered
2187,IND0041201020240100658,20_10_2024_10_51_42,non_mining,truck,1,4,True,"['Not_Found', 'non_mining', 'non_mining']","['truck', 'truck', 'truck']",No,non_mining
2188,IND0041201020240100562,20_10_2024_09_41_11,Not_Found,hywa,1,1,False,['Not_Found'],['hywa'],Yes,mining_full
2189,IND0041201020240100732,20_10_2024_11_47_27,Not_Found,hywa,1,4,True,"['Not_Found', 'Not_Found', 'Not_Found']","['hywa', 'hywa', 'hywa']",No,mining_full
2190,IND0041201020240101527,20_10_2024_20_45_04,Not_Found,truck,1,1,False,"['Not_Found', 'Not_Found', 'Not_Found']","['truck', 'truck', 'truck', 'truck', 'truck', 'truck', 'truck', 'truck', 'truck']",No,covered
2191,IND0041201020240100828,20_10_2024_12_47_02,non_mining,mini_truck,1,4,True,"['non_mining', 'non_mining', 'non_mining']","['mini_truck', 'mini_truck', 'mini_truck']",No,non_mining
2192,IND0041201020240200479,20_10_2024_12_23_32,non_mining,tractor,2,4,True,"['Not_Found', 'non_mining', 'non_mining']","['tractor', 'tractor', 'tractor', 'tractor']",No,non_mining
2193,IND0041201020240100220,20_10_2024_04_16_08,Not_Found,truck,1,4,True,"['Not_Found', 'Not_Found', 'Not_Found']","['truck', 'truck', 'truck']",No,covered
2194,IND0041201020240101149,20_10_2024_16_24_04,Not_Found,truck,1,4,True,"['Not_Found', 'Not_Found', 'non_mining']","['truck', 'truck', 'truck']",No,non_mining
2195,IND0041201020240100245,20_10_2024_04_45_20,Not_Found,truck,1,4,True,"['Not_Found', 'Not_Found', 'Not_Found']","['truck', 'truck', 'truck']",No,covered
2196,IND0041201020240100748,20_10_2024_12_02_52,Not_Found,hywa,1,4,True,"['Not_Found', 'Not_Found', 'Not_Found']","['truck', 'hywa', 'hywa']",No,mining_full
2197,IND0041201020240100085,20_10_2024_01_14_23,Not_Found,truck,1,4,True,"['Not_Found', 'Not_Found', 'Not_Found']","['truck', 'truck', 'truck']",No,non_mining
2198,IND0041201020240101226,20_10_2024_17_15_45,non_mining,truck,1,4,True,"['Not_Found', 'non_mining', 'non_mining']","['truck', 'truck', 'truck']",No,non_mining
2199,IND0041201020240100355,20_10_2024_07_23_06,non_mining,truck,1,4,True,"['non_mining', 'non_mining', 'non_mining']","['truck', 'truck', 'truck']",No,non_mining
2200,IND0041201020240101430,20_10_2024_19_42_33,Not_Found,truck,1,1,False,"['Not_Found', 'Not_Found', 'Not_Found']","['truck', 'truck', 'truck', 'truck', 'truck', 'truck']",No,mining_full
2201,IND0041201020240100693,20_10_2024_11_17_57,non_mining,truck,1,3,False,"['non_mining', 'non_mining', 'non_mining']","['truck', 'truck', 'truck', 'truck', 'truck', 'truck']",No,non_mining
2202,IND0041201020240200560,20_10_2024_14_04_44,Not_Found,mini_truck,2,1,False,"['Not_Found', 'Not_Found']","['mini_truck', 'mini_truck']",No,Not_Found
2203,IND0041201020240100952,20_10_2024_14_15_18,Not_Found,truck,1,4,True,"['Not_Found', 'Not_Found', 'Not_Found']","['truck', 'truck', 'truck']",No,covered
2204,IND0041201020240100179,20_10_2024_03_13_13,Not_Found,truck,1,4,True,"['Not_Found', 'Not_Found', 'Not_Found']","['truck', 'truck', 'truck']",No,mining_full
2205,IND0041201020240101327,20_10_2024_18_24_42,Not_Found,truck,1,1,False,"['Not_Found', 'Not_Found', 'Not_Found']","['truck', 'truck', 'truck']",Yes,covered
2206,IND0041201020240200019,20_10_2024_00_22_52,Not_Found,truck,2,4,True,"['Not_Found', 'Not_Found', 'Not_Found']","['truck', 'truck', 'truck']",No,Not_Found
2207,IND0041201020240100213,20_10_2024_04_03_06,Not_Found,truck,1,3,True,"['Not_Found', 'Not_Found']","['truck', 'truck']",No,mining_empty
2208,IND0041201020240100953,20_10_2024_14_15_37,non_mining,truck,1,4,True,"['Not_Found', 'non_mining', 'non_mining']","['truck', 'truck', 'truck']",No,non_mining
2209,IND0041201020240200799,20_10_2024_20_40_49,non_mining,mini_truck,2,2,False,"['Not_Found', 'non_mining', 'non_mining']","['mini_truck', 'mini_truck', 'mini_truck', 'mini_truck', 'mini_truck', 'mini_truck']",No,non_mining
2210,IND0041201020240200283,20_10_2024_07_18_54,non_mining,truck,2,1,False,"['non_mining', 'non_mining', 'non_mining']","['truck', 'truck', 'truck', 'truck', 'truck', 'truck', 'truck', 'truck']",No,non_mining
2211,IND0041201020240200554,20_10_2024_13_59_57,non_mining,truck,2,4,True,"['non_mining', 'non_mining', 'non_mining']","['truck', 'truck', 'truck']",No,non_mining
2212,IND0041201020240101577,20_10_2024_21_26_51,Not_Found,truck,1,1,False,"['Not_Found', 'Not_Found', 'Not_Found']","['truck', 'truck', 'truck', 'truck', 'truck', 'truck', 'truck', 'truck', 'truck']",No,non_mining
2213,IND0041201020240100127,20_10_2024_01_59_57,Not_Found,truck,1,4,True,"['Not_Found', 'Not_Found', 'Not_Found']","['truck', 'truck', 'truck']",No,non_mining
2214,IND0041201020240100547,20_10_2024_09_28_02,Not_Found,truck,1,3,True,"['Not_Found', 'covered']","['truck', 'truck']",No,covered
2215,IND0041201020240200381,20_10_2024_09_58_45,Not_Found,truck,2,4,True,"['Not_Found', 'Not_Found', 'Not_Found']","['truck', 'truck', 'truck']",No,non_mining
2216,IND0041201020240100330,20_10_2024_06_58_59,Not_Found,hywa,1,1,False,"['Not_Found', 'Not_Found', 'covered']","['hywa', 'hywa', 'hywa', 'hywa', 'hywa', 'hywa']",No,covered
2217,IND0041201020240200864,20_10_2024_23_10_45,Not_Found,truck,2,4,True,"['Not_Found', 'Not_Found', 'Not_Found']","['truck', 'truck', 'truck']",No,covered
2218,IND0041201020240101209,20_10_2024_17_02_59,non_mining,truck,1,4,True,"['non_mining', 'non_mining', 'non_mining']","['truck', 'truck', 'truck']",No,non_mining
2219,IND0041201020240200021,20_10_2024_00_28_58,Not_Found,truck,2,4,True,"['Not_Found', 'Not_Found', 'Not_Found']","['truck', 'truck', 'truck']",No,Not_Found
2220,IND0041201020240200887,20_10_2024_23_49_44,Not_Found,mini_truck,2,4,True,"['Not_Found', 'Not_Found', 'non_mining']","['mini_truck', 'mini_truck', 'mini_truck']",No,non_mining
2221,IND0041201020240200471,20_10_2024_12_13_56,non_mining,truck,2,4,True,"['Not_Found', 'non_mining', 'non_mining']","['truck', 'truck', 'truck']",No,non_mining
2222,IND0041201020240200062,20_10_2024_01_23_14,Not_Found,truck,2,4,True,"['Not_Found', 'Not_Found', 'Not_Found']","['truck', 'truck', 'truck']",No,covered
2223,IND0041201020240100418,20_10_2024_08_13_44,non_mining,truck,1,4,True,"['non_mining', 'non_mining', 'non_mining']","['truck', 'truck', 'truck']",No,non_mining
2224,IND0041201020240100028,20_10_2024_00_27_44,Not_Found,truck,1,2,False,"['Not_Found', 'Not_Found', 'Not_Found']","['truck', 'truck', 'truck', 'truck', 'truck', 'truck']",No,covered
2225,IND0041201020240200399,20_10_2024_10_38_23,non_mining,truck,2,4,True,"['non_mining', 'non_mining', 'non_mining']","['truck', 'truck', 'truck']",No,non_mining
2226,IND0041201020240200856,20_10_2024_22_53_00,Not_Found,truck,2,4,True,"['Not_Found', 'Not_Found', 'non_mining']","['truck', 'truck', 'truck']",No,non_mining
2227,IND0041201020240100640,20_10_2024_10_42_37,non_mining,truck,1,4,True,"['non_mining', 'non_mining', 'non_mining']","['truck', 'truck', 'truck']",No,non_mining
2228,IND0041201020240101486,20_10_2024_20_22_05,Not_Found,mini_truck,1,4,True,"['Not_Found', 'Not_Found', 'Not_Found']","['mini_truck', 'mini_truck', 'mini_truck', 'mini_truck', 'mini_truck']",No,non_mining
2229,IND0041201020240100416,20_10_2024_08_13_07,Not_Found,hywa,1,4,True,"['Not_Found', 'Not_Found', 'mining_full']","['hywa', 'hywa', 'hywa']",No,mining_full
2230,IND0041201020240200259,20_10_2024_06_24_05,Not_Found,truck,2,1,False,"['Not_Found', 'Not_Found', 'non_mining']","['truck', 'truck', 'truck']",No,covered
2231,IND0041201020240200380,20_10_2024_09_58_32,Not_Found,mini_truck,2,1,False,"['Not_Found', 'Not_Found', 'Not_Found']","['mini_truck', 'mini_truck', 'mini_truck']",No,non_mining
2232,IND0041201020240100192,20_10_2024_03_26_56,Not_Found,truck,1,4,True,"['Not_Found', 'Not_Found', 'Not_Found']","['truck', 'truck', 'truck', 'truck', 'truck']",No,non_mining
2233,IND0041201020240100527,20_10_2024_09_19_36,non_mining,truck,1,4,True,"['non_mining', 'Not_Found', 'covered']","['truck', 'truck', 'truck']",No,non_mining
2234,IND0041201020240200287,20_10_2024_07_23_43,non_mining,truck,2,4,True,"['non_mining', 'non_mining', 'non_mining']","['truck', 'truck', 'truck']",No,non_mining
2235,IND0041201020240100767,20_10_2024_12_13_51,covered,mini_truck,1,4,True,"['covered', 'covered', 'covered']","['mini_truck', 'mini_truck', 'mini_truck']",No,covered
2236,IND0041201020240100184,20_10_2024_03_18_10,Not_Found,mini_truck,1,4,True,"['Not_Found', 'Not_Found', 'Not_Found']","['mini_truck', 'mini_truck', 'mini_truck']",No,covered
2237,IND0041201020240200735,20_10_2024_19_00_57,Not_Found,truck,2,1,False,"['Not_Found', 'Not_Found', 'Not_Found']","['truck', 'truck', 'truck', 'truck']",No,covered
2238,IND0041201020240101651,20_10_2024_22_39_51,Not_Found,truck,1,4,True,"['Not_Found', 'Not_Found', 'Not_Found']","['truck', 'truck', 'truck']",No,non_mining
2239,IND0041201020240101451,20_10_2024_19_57_53,Not_Found,truck,1,1,False,"['Not_Found', 'Not_Found', 'Not_Found']","['truck', 'truck', 'truck', 'truck', 'truck', 'truck', 'truck', 'truck']",No,covered
2240,IND0041201020240101485,20_10_2024_20_21_42,Not_Found,truck,1,4,True,"['Not_Found', 'Not_Found', 'Not_Found']","['truck', 'truck', 'truck']",No,Not_Found
2241,IND0041201020240200088,20_10_2024_02_04_12,Not_Found,truck,2,3,False,"['Not_Found', 'Not_Found', 'Not_Found']","['truck', 'truck', 'truck', 'truck', 'truck', 'truck', 'truck', 'truck']",No,mining_full
2242,IND0041201020240100717,20_10_2024_11_37_44,covered,mini_truck,1,4,True,"['covered', 'covered', 'covered']","['mini_truck', 'mini_truck', 'mini_truck']",No,covered
2243,IND0041201020240101552,20_10_2024_21_07_15,non_mining,truck,1,3,False,"['Not_Found', 'non_mining', 'non_mining']","['truck', 'truck', 'truck', 'truck', 'truck']",No,non_mining
2244,IND0041201020240101052,20_10_2024_15_16_46,non_mining,truck,1,4,True,"['Not_Found', 'non_mining', 'non_mining']","['truck', 'truck', 'truck']",No,non_mining
2245,IND0041201020240100538,20_10_2024_09_24_53,Not_Found,truck,1,4,True,"['Not_Found', 'Not_Found', 'non_mining']","['truck', 'truck', 'truck']",No,non_mining
2246,IND0041201020240200009,20_10_2024_00_09_02,Not_Found,truck,2,2,False,['Not_Found'],['truck'],Yes,mining_full
2247,IND0041201020240100914,20_10_2024_13_46_11,non_mining,truck,1,4,True,"['non_mining', 'non_mining', 'mining_empty']","['truck', 'truck', 'truck']",No,non_mining
2248,IND0041201020240200513,20_10_2024_13_08_22,non_mining,truck,2,4,True,"['non_mining', 'non_mining', 'non_mining']","['truck', 'truck', 'truck']",No,non_mining
2249,IND0041201020240200317,20_10_2024_08_41_48,Not_Found,hywa,2,4,True,"['Not_Found', 'Not_Found', 'mining_full']","['hywa', 'hywa', 'hywa']",No,mining_full
2250,IND0041201020240101039,20_10_2024_15_08_49,Not_Found,truck,1,2,False,['Not_Found'],['truck'],No,mining_full
2251,IND0041201020240100287,20_10_2024_06_26_50,non_mining,mini_truck,1,2,False,"['non_mining', 'non_mining', 'non_mining']","['mini_truck', 'mini_truck', 'mini_truck', 'mini_truck', 'mini_truck', 'mini_truck', 'mini_truck', 'mini_truck']",No,non_mining
2252,IND0041201020240200694,20_10_2024_18_10_43,Not_Found,truck,2,3,False,"['Not_Found', 'Not_Found', 'Not_Found']","['truck', 'truck', 'truck', 'truck', 'truck', 'truck', 'truck']",No,non_mining
2253,IND0041201020240100616,20_10_2024_10_29_58,Not_Found,truck,1,3,True,"['Not_Found', 'non_mining']","['truck', 'truck']",No,covered
2254,IND0041201020240100628,20_10_2024_10_37_47,non_mining,truck,1,4,True,"['non_mining', 'non_mining', 'non_mining']","['truck', 'truck', 'truck']",No,non_mining
2255,IND0041201020240200434,20_10_2024_11_25_08,covered,mini_truck,2,4,True,"['covered', 'covered', 'covered']","['mini_truck', 'mini_truck', 'mini_truck']",No,covered
2256,IND0041201020240101440,20_10_2024_19_51_20,Not_Found,mini_truck,1,4,True,"['Not_Found', 'Not_Found', 'Not_Found']","['mini_truck', 'mini_truck', 'mini_truck']",No,Not_Found
2257,IND0041201020240100811,20_10_2024_12_39_03,non_mining,truck,1,4,True,"['non_mining', 'non_mining', 'non_mining']","['truck', 'truck', 'truck']",No,non_mining
2258,IND0041201020240101671,20_10_2024_22_52_19,Not_Found,truck,1,4,True,"['Not_Found', 'Not_Found', 'Not_Found']","['truck', 'truck', 'truck']",No,non_mining
2259,IND0041201020240100131,20_10_2024_02_11_47,Not_Found,truck,1,3,True,"['Not_Found', 'Not_Found']","['truck', 'truck']",No,mining_full
2260,IND0041201020240100072,20_10_2024_01_04_41,Not_Found,truck,1,3,True,"['Not_Found', 'Not_Found']","['truck', 'truck']",No,
2261,IND0041201020240100114,20_10_2024_01_45_33,Not_Found,mini_truck,1,4,True,"['non_mining', 'Not_Found', 'Not_Found']","['mini_truck', 'mini_truck', 'mini_truck']",No,Not_Found
2262,IND0041201020240100966,20_10_2024_14_25_00,Not_Found,truck,1,4,True,"['Not_Found', 'Not_Found', 'Not_Found']","['truck', 'truck', 'truck']",No,covered
2263,IND0041201020240200737,20_10_2024_19_02_32,Not_Found,truck,2,4,True,"['Not_Found', 'Not_Found', 'Not_Found']","['truck', 'truck', 'truck', 'truck']",No,non_mining
2264,IND0041201020240200144,20_10_2024_03_23_37,Not_Found,truck,2,1,False,"['Not_Found', 'Not_Found', 'Not_Found']","['truck', 'truck', 'truck', 'truck', 'truck', 'truck', 'truck']",No,mining_full
2265,IND0041201020240101111,20_10_2024_15_54_28,non_mining,truck,1,4,True,"['non_mining', 'Not_Found', 'covered']","['truck', 'truck', 'truck']",No,non_mining
2266,IND0041201020240101029,20_10_2024_14_59_35,Not_Found,truck,1,4,True,"['Not_Found', 'Not_Found', 'Not_Found']","['truck', 'truck', 'truck']",No,covered
2267,IND0041201020240200244,20_10_2024_05_43_24,Not_Found,truck,2,4,True,"['Not_Found', 'Not_Found', 'Not_Found']","['truck', 'truck', 'truck']",No,covered
2268,IND0041201020240100199,20_10_2024_03_43_23,Not_Found,truck,1,1,False,"['Not_Found', 'Not_Found']","['truck', 'truck']",No,non_mining
2269,IND0041201020240100400,20_10_2024_08_06_07,non_mining,mini_truck,1,4,True,"['non_mining', 'non_mining', 'non_mining']","['mini_truck', 'mini_truck', 'mini_truck']",No,non_mining
2270,IND0041201020240100883,20_10_2024_13_21_56,non_mining,truck,1,4,True,"['non_mining', 'non_mining', 'covered']","['truck', 'truck', 'truck']",No,non_mining
2271,IND0041201020240100033,20_10_2024_00_35_40,Not_Found,truck,1,3,True,"['Not_Found', 'Not_Found']","['truck', 'truck']",No,mining_full
2272,IND0041201020240100148,20_10_2024_02_35_22,Not_Found,truck,1,4,True,"['Not_Found', 'Not_Found', 'Not_Found']","['truck', 'truck', 'truck']",No,non_mining
2273,IND0041201020240100285,20_10_2024_06_23_22,Not_Found,truck,1,1,False,"['Not_Found', 'Not_Found', 'Not_Found']","['truck', 'truck', 'truck', 'truck', 'truck', 'truck']",No,covered
2274,IND0041201020240100565,20_10_2024_09_45_27,non_mining,truck,1,4,True,"['non_mining', 'non_mining', 'non_mining', 'non_mining']","['truck', 'truck', 'truck']",No,non_mining
2275,IND0041201020240101202,20_10_2024_16_59_43,covered,mini_truck,1,4,True,"['covered', 'covered', 'covered']","['mini_truck', 'mini_truck', 'mini_truck']",No,covered
2276,IND0041201020240101256,20_10_2024_17_33_41,non_mining,truck,1,2,False,['non_mining'],['truck'],No,non_mining
2277,IND0041201020240101294,20_10_2024_18_05_02,Not_Found,truck,1,4,True,"['Not_Found', 'Not_Found', 'Not_Found']","['truck', 'truck', 'truck']",No,non_mining
2278,IND0041201020240100427,20_10_2024_08_21_24,mining_full,hywa,1,1,False,"['mining_full', 'mining_full', 'mining_full']","['hywa', 'hywa', 'hywa', 'hywa', 'hywa']",No,mining_full
2279,IND0041201020240200418,20_10_2024_11_00_30,Not_Found,mini_truck,2,4,True,"['Not_Found', 'Not_Found', 'covered']","['mini_truck', 'mini_truck', 'mini_truck']",No,non_mining
2280,IND0041201020240101028,20_10_2024_14_59_08,Not_Found,mini_truck,1,4,True,"['Not_Found', 'Not_Found', 'Not_Found']","['mini_truck', 'mini_truck', 'mini_truck']",No,non_mining
2281,IND0041201020240200196,20_10_2024_04_30_50,Not_Found,truck,2,4,True,"['Not_Found', 'Not_Found', 'Not_Found']","['truck', 'truck', 'truck']",No,Not_Found
2282,IND0041201020240100794,20_10_2024_12_30_58,non_mining,mini_truck,1,4,True,"['non_mining', 'non_mining', 'non_mining']","['mini_truck', 'mini_truck', 'mini_truck']",No,non_mining
2283,IND0041201020240101587,20_10_2024_21_38_59,Not_Found,truck,1,4,True,"['Not_Found', 'Not_Found', 'Not_Found']","['truck', 'truck', 'truck']",No,covered
2284,IND0041201020240101429,20_10_2024_19_41_12,Not_Found,truck,1,1,False,['Not_Found'],['truck'],Yes,mining_empty
2285,IND0041201020240200276,20_10_2024_07_04_25,non_mining,truck,2,4,True,"['Not_Found', 'non_mining', 'non_mining']","['truck', 'truck', 'truck']",No,non_mining
2286,IND0041201020240101275,20_10_2024_17_48_07,non_mining,truck,1,4,True,"['non_mining', 'non_mining', 'non_mining']","['truck', 'truck', 'truck']",No,non_mining
2287,IND0041201020240100592,20_10_2024_10_07_28,Not_Found,truck,1,4,True,"['Not_Found', 'Not_Found', 'non_mining']","['truck', 'truck', 'truck']",No,non_mining
2288,IND0041201020240200822,20_10_2024_21_46_50,non_mining,mini_truck,2,4,True,"['non_mining', 'non_mining', 'non_mining']","['mini_truck', 'mini_truck', 'mini_truck']",No,non_mining
2289,IND0041201020240101154,20_10_2024_16_26_05,non_mining,truck,1,4,True,"['non_mining', 'non_mining', 'non_mining']","['truck', 'truck', 'truck']",No,non_mining
2290,IND0041201020240100983,20_10_2024_14_37_54,non_mining,truck,1,4,True,"['non_mining', 'non_mining', 'non_mining']","['truck', 'truck', 'truck']",No,non_mining
2291,IND0041201020240101637,20_10_2024_22_24_01,Not_Found,mini_truck,1,1,False,['Not_Found'],['mini_truck'],No,Not_Found
2292,IND0041201020240200641,20_10_2024_16_54_33,covered,tractor,2,1,False,"['covered', 'non_mining', 'covered']","['tractor', 'tractor', 'tractor', 'tractor', 'tractor', 'tractor', 'tractor', 'tractor', 'tractor', 'tractor', 'tractor', 'tractor']",No,covered
2293,IND0041201020240101232,20_10_2024_17_18_51,non_mining,truck,1,4,True,"['Not_Found', 'non_mining', 'non_mining']","['truck', 'truck', 'truck']",No,non_mining
2294,IND0041201020240100358,20_10_2024_07_26_23,Not_Found,hywa,1,4,True,"['Not_Found', 'Not_Found', 'Not_Found']","['hywa', 'hywa', 'hywa']",No,mining_full
2295,IND0041201020240100747,20_10_2024_12_02_44,non_mining,truck,1,1,False,"['Not_Found', 'non_mining', 'non_mining']","['truck', 'truck', 'truck', 'truck', 'truck', 'truck', 'truck', 'truck']",No,non_mining
2296,IND0041201020240100369,20_10_2024_07_36_58,Not_Found,truck,1,4,True,"['Not_Found', 'Not_Found', 'Not_Found']","['truck', 'truck', 'truck']",No,mining_full
2297,IND0041201020240101345,20_10_2024_18_37_57,Not_Found,truck,1,4,True,"['Not_Found', 'Not_Found', 'Not_Found']","['truck', 'truck', 'truck']",No,non_mining
2298,IND0041201020240200337,20_10_2024_09_01_59,non_mining,truck,2,4,True,"['non_mining', 'non_mining', 'non_mining']","['truck', 'truck', 'truck']",No,non_mining
2299,IND0041201020240100544,20_10_2024_09_27_18,Not_Found,truck,1,4,True,"['Not_Found', 'Not_Found', 'non_mining']","['truck', 'truck', 'truck']",No,covered
2300,IND0041201020240200660,20_10_2024_17_22_32,non_mining,truck,2,4,True,"['Not_Found', 'non_mining', 'non_mining']","['truck', 'truck', 'truck']",No,non_mining
2301,IND0041201020240100070,20_10_2024_01_04_22,Not_Found,truck,1,3,True,"['Not_Found', 'Not_Found']","['truck', 'truck']",No,
2302,IND0041201020240101668,20_10_2024_22_50_54,Not_Found,mini_truck,1,3,False,"['Not_Found', 'Not_Found']","['mini_truck', 'mini_truck']",No,non_mining
2303,IND0041201020240100902,20_10_2024_13_35_55,non_mining,truck,1,3,True,"['non_mining', 'non_mining']","['truck', 'truck']",No,non_mining
2304,IND0041201020240200674,20_10_2024_17_42_56,non_mining,truck,2,3,True,"['non_mining', 'non_mining']","['truck', 'truck']",No,non_mining
2305,IND0041201020240101342,20_10_2024_18_35_24,Not_Found,truck,1,1,False,['Not_Found'],['truck'],No,non_mining
2306,IND0041201020240200614,20_10_2024_15_55_27,Not_Found,mini_truck,2,3,True,"['Not_Found', 'Not_Found']","['mini_truck', 'mini_truck']",No,non_mining
2307,IND0041201020240200761,20_10_2024_19_44_35,Not_Found,mini_truck,2,4,True,"['Not_Found', 'Not_Found', 'Not_Found']","['mini_truck', 'mini_truck', 'mini_truck']",No,non_mining
2308,IND0041201020240200515,20_10_2024_13_10_22,Not_Found,mini_truck,2,1,False,['Not_Found'],['mini_truck'],No,non_mining
2309,IND0041201020240200371,20_10_2024_09_44_02,non_mining,truck,2,3,False,"['non_mining', 'non_mining']","['truck', 'truck']",No,non_mining
2310,IND0041201020240100516,20_10_2024_09_09_27,non_mining,truck,1,4,True,"['Not_Found', 'non_mining', 'non_mining']","['truck', 'truck', 'truck']",Yes,non_mining
2311,IND0041201020240100600,20_10_2024_10_16_54,covered,truck,1,4,True,"['non_mining', 'covered', 'covered']","['truck', 'truck', 'truck']",No,covered
2312,IND0041201020240101650,20_10_2024_22_39_40,Not_Found,truck,1,4,True,"['Not_Found', 'Not_Found', 'Not_Found']","['truck', 'truck', 'truck']",No,non_mining
2313,IND0041201020240100345,20_10_2024_07_09_14,non_mining,truck,1,4,True,"['non_mining', 'non_mining', 'non_mining']","['truck', 'truck', 'truck']",No,non_mining
2314,IND0041201020240200742,20_10_2024_19_10_36,Not_Found,mini_truck,2,3,False,"['Not_Found', 'Not_Found', 'Not_Found']","['mini_truck', 'mini_truck', 'mini_truck', 'mini_truck', 'mini_truck', 'mini_truck', 'mini_truck', 'mini_truck']",No,non_mining
2315,IND0041201020240101659,20_10_2024_22_45_59,Not_Found,truck,1,4,True,"['Not_Found', 'Not_Found', 'Not_Found']","['truck', 'truck', 'truck']",No,covered
2316,IND0041201020240100813,20_10_2024_12_39_29,Not_Found,truck,1,3,True,"['Not_Found', 'non_mining']","['truck', 'truck']",No,mining_full
2317,IND0041201020240100741,20_10_2024_11_55_57,non_mining,truck,1,4,True,"['Not_Found', 'non_mining', 'non_mining']","['truck', 'truck', 'truck']",No,non_mining
2318,IND0041201020240100104,20_10_2024_01_30_46,Not_Found,truck,1,4,True,"['Not_Found', 'Not_Found', 'Not_Found']","['truck', 'truck', 'truck']",No,mining_full
2319,IND0041201020240101435,20_10_2024_19_47_08,Not_Found,truck,1,1,False,"['Not_Found', 'Not_Found', 'Not_Found']","['truck', 'truck', 'truck', 'truck', 'truck', 'truck', 'truck', 'truck']",No,non_mining
2320,IND0041201020240200754,20_10_2024_19_30_55,Not_Found,mini_truck,2,1,False,"['Not_Found', 'Not_Found']","['mini_truck', 'mini_truck']",No,Not_Found
2321,IND0041201020240200831,20_10_2024_22_20_24,Not_Found,truck,2,3,True,"['Not_Found', 'Not_Found']","['truck', 'truck']",No,non_mining
2322,IND0041201020240100775,20_10_2024_12_19_52,non_mining,truck,1,4,True,"['non_mining', 'non_mining', 'non_mining']","['truck', 'truck', 'truck']",No,non_mining
2323,IND0041201020240101444,20_10_2024_19_54_50,Not_Found,truck,1,4,True,"['Not_Found', 'Not_Found', 'Not_Found']","['truck', 'truck', 'truck']",No,covered
2324,IND0041201020240101326,20_10_2024_18_24_42,Not_Found,truck,1,4,True,"['Not_Found', 'Not_Found', 'Not_Found']","['truck', 'truck', 'truck']",No,covered
2325,IND0041201020240101608,20_10_2024_21_56_13,Not_Found,truck,1,4,True,"['Not_Found', 'Not_Found', 'Not_Found']","['truck', 'truck', 'truck']",No,non_mining
2326,IND0041201020240200374,20_10_2024_09_47_49,Not_Found,tractor,2,1,False,"['Not_Found', 'mining_empty', 'Not_Found']","['tractor', 'tractor', 'tractor', 'tractor', 'tractor', 'tractor', 'tractor', 'tractor', 'tractor', 'tractor', 'tractor', 'tractor', 'tractor', 'tractor', 'tractor', 'tractor', 'tractor', 'tractor', 'tractor', 'tractor', 'tractor', 'tractor', 'tractor', 'tractor', 'tractor', 'tractor', 'tractor', 'tractor']",No,non_mining
2327,IND0041201020240100083,20_10_2024_01_10_25,Not_Found,truck,1,4,True,"['Not_Found', 'Not_Found', 'Not_Found']","['truck', 'truck', 'truck']",No,covered
2328,IND0041201020240101386,20_10_2024_19_09_04,Not_Found,truck,1,4,True,"['Not_Found', 'Not_Found', 'Not_Found']","['truck', 'truck', 'truck']",No,non_mining
2329,IND0041201020240101318,20_10_2024_18_22_20,Not_Found,truck,1,2,False,['Not_Found'],['truck'],No,non_mining
2330,IND0041201020240200609,20_10_2024_15_50_43,non_mining,truck,2,4,True,"['non_mining', 'non_mining', 'non_mining']","['truck', 'truck', 'truck']",No,non_mining
2331,IND0041201020240200693,20_10_2024_18_09_30,Not_Found,truck,2,4,True,"['Not_Found', 'Not_Found', 'Not_Found']","['truck', 'truck', 'truck']",No,covered
2332,IND0041201020240100227,20_10_2024_04_27_34,Not_Found,mini_truck,1,4,True,"['Not_Found', 'Not_Found', 'Not_Found']","['mini_truck', 'mini_truck', 'mini_truck', 'mini_truck']",No,Not_Found
2333,IND0041201020240101134,20_10_2024_16_08_14,Not_Found,truck,1,4,True,"['Not_Found', 'Not_Found', 'Not_Found']","['truck', 'truck', 'truck']",No,non_mining
2334,IND0041201020240101169,20_10_2024_16_39_51,non_mining,truck,1,4,True,"['Not_Found', 'non_mining', 'non_mining']","['truck', 'truck', 'truck']",No,non_mining
2335,IND0041201020240200120,20_10_2024_02_54_12,Not_Found,truck,2,4,True,"['Not_Found', 'Not_Found', 'Not_Found']","['truck', 'truck', 'truck']",No,covered
2336,IND0041201020240200057,20_10_2024_01_13_30,Not_Found,truck,2,1,False,['Not_Found'],['truck'],No,mining_full
2337,IND0041201020240100555,20_10_2024_09_35_08,non_mining,truck,1,4,True,"['Not_Found', 'non_mining', 'non_mining']","['truck', 'truck', 'truck']",No,non_mining
2338,IND0041201020240200044,20_10_2024_01_03_39,Not_Found,mini_truck,2,3,False,"['Not_Found', 'Not_Found']","['mini_truck', 'mini_truck']",No,covered
2339,IND0041201020240101358,20_10_2024_18_43_39,Not_Found,truck,1,1,False,"['Not_Found', 'Not_Found', 'Not_Found']","['truck', 'truck', 'truck']",No,non_mining
2340,IND0041201020240100558,20_10_2024_09_39_30,Not_Found,truck,1,2,False,['Not_Found'],['truck'],No,mining_full
2341,IND0041201020240200587,20_10_2024_14_55_56,covered,truck,2,4,True,"['Not_Found', 'covered', 'covered']","['truck', 'truck', 'truck']",No,covered
2342,IND0041201020240101568,20_10_2024_21_21_55,Not_Found,truck,1,1,False,"['Not_Found', 'Not_Found', 'Not_Found']","['truck', 'truck', 'truck']",No,non_mining
2343,IND0041201020240101123,20_10_2024_16_00_53,Not_Found,hywa,1,3,True,"['Not_Found', 'mining_full']","['hywa', 'hywa']",No,mining_full
2344,IND0041201020240101565,20_10_2024_21_18_03,Not_Found,truck,1,3,False,"['Not_Found', 'Not_Found']","['truck', 'truck']",No,non_mining
2345,IND0041201020240101723,20_10_2024_23_53_43,Not_Found,truck,1,4,True,"['Not_Found', 'Not_Found', 'Not_Found']","['truck', 'truck', 'truck']",No,covered
2346,IND0041201020240100498,20_10_2024_09_01_27,non_mining,mini_truck,1,4,True,"['non_mining', 'non_mining', 'non_mining']","['mini_truck', 'mini_truck', 'mini_truck']",No,non_mining
2347,IND0041201020240101390,20_10_2024_19_14_30,Not_Found,truck,1,3,False,"['Not_Found', 'Not_Found', 'Not_Found']","['truck', 'truck', 'truck', 'truck', 'truck', 'truck']",No,non_mining
2348,IND0041201020240101059,20_10_2024_15_21_45,non_mining,truck,1,4,True,"['non_mining', 'non_mining', 'non_mining']","['truck', 'truck', 'truck']",No,non_mining
2349,IND0041201020240200272,20_10_2024_06_53_35,non_mining,mini_truck,2,4,True,"['non_mining', 'non_mining', 'non_mining']","['mini_truck', 'mini_truck', 'mini_truck', 'mini_truck', 'mini_truck']",No,non_mining
2350,IND0041201020240200193,20_10_2024_04_28_18,Not_Found,truck,2,1,False,['Not_Found'],['truck'],No,non_mining
2351,IND0041201020240101649,20_10_2024_22_39_33,Not_Found,truck,1,4,True,"['Not_Found', 'Not_Found', 'Not_Found']","['truck', 'truck', 'truck']",No,non_mining
2352,IND0041201020240100886,20_10_2024_13_25_01,non_mining,truck,1,4,True,"['Not_Found', 'non_mining', 'non_mining']","['truck', 'truck', 'truck']",No,non_mining
2353,IND0041201020240100880,20_10_2024_13_20_02,non_mining,truck,1,4,True,"['Not_Found', 'non_mining', 'non_mining']","['truck', 'truck', 'truck']",No,non_mining
2354,IND0041201020240101366,20_10_2024_18_47_27,Not_Found,mini_truck,1,2,False,['Not_Found'],['mini_truck'],No,non_mining
2355,IND0041201020240100979,20_10_2024_14_33_34,covered,truck,1,4,True,"['covered', 'covered', 'covered']","['truck', 'truck', 'truck']",No,covered
2356,IND0041201020240200708,20_10_2024_18_26_06,Not_Found,mini_truck,2,1,False,['Not_Found'],['mini_truck'],No,Not_Found
2357,IND0041201020240200566,20_10_2024_14_22_11,non_mining,mini_truck,2,2,False,['non_mining'],['mini_truck'],No,non_mining
2358,IND0041201020240200041,20_10_2024_00_49_40,non_mining,mini_truck,2,4,True,"['non_mining', 'non_mining', 'non_mining']","['mini_truck', 'mini_truck', 'mini_truck']",No,non_mining
2359,IND0041201020240100751,20_10_2024_12_03_48,non_mining,truck,1,4,True,"['non_mining', 'non_mining', 'non_mining']","['truck', 'truck', 'truck']",No,non_mining
2360,IND0041201020240100057,20_10_2024_00_53_13,Not_Found,truck,1,1,False,['Not_Found'],['truck'],No,covered
2361,IND0041201020240101533,20_10_2024_20_49_05,Not_Found,truck,1,4,True,"['Not_Found', 'Not_Found', 'Not_Found']","['truck', 'truck', 'truck']",No,covered
2362,IND0041201020240100589,20_10_2024_10_06_14,covered,mini_truck,1,4,True,"['non_mining', 'covered', 'covered']","['mini_truck', 'mini_truck', 'mini_truck']",No,covered
2363,IND0041201020240100667,20_10_2024_10_57_21,non_mining,truck,1,4,True,"['Not_Found', 'non_mining', 'non_mining']","['truck', 'truck', 'truck']",No,non_mining
2364,IND0041201020240101026,20_10_2024_14_58_17,non_mining,mini_truck,1,4,True,"['non_mining', 'non_mining', 'non_mining']","['mini_truck', 'mini_truck', 'mini_truck']",No,non_mining
2365,IND0041201020240101004,20_10_2024_14_50_37,Not_Found,mini_truck,1,4,True,"['Not_Found', 'Not_Found', 'Not_Found']","['mini_truck', 'mini_truck', 'mini_truck']",No,non_mining
2366,IND0041201020240100312,20_10_2024_06_50_34,Not_Found,truck,1,4,True,"['Not_Found', 'Not_Found', 'Not_Found']","['truck', 'truck', 'truck']",No,non_mining
2367,IND0041201020240100896,20_10_2024_13_32_47,covered,mini_truck,1,4,True,"['covered', 'covered', 'covered']","['mini_truck', 'mini_truck', 'mini_truck']",No,covered
2368,IND0041201020240100792,20_10_2024_12_30_40,Not_Found,truck,1,4,True,"['Not_Found', 'Not_Found', 'non_mining']","['truck', 'truck', 'truck']",No,covered
2369,IND0041201020240101288,20_10_2024_17_59_40,Not_Found,mini_truck,1,2,False,['Not_Found'],['mini_truck'],No,Not_Found
2370,IND0041201020240100582,20_10_2024_09_59_22,non_mining,truck,1,4,True,"['Not_Found', 'non_mining', 'non_mining']","['truck', 'truck', 'truck']",No,non_mining
2371,IND0041201020240200242,20_10_2024_05_36_50,Not_Found,truck,2,4,True,"['Not_Found', 'Not_Found', 'Not_Found']","['truck', 'truck', 'truck']",No,covered
2372,IND0041201020240101644,20_10_2024_22_33_03,Not_Found,truck,1,4,True,"['Not_Found', 'Not_Found', 'Not_Found']","['truck', 'truck', 'truck']",No,mining_full
2373,IND0041201020240100723,20_10_2024_11_41_24,non_mining,truck,1,4,True,"['non_mining', 'non_mining', 'non_mining']","['truck', 'truck', 'truck']",No,non_mining
2374,IND0041201020240101468,20_10_2024_20_08_26,Not_Found,truck,1,4,True,"['Not_Found', 'Not_Found', 'Not_Found']","['truck', 'truck', 'truck']",No,non_mining
2375,IND0041201020240200045,20_10_2024_01_04_07,non_mining,truck,2,1,False,"['non_mining', 'non_mining', 'Not_Found']","['truck', 'truck', 'truck', 'truck', 'truck', 'truck', 'truck', 'truck']",No,non_mining
2376,IND0041201020240101574,20_10_2024_21_26_23,Not_Found,truck,1,4,True,"['Not_Found', 'Not_Found', 'Not_Found']","['truck', 'truck', 'truck']",No,mining_full
2377,IND0041201020240100705,20_10_2024_11_26_13,non_mining,truck,1,4,True,"['non_mining', 'non_mining', 'non_mining']","['truck', 'truck', 'truck']",No,non_mining
2378,IND0041201020240100546,20_10_2024_09_27_57,Not_Found,truck,1,4,True,"['Not_Found', 'Not_Found', 'non_mining']","['truck', 'truck', 'truck']",No,non_mining
2379,IND0041201020240100927,20_10_2024_13_53_42,non_mining,truck,1,4,True,"['non_mining', 'non_mining', 'non_mining']","['truck', 'truck', 'truck']",No,non_mining
2380,IND0041201020240100585,20_10_2024_10_01_57,non_mining,mini_truck,1,3,True,"['non_mining', 'non_mining']","['mini_truck', 'mini_truck']",No,non_mining
2381,IND0041201020240200205,20_10_2024_04_46_09,Not_Found,truck,2,1,False,"['Not_Found', 'Not_Found', 'Not_Found']","['truck', 'truck', 'truck', 'truck', 'truck', 'truck', 'truck', 'truck', 'truck']",No,covered
2382,IND0041201020240200313,20_10_2024_08_28_50,non_mining,truck,2,4,True,"['non_mining', 'non_mining', 'non_mining']","['truck', 'truck', 'truck']",No,non_mining
2383,IND0041201020240100133,20_10_2024_02_18_06,Not_Found,truck,1,4,True,"['Not_Found', 'Not_Found', 'Not_Found']","['truck', 'truck', 'truck']",No,non_mining
2384,IND0041201020240200452,20_10_2024_11_50_50,Not_Found,tractor,2,4,True,"['Not_Found', 'Not_Found', 'Not_Found']","['tractor', 'tractor', 'tractor', 'tractor', 'tractor', 'tractor', 'tractor', 'tractor', 'tractor', 'tractor', 'tractor', 'tractor', 'tractor', 'tractor', 'tractor']",No,Not_Found
2385,IND0041201020240100603,20_10_2024_10_17_57,non_mining,truck,1,4,True,"['Not_Found', 'non_mining', 'non_mining']","['truck', 'truck', 'truck']",No,non_mining
2386,IND0041201020240100687,20_10_2024_11_13_40,non_mining,truck,1,4,True,"['non_mining', 'non_mining', 'non_mining']","['truck', 'truck', 'truck']",No,non_mining
2387,IND0041201020240101203,20_10_2024_17_00_06,non_mining,truck,1,4,True,"['non_mining', 'non_mining', 'non_mining']","['truck', 'truck', 'truck']",No,non_mining
2388,IND0041201020240101220,20_10_2024_17_09_18,non_mining,truck,1,3,True,"['non_mining', 'non_mining']","['truck', 'truck']",No,non_mining
2389,IND0041201020240100026,20_10_2024_00_26_44,Not_Found,truck,1,4,True,"['Not_Found', 'Not_Found', 'Not_Found']","['truck', 'truck', 'truck']",No,mining_full
2390,IND0041201020240101216,20_10_2024_17_07_00,non_mining,truck,1,4,True,"['non_mining', 'non_mining', 'non_mining']","['truck', 'truck', 'truck']",No,non_mining
2391,IND0041201020240200782,20_10_2024_20_14_46,Not_Found,mini_truck,2,1,False,['Not_Found'],['mini_truck'],Yes,Not_Found
2392,IND0041201020240200801,20_10_2024_20_45_59,Not_Found,mini_truck,2,1,False,"['Not_Found', 'Not_Found', 'non_mining']","['mini_truck', 'mini_truck', 'mini_truck', 'mini_truck', 'mini_truck', 'mini_truck', 'mini_truck', 'mini_truck', 'mini_truck', 'mini_truck']",No,non_mining
2393,IND0041201020240200312,20_10_2024_08_26_23,Not_Found,truck,2,4,True,"['Not_Found', 'Not_Found', 'covered']","['truck', 'truck', 'truck']",No,covered
2394,IND0041201020240200024,20_10_2024_00_34_51,Not_Found,truck,2,1,False,"['Not_Found', 'Not_Found', 'Not_Found']","['truck', 'truck', 'truck', 'truck', 'truck', 'truck', 'truck']",No,covered
2395,IND0041201020240100457,20_10_2024_08_41_47,Not_Found,truck,1,4,True,"['Not_Found', 'Not_Found', 'non_mining']","['truck', 'truck', 'truck']",No,covered
2396,IND0041201020240200267,20_10_2024_06_37_05,Not_Found,truck,2,4,True,"['Not_Found', 'Not_Found', 'non_mining']","['truck', 'truck', 'truck', 'truck', 'truck']",No,mining_full
2397,IND0041201020240101613,20_10_2024_22_03_41,Not_Found,truck,1,3,False,"['Not_Found', 'Not_Found', 'Not_Found']","['truck', 'truck', 'truck', 'truck', 'truck']",No,covered
2398,IND0041201020240100406,20_10_2024_08_09_15,covered,truck,1,4,True,"['non_mining', 'covered', 'covered']","['truck', 'truck', 'truck']",No,covered
2399,IND0041201020240101274,20_10_2024_17_44_34,Not_Found,truck,1,4,True,"['Not_Found', 'Not_Found', 'non_mining']","['truck', 'truck', 'truck']",No,non_mining
2400,IND0041201020240100776,20_10_2024_12_20_52,non_mining,mini_truck,1,4,True,"['non_mining', 'non_mining', 'non_mining']","['mini_truck', 'mini_truck', 'mini_truck']",No,non_mining
2401,IND0041201020240100048,20_10_2024_00_48_31,Not_Found,truck,1,4,True,"['Not_Found', 'Not_Found', 'Not_Found']","['truck', 'truck', 'truck']",No,covered
2402,IND0041201020240100923,20_10_2024_13_50_16,Not_Found,truck,1,4,True,"['Not_Found', 'Not_Found', 'non_mining']","['truck', 'truck', 'truck']",No,non_mining
2403,IND0041201020240101240,20_10_2024_17_23_18,Not_Found,truck,1,3,True,"['Not_Found', 'non_mining']","['truck', 'truck']",No,covered
2404,IND0041201020240101184,20_10_2024_16_51_26,covered,mini_truck,1,4,True,"['covered', 'covered', 'covered']","['mini_truck', 'mini_truck', 'mini_truck']",No,covered
2405,IND0041201020240200148,20_10_2024_03_27_54,Not_Found,truck,2,4,True,"['Not_Found', 'Not_Found', 'Not_Found']","['truck', 'truck', 'truck']",No,non_mining
2406,IND0041201020240100157,20_10_2024_02_44_05,Not_Found,truck,1,4,True,"['Not_Found', 'Not_Found', 'Not_Found']","['truck', 'truck', 'truck']",No,covered
2407,IND0041201020240101284,20_10_2024_17_53_36,non_mining,truck,1,3,True,"['Not_Found', 'non_mining', 'non_mining']","['truck', 'truck', 'truck']",No,non_mining
2408,IND0041201020240101195,20_10_2024_16_57_22,Not_Found,hywa,1,4,True,"['non_mining', 'Not_Found', 'Not_Found']","['hywa', 'hywa', 'truck']",No,mining_full
2409,IND0041201020240200246,20_10_2024_05_47_18,Not_Found,truck,2,4,True,"['Not_Found', 'Not_Found', 'Not_Found']","['truck', 'truck', 'truck']",No,mining_full
2410,IND0041201020240100479,20_10_2024_08_52_43,Not_Found,truck,1,4,True,"['Not_Found', 'Not_Found', 'non_mining']","['truck', 'truck', 'truck']",No,covered
2411,IND0041201020240101594,20_10_2024_21_42_27,Not_Found,mini_truck,1,4,True,"['Not_Found', 'Not_Found', 'Not_Found']","['mini_truck', 'mini_truck', 'mini_truck']",No,non_mining
2412,IND0041201020240200422,20_10_2024_11_10_10,Not_Found,tractor,2,2,False,"['Not_Found', 'Not_Found', 'Not_Found']","['tractor', 'tractor', 'tractor', 'tractor', 'tractor', 'tractor', 'tractor', 'tractor', 'tractor', 'tractor', 'tractor', 'tractor', 'tractor', 'tractor']",No,non_mining
2413,IND0041201020240101454,20_10_2024_19_58_53,Not_Found,truck,1,1,False,['Not_Found'],['truck'],No,mining_full
2414,IND0041201020240200373,20_10_2024_09_47_32,mining_full,hywa,2,4,True,"['Not_Found', 'mining_full', 'mining_full']","['hywa', 'hywa', 'hywa']",No,mining_full
2415,IND0041201020240101684,20_10_2024_23_03_24,non_mining,truck,1,4,True,"['non_mining', 'non_mining', 'Not_Found']","['truck', 'truck', 'truck']",No,non_mining
2416,IND0041201020240200467,20_10_2024_12_09_56,non_mining,truck,2,4,True,"['non_mining', 'non_mining', 'non_mining']","['truck', 'truck', 'truck']",No,non_mining
2417,IND0041201020240200572,20_10_2024_14_31_40,non_mining,mini_truck,2,1,False,['non_mining'],['mini_truck'],No,non_mining
2418,IND0041201020240100100,20_10_2024_01_25_55,Not_Found,truck,1,4,True,"['Not_Found', 'Not_Found', 'Not_Found']","['truck', 'truck', 'truck']",No,covered
2419,IND0041201020240100297,20_10_2024_06_33_59,non_mining,truck,1,4,True,"['non_mining', 'non_mining', 'non_mining']","['truck', 'truck', 'truck']",No,non_mining
2420,IND0041201020240100598,20_10_2024_10_14_33,non_mining,truck,1,4,True,"['non_mining', 'non_mining', 'non_mining']","['truck', 'truck', 'truck']",No,non_mining
2421,IND0041201020240101291,20_10_2024_18_01_30,Not_Found,mini_truck,1,4,True,"['Not_Found', 'Not_Found', 'Not_Found']","['mini_truck', 'mini_truck', 'mini_truck']",No,non_mining
2422,IND0041201020240101436,20_10_2024_19_47_26,non_mining,mini_truck,1,3,False,"['non_mining', 'non_mining', 'non_mining']","['mini_truck', 'mini_truck', 'mini_truck', 'mini_truck', 'mini_truck', 'mini_truck']",No,non_mining
2423,IND0041201020240101014,20_10_2024_14_55_29,non_mining,mini_truck,1,4,True,"['non_mining', 'non_mining', 'non_mining']","['mini_truck', 'mini_truck', 'mini_truck']",No,non_mining
2424,IND0041201020240100487,20_10_2024_08_57_46,covered,truck,1,4,True,"['covered', 'covered', 'covered']","['truck', 'truck', 'truck']",No,covered
2425,IND0041201020240101566,20_10_2024_21_18_03,Not_Found,truck,1,2,False,['Not_Found'],['truck'],No,non_mining
2426,IND0041201020240200002,20_10_2024_00_00_58,Not_Found,truck,2,1,False,"['Not_Found', 'non_mining', 'Not_Found']","['truck', 'truck', 'truck', 'truck']",No,mining_full
2427,IND0041201020240200378,20_10_2024_09_58_11,covered,truck,2,4,True,"['covered', 'covered', 'covered']","['truck', 'truck', 'truck']",No,covered
2428,IND0041201020240200192,20_10_2024_04_27_47,Not_Found,truck,2,1,False,"['Not_Found', 'Not_Found', 'non_mining']","['truck', 'truck', 'truck', 'truck']",No,mining_empty
2429,IND0041201020240200595,20_10_2024_15_18_20,non_mining,truck,2,4,True,"['Not_Found', 'non_mining', 'non_mining']","['truck', 'truck', 'truck']",No,non_mining
2430,IND0041201020240100903,20_10_2024_13_37_08,non_mining,truck,1,4,True,"['non_mining', 'non_mining', 'non_mining']","['truck', 'truck', 'truck']",No,non_mining
2431,IND0041201020240100781,20_10_2024_12_24_47,non_mining,truck,1,4,True,"['Not_Found', 'non_mining', 'non_mining']","['truck', 'truck', 'truck']",No,non_mining
2432,IND0041201020240200757,20_10_2024_19_40_21,Not_Found,truck,2,3,False,"['Not_Found', 'Not_Found']","['truck', 'truck']",No,non_mining
2433,IND0041201020240200701,20_10_2024_18_16_50,Not_Found,mini_truck,2,1,False,['Not_Found'],['mini_truck'],No,covered
2434,IND0041201020240100269,20_10_2024_05_45_36,Not_Found,truck,1,4,True,"['Not_Found', 'Not_Found', 'Not_Found']","['truck', 'truck', 'truck']",No,non_mining
2435,IND0041201020240100832,20_10_2024_12_49_30,non_mining,truck,1,4,True,"['Not_Found', 'non_mining', 'non_mining']","['truck', 'truck', 'truck']",No,non_mining
2436,IND0041201020240100772,20_10_2024_12_16_26,non_mining,truck,1,4,True,"['Not_Found', 'non_mining', 'non_mining']","['truck', 'truck', 'truck']",No,non_mining
2437,IND0041201020240100240,20_10_2024_04_35_02,Not_Found,truck,1,4,True,"['Not_Found', 'Not_Found', 'non_mining']","['truck', 'truck', 'truck']",No,non_mining
2438,IND0041201020240200117,20_10_2024_02_49_28,Not_Found,truck,2,4,True,"['Not_Found', 'Not_Found', 'Not_Found']","['truck', 'truck', 'truck']",No,non_mining
2439,IND0041201020240100275,20_10_2024_05_48_38,Not_Found,truck,1,4,True,"['Not_Found', 'Not_Found', 'Not_Found']","['truck', 'truck', 'truck']",No,non_mining
2440,IND0041201020240101133,20_10_2024_16_07_59,non_mining,truck,1,4,True,"['Not_Found', 'non_mining', 'non_mining']","['truck', 'truck', 'truck']",No,non_mining
2441,IND0041201020240100945,20_10_2024_14_07_09,non_mining,truck,1,4,True,"['Not_Found', 'non_mining', 'non_mining']","['truck', 'truck', 'truck']",No,non_mining
2442,IND0041201020240100891,20_10_2024_13_27_58,non_mining,mini_truck,1,4,True,"['non_mining', 'non_mining', 'non_mining']","['mini_truck', 'mini_truck', 'mini_truck']",No,non_mining
2443,IND0041201020240101509,20_10_2024_20_34_48,Not_Found,mini_truck,1,4,True,"['Not_Found', 'Not_Found', 'Not_Found']","['mini_truck', 'mini_truck', 'mini_truck']",No,Not_Found
2444,IND0041201020240200085,20_10_2024_02_01_45,Not_Found,mini_truck,2,1,False,"['Not_Found', 'Not_Found', 'Not_Found']","['mini_truck', 'mini_truck', 'mini_truck', 'mini_truck', 'mini_truck', 'mini_truck', 'mini_truck', 'mini_truck', 'mini_truck', 'mini_truck']",No,covered
2445,IND0041201020240200258,20_10_2024_06_23_24,covered,truck,2,4,True,"['covered', 'covered', 'covered']","['truck', 'truck', 'truck', 'truck']",No,covered
2446,IND0041201020240200155,20_10_2024_03_36_57,Not_Found,truck,2,4,True,"['Not_Found', 'Not_Found', 'Not_Found']","['truck', 'truck', 'truck']",No,non_mining
2447,IND0041201020240200034,20_10_2024_00_46_46,Not_Found,truck,2,4,True,"['Not_Found', 'Not_Found', 'Not_Found']","['truck', 'truck', 'truck']",No,mining_full
2448,IND0041201020240200084,20_10_2024_01_55_15,Not_Found,truck,2,4,True,"['Not_Found', 'Not_Found', 'Not_Found']","['truck', 'truck', 'truck']",No,Not_Found
2449,IND0041201020240200683,20_10_2024_17_51_36,Not_Found,truck,2,4,True,"['Not_Found', 'Not_Found', 'Not_Found']","['truck', 'truck', 'truck']",No,non_mining
2450,IND0041201020240100989,20_10_2024_14_39_48,non_mining,truck,1,4,True,"['non_mining', 'non_mining', 'non_mining']","['truck', 'truck', 'truck']",No,non_mining
2451,IND0041201020240200039,20_10_2024_00_48_57,Not_Found,truck,2,1,False,['Not_Found'],['truck'],Yes,mining_full
2452,IND0041201020240100895,20_10_2024_13_31_44,non_mining,truck,1,4,True,"['Not_Found', 'non_mining', 'non_mining']","['truck', 'truck', 'truck']",No,non_mining
2453,IND0041201020240200535,20_10_2024_13_40_57,Not_Found,truck,2,4,True,"['Not_Found', 'Not_Found', 'Not_Found']","['truck', 'truck', 'truck']",No,covered
2454,IND0041201020240101612,20_10_2024_22_03_29,Not_Found,truck,1,4,True,"['Not_Found', 'Not_Found', 'Not_Found']","['truck', 'truck', 'truck']",No,non_mining
2455,IND0041201020240100830,20_10_2024_12_47_56,non_mining,truck,1,3,False,"['Not_Found', 'non_mining', 'non_mining']","['truck', 'truck', 'truck', 'truck', 'truck', 'truck', 'truck', 'truck']",No,non_mining
2456,IND0041201020240200624,20_10_2024_16_21_54,Not_Found,tractor,2,1,False,"['Not_Found', 'Not_Found', 'Not_Found']","['tractor', 'tractor', 'tractor', 'tractor', 'tractor', 'tractor', 'tractor', 'tractor', 'tractor', 'tractor', 'tractor', 'tractor', 'tractor', 'tractor', 'tractor', 'tractor', 'tractor', 'tractor']",No,Not_Found
2457,IND0041201020240101033,20_10_2024_15_02_12,non_mining,truck,1,4,True,"['Not_Found', 'non_mining', 'non_mining']","['truck', 'truck', 'truck']",No,non_mining
2458,IND0041201020240101218,20_10_2024_17_08_25,non_mining,truck,1,4,True,"['Not_Found', 'non_mining', 'non_mining']","['truck', 'truck', 'truck']",No,non_mining
2459,IND0041201020240101006,20_10_2024_14_52_43,non_mining,mini_truck,1,1,False,"['non_mining', 'non_mining', 'non_mining']","['mini_truck', 'mini_truck', 'mini_truck', 'mini_truck', 'mini_truck', 'mini_truck']",No,non_mining
2460,IND0041201020240100421,20_10_2024_08_15_04,covered,truck,1,4,True,"['covered', 'covered', 'covered']","['truck', 'truck', 'truck']",No,covered
2461,IND0041201020240101035,20_10_2024_15_02_56,non_mining,truck,1,4,True,"['non_mining', 'non_mining', 'non_mining']","['truck', 'truck', 'truck']",No,non_mining
2462,IND0041201020240200265,20_10_2024_06_32_08,covered,truck,2,4,True,"['covered', 'covered', 'covered']","['truck', 'truck', 'truck']",No,covered
2463,IND0041201020240101081,20_10_2024_15_34_20,non_mining,truck,1,4,True,"['non_mining', 'Not_Found', 'non_mining']","['truck', 'truck', 'truck']",No,non_mining
2464,IND0041201020240200430,20_10_2024_11_20_44,Not_Found,mini_truck,2,3,False,"['Not_Found', 'Not_Found']","['mini_truck', 'mini_truck']",No,non_mining
2465,IND0041201020240100632,20_10_2024_10_39_08,non_mining,truck,1,4,True,"['Not_Found', 'non_mining', 'non_mining']","['truck', 'truck', 'truck']",No,non_mining
2466,IND0041201020240101556,20_10_2024_21_11_12,Not_Found,truck,1,4,True,"['Not_Found', 'Not_Found', 'Not_Found']","['truck', 'truck', 'truck']",No,non_mining
2467,IND0041201020240200661,20_10_2024_17_23_08,non_mining,truck,2,4,True,"['non_mining', 'non_mining', 'non_mining']","['truck', 'truck', 'truck']",No,non_mining
2468,IND0041201020240100399,20_10_2024_08_05_43,non_mining,truck,1,4,True,"['non_mining', 'non_mining', 'non_mining']","['truck', 'truck', 'truck']",No,non_mining
2469,IND0041201020240101705,20_10_2024_23_37_16,Not_Found,truck,1,3,False,"['Not_Found', 'Not_Found']","['truck', 'truck']",No,covered
2470,IND0041201020240101017,20_10_2024_14_56_26,non_mining,truck,1,4,True,"['Not_Found', 'non_mining', 'non_mining']","['truck', 'truck', 'truck']",No,non_mining
2471,IND0041201020240200311,20_10_2024_08_25_13,Not_Found,truck,2,4,True,"['Not_Found', 'non_mining', 'Not_Found']","['truck', 'truck', 'truck']",No,covered
2472,IND0041201020240100557,20_10_2024_09_38_16,non_mining,truck,1,3,True,"['non_mining', 'non_mining', 'non_mining']","['truck', 'truck', 'truck', 'truck', 'truck', 'truck']",No,non_mining
2473,IND0041201020240100156,20_10_2024_02_40_55,Not_Found,truck,1,1,False,"['Not_Found', 'Not_Found', 'Not_Found']","['truck', 'truck', 'truck', 'truck', 'truck']",No,mining_full
2474,IND0041201020240200390,20_10_2024_10_27_04,mining_empty,tractor,2,4,True,"['mining_empty', 'mining_empty', 'mining_empty']","['tractor', 'tractor', 'tractor', 'tractor', 'tractor']",No,mining_empty
2475,IND0041201020240101298,20_10_2024_18_09_36,Not_Found,mini_truck,1,1,False,['Not_Found'],['mini_truck'],Yes,covered
2476,IND0041201020240200065,20_10_2024_01_28_46,non_mining,mini_truck,2,4,True,"['non_mining', 'non_mining', 'Not_Found']","['mini_truck', 'mini_truck', 'mini_truck']",No,non_mining
2477,IND0041201020240100790,20_10_2024_12_27_49,Not_Found,hywa,1,4,True,"['Not_Found', 'Not_Found', 'mining_full']","['hywa', 'hywa', 'hywa']",No,mining_full
2478,IND0041201020240101593,20_10_2024_21_42_13,Not_Found,truck,1,4,True,"['Not_Found', 'Not_Found', 'Not_Found']","['truck', 'truck', 'truck', 'truck']",No,covered
2479,IND0041201020240200709,20_10_2024_18_28_35,Not_Found,truck,2,1,False,"['Not_Found', 'Not_Found', 'Not_Found']","['truck', 'truck', 'truck', 'truck', 'truck', 'truck']",No,mining_full
2480,IND0041201020240200386,20_10_2024_10_14_55,non_mining,mini_truck,2,4,True,"['non_mining', 'non_mining', 'non_mining']","['mini_truck', 'mini_truck', 'mini_truck']",No,non_mining
2481,IND0041201020240100921,20_10_2024_13_49_53,Not_Found,truck,1,3,False,"['Not_Found', 'Not_Found', 'Not_Found']","['truck', 'truck', 'truck', 'truck']",No,non_mining
2482,IND0041201020240101063,20_10_2024_15_22_41,Not_Found,truck,1,3,True,"['Not_Found', 'Not_Found']","['truck', 'truck']",No,non_mining
2483,IND0041201020240101512,20_10_2024_20_35_59,Not_Found,truck,1,1,False,"['Not_Found', 'Not_Found', 'Not_Found']","['truck', 'truck', 'truck', 'truck', 'truck', 'truck', 'truck', 'truck']",No,non_mining
2484,IND0041201020240200861,20_10_2024_23_02_39,Not_Found,truck,2,1,False,"['Not_Found', 'Not_Found', 'Not_Found']","['truck', 'truck', 'truck', 'truck', 'truck', 'truck', 'truck', 'truck', 'truck', 'truck']",No,covered
2485,IND0041201020240100575,20_10_2024_09_55_57,non_mining,truck,1,1,False,['non_mining'],['truck'],Yes,non_mining
2486,IND0041201020240200049,20_10_2024_01_07_48,Not_Found,truck,2,1,False,"['Not_Found', 'Not_Found', 'Not_Found']","['truck', 'truck', 'truck', 'truck', 'truck', 'truck', 'truck']",No,mining_full
2487,IND0041201020240100124,20_10_2024_01_56_10,Not_Found,truck,1,4,True,"['Not_Found', 'Not_Found', 'Not_Found']","['truck', 'truck', 'truck']",No,non_mining
2488,IND0041201020240100238,20_10_2024_04_34_05,Not_Found,truck,1,4,True,"['Not_Found', 'Not_Found', 'Not_Found']","['truck', 'truck', 'truck']",No,mining_full
2489,IND0041201020240100762,20_10_2024_12_11_08,Not_Found,truck,1,4,True,"['Not_Found', 'non_mining', 'covered']","['truck', 'truck', 'truck']",No,covered
2490,IND0041201020240200150,20_10_2024_03_30_13,Not_Found,truck,2,4,True,"['Not_Found', 'Not_Found', 'non_mining']","['truck', 'truck', 'truck']",No,non_mining
2491,IND0041201020240200169,20_10_2024_03_57_30,Not_Found,truck,2,4,True,"['Not_Found', 'Not_Found', 'Not_Found']","['truck', 'truck', 'truck']",No,covered
2492,IND0041201020240200350,20_10_2024_09_16_34,Not_Found,hywa,2,3,True,"['Not_Found', 'Not_Found']","['hywa', 'hywa']",No,mining_full
2493,IND0041201020240100852,20_10_2024_12_59_36,non_mining,truck,1,4,True,"['Not_Found', 'non_mining', 'non_mining']","['truck', 'truck', 'truck']",No,non_mining
2494,IND0041201020240200704,20_10_2024_18_23_58,Not_Found,mini_truck,2,2,False,['Not_Found'],['mini_truck'],No,non_mining
2495,IND0041201020240101709,20_10_2024_23_39_26,Not_Found,truck,1,3,True,"['Not_Found', 'Not_Found']","['truck', 'hywa']",No,mining_full
2496,IND0041201020240100865,20_10_2024_13_08_12,non_mining,mini_truck,1,4,True,"['non_mining', 'non_mining', 'non_mining']","['mini_truck', 'mini_truck', 'mini_truck']",No,non_mining
2497,IND0041201020240101001,20_10_2024_14_49_01,Not_Found,truck,1,4,True,"['Not_Found', 'Not_Found', 'Not_Found']","['truck', 'truck', 'truck']",No,covered
2498,IND0041201020240101627,20_10_2024_22_13_44,Not_Found,truck,1,4,True,"['Not_Found', 'Not_Found', 'Not_Found']","['truck', 'truck', 'truck']",No,covered
2499,IND0041201020240101585,20_10_2024_21_38_31,Not_Found,truck,1,1,False,"['Not_Found', 'Not_Found', 'Not_Found']","['truck', 'truck', 'truck', 'truck', 'truck', 'truck', 'truck']",No,non_mining
2500,IND0041201020240100570,20_10_2024_09_51_32,mining_full,hywa,1,4,True,"['Not_Found', 'mining_full', 'mining_full']","['hywa', 'hywa', 'hywa']",No,mining_full
2501,IND0041201020240200230,20_10_2024_05_21_17,Not_Found,truck,2,4,True,"['Not_Found', 'Not_Found', 'Not_Found']","['truck', 'truck', 'truck']",No,non_mining
2502,IND0041201020240100339,20_10_2024_07_06_40,Not_Found,truck,1,1,False,"['Not_Found', 'Not_Found']","['truck', 'truck']",No,non_mining
2503,IND0041201020240200293,20_10_2024_07_48_22,Not_Found,truck,2,4,True,"['Not_Found', 'Not_Found', 'non_mining']","['truck', 'truck', 'truck']",No,covered
2504,IND0041201020240100959,20_10_2024_14_17_47,non_mining,mini_truck,1,4,True,"['non_mining', 'non_mining', 'non_mining']","['mini_truck', 'mini_truck', 'mini_truck']",No,non_mining
2505,IND0041201020240100365,20_10_2024_07_31_43,non_mining,truck,1,4,True,"['non_mining', 'non_mining', 'non_mining']","['truck', 'truck', 'truck']",Yes,non_mining
2506,IND0041201020240101530,20_10_2024_20_45_56,Not_Found,truck,1,4,True,"['Not_Found', 'Not_Found', 'Not_Found']","['truck', 'truck', 'hywa']",No,mining_full
2507,IND0041201020240100521,20_10_2024_09_15_19,non_mining,truck,1,4,True,"['Not_Found', 'non_mining', 'non_mining']","['truck', 'truck', 'truck']",No,non_mining
2508,IND0041201020240200256,20_10_2024_06_21_10,non_mining,mini_truck,2,1,False,"['non_mining', 'non_mining', 'non_mining']","['mini_truck', 'mini_truck', 'mini_truck', 'mini_truck', 'mini_truck', 'mini_truck', 'mini_truck', 'mini_truck']",Yes,non_mining
2509,IND0041201020240200792,20_10_2024_20_27_49,Not_Found,mini_truck,2,1,False,['Not_Found'],['mini_truck'],No,Not_Found
2510,IND0041201020240200198,20_10_2024_04_37_08,Not_Found,truck,2,4,True,"['Not_Found', 'non_mining', 'Not_Found']","['truck', 'truck', 'truck']",No,non_mining
2511,IND0041201020240100405,20_10_2024_08_09_09,Not_Found,hywa,1,3,True,"['Not_Found', 'Not_Found']","['hywa', 'hywa']",No,mining_full
2512,IND0041201020240200077,20_10_2024_01_39_18,Not_Found,truck,2,4,True,"['Not_Found', 'Not_Found', 'Not_Found']","['truck', 'truck', 'truck']",No,non_mining
2513,IND0041201020240200553,20_10_2024_13_57_28,covered,truck,2,4,True,"['covered', 'covered', 'covered']","['truck', 'truck', 'truck']",No,covered
2514,IND0041201020240101263,20_10_2024_17_38_41,non_mining,truck,1,4,True,"['Not_Found', 'non_mining', 'non_mining']","['truck', 'truck', 'truck']",No,non_mining
2515,IND0041201020240200102,20_10_2024_02_33_29,Not_Found,truck,2,4,True,"['Not_Found', 'Not_Found', 'Not_Found']","['truck', 'truck', 'truck']",No,covered
2516,IND0041201020240101403,20_10_2024_19_21_43,Not_Found,truck,1,4,True,"['Not_Found', 'Not_Found', 'Not_Found']","['truck', 'truck', 'truck']",No,covered
2517,IND0041201020240101682,20_10_2024_23_00_24,non_mining,truck,1,3,False,"['Not_Found', 'non_mining', 'non_mining']","['truck', 'truck', 'truck', 'truck', 'truck', 'truck']",No,non_mining
2518,IND0041201020240101526,20_10_2024_20_42_27,Not_Found,truck,1,4,True,"['Not_Found', 'Not_Found', 'Not_Found']","['truck', 'truck', 'truck']",No,non_mining
2519,IND0041201020240101297,20_10_2024_18_09_35,Not_Found,mini_truck,1,3,True,"['Not_Found', 'Not_Found']","['mini_truck', 'mini_truck']",No,covered
2520,IND0041201020240200682,20_10_2024_17_51_26,non_mining,tractor,2,4,True,"['non_mining', 'non_mining', 'mining_empty']","['tractor', 'tractor', 'tractor']",No,non_mining
2521,IND0041201020240200174,20_10_2024_04_03_19,non_mining,mini_truck,2,1,False,"['non_mining', 'non_mining', 'non_mining']","['mini_truck', 'mini_truck', 'mini_truck', 'mini_truck', 'mini_truck', 'mini_truck', 'mini_truck', 'mini_truck']",No,non_mining
2522,IND0041201020240101341,20_10_2024_18_34_38,Not_Found,mini_truck,1,1,False,['Not_Found'],['mini_truck'],No,Not_Found
2523,IND0041201020240200838,20_10_2024_22_27_40,non_mining,truck,2,4,True,"['non_mining', 'non_mining', 'non_mining']","['truck', 'truck', 'truck']",No,non_mining
2524,IND0041201020240100656,20_10_2024_10_50_17,non_mining,truck,1,1,False,['non_mining'],['truck'],No,non_mining
2525,IND0041201020240100495,20_10_2024_08_59_51,Not_Found,truck,1,4,True,"['Not_Found', 'Not_Found', 'Not_Found']","['truck', 'truck', 'truck']",No,covered
2526,IND0041201020240101569,20_10_2024_21_22_26,Not_Found,truck,1,2,False,['Not_Found'],['truck'],No,non_mining
2527,IND0041201020240200468,20_10_2024_12_11_28,covered,mini_truck,2,3,False,"['covered', 'covered', 'Not_Found']","['mini_truck', 'mini_truck', 'mini_truck', 'mini_truck']",No,covered
2528,IND0041201020240101280,20_10_2024_17_49_54,non_mining,truck,1,4,True,"['non_mining', 'non_mining', 'covered']","['truck', 'truck', 'truck']",No,non_mining
2529,IND0041201020240100718,20_10_2024_11_38_52,Not_Found,truck,1,4,True,"['Not_Found', 'Not_Found', 'non_mining']","['truck', 'truck', 'truck']",No,Not_Found
2530,IND0041201020240200392,20_10_2024_10_30_04,non_mining,truck,2,3,True,"['non_mining', 'non_mining']","['truck', 'truck']",No,non_mining
2531,IND0041201020240100691,20_10_2024_11_16_28,non_mining,truck,1,4,True,"['Not_Found', 'non_mining', 'non_mining']","['truck', 'truck', 'truck']",No,non_mining
2532,IND0041201020240101517,20_10_2024_20_38_23,Not_Found,mini_truck,1,3,False,"['Not_Found', 'Not_Found']","['mini_truck', 'mini_truck']",No,non_mining
2533,IND0041201020240100930,20_10_2024_13_56_27,Not_Found,truck,1,4,True,"['Not_Found', 'Not_Found', 'Not_Found']","['truck', 'truck', 'truck']",No,covered
2534,IND0041201020240101248,20_10_2024_17_27_59,non_mining,truck,1,4,True,"['Not_Found', 'non_mining', 'non_mining']","['truck', 'truck', 'truck']",No,non_mining
2535,IND0041201020240200450,20_10_2024_11_47_26,Not_Found,truck,2,4,True,"['Not_Found', 'Not_Found', 'non_mining']","['truck', 'truck', 'truck']",No,non_mining
2536,IND0041201020240200462,20_10_2024_12_03_44,non_mining,tractor,2,4,True,"['non_mining', 'non_mining', 'non_mining']","['tractor', 'tractor', 'tractor']",No,non_mining
2537,IND0041201020240101164,20_10_2024_16_33_14,Not_Found,truck,1,4,True,"['Not_Found', 'Not_Found', 'Not_Found']","['truck', 'truck', 'truck']",No,covered
2538,IND0041201020240100602,20_10_2024_10_17_39,mining_empty,hywa,1,1,False,"['mining_empty', 'mining_empty', 'mining_empty']","['hywa', 'hywa', 'hywa']",No,mining_empty
2539,IND0041201020240101597,20_10_2024_21_45_23,Not_Found,mini_truck,1,1,False,"['Not_Found', 'Not_Found', 'Not_Found']","['mini_truck', 'mini_truck', 'mini_truck', 'mini_truck', 'truck', 'truck']",No,non_mining
2540,IND0041201020240101490,20_10_2024_20_22_46,Not_Found,mini_truck,1,4,True,"['Not_Found', 'Not_Found', 'non_mining']","['mini_truck', 'mini_truck', 'mini_truck']",No,non_mining
2541,IND0041201020240100548,20_10_2024_09_28_12,Not_Found,truck,1,4,True,"['Not_Found', 'Not_Found', 'non_mining']","['truck', 'truck', 'truck']",No,covered
2542,IND0041201020240200087,20_10_2024_02_02_55,Not_Found,truck,2,1,False,['Not_Found'],['truck'],No,mining_full
2543,IND0041201020240101412,20_10_2024_19_28_05,Not_Found,hywa,1,2,False,['Not_Found'],['hywa'],Yes,covered
2544,IND0041201020240100892,20_10_2024_13_29_24,non_mining,truck,1,4,True,"['non_mining', 'non_mining', 'non_mining']","['truck', 'truck', 'truck']",No,non_mining
2545,IND0041201020240100499,20_10_2024_09_01_40,non_mining,truck,1,4,True,"['Not_Found', 'non_mining', 'non_mining']","['truck', 'truck', 'truck']",No,non_mining
2546,IND0041201020240200348,20_10_2024_09_16_17,covered,mini_truck,2,4,True,"['covered', 'covered', 'covered']","['mini_truck', 'mini_truck', 'mini_truck']",No,covered
2547,IND0041201020240100706,20_10_2024_11_27_26,covered,mini_truck,1,4,True,"['covered', 'covered', 'covered']","['mini_truck', 'mini_truck', 'mini_truck']",No,covered
2548,IND0041201020240100370,20_10_2024_07_38_20,covered,truck,1,4,True,"['covered', 'covered', 'covered']","['truck', 'truck', 'truck']",No,covered
2549,IND0041201020240101476,20_10_2024_20_16_04,Not_Found,truck,1,3,False,"['Not_Found', 'Not_Found', 'Not_Found']","['truck', 'truck', 'truck', 'truck', 'truck', 'truck']",No,covered
2550,IND0041201020240100175,20_10_2024_03_08_34,Not_Found,truck,1,2,False,"['Not_Found', 'Not_Found', 'Not_Found']","['truck', 'truck', 'truck', 'truck', 'truck', 'truck', 'truck']",No,mining_full
2551,IND0041201020240101676,20_10_2024_22_57_24,Not_Found,truck,1,3,False,"['Not_Found', 'non_mining', 'Not_Found']","['truck', 'truck', 'truck', 'truck', 'truck', 'truck']",No,non_mining
2552,IND0041201020240100962,20_10_2024_14_21_38,Not_Found,truck,1,4,True,"['Not_Found', 'Not_Found', 'non_mining']","['truck', 'truck', 'truck']",No,covered
2553,IND0041201020240200685,20_10_2024_17_56_37,non_mining,truck,2,4,True,"['non_mining', 'non_mining', 'non_mining']","['truck', 'truck', 'truck', 'truck']",No,non_mining
2554,IND0041201020240100525,20_10_2024_09_17_57,non_mining,truck,1,4,True,"['non_mining', 'non_mining', 'non_mining']","['truck', 'truck', 'truck']",No,non_mining
2555,IND0041201020240100791,20_10_2024_12_28_48,non_mining,mini_truck,1,4,True,"['non_mining', 'non_mining', 'non_mining']","['mini_truck', 'mini_truck', 'mini_truck']",No,non_mining
2556,IND0041201020240100782,20_10_2024_12_24_47,non_mining,truck,1,1,False,['non_mining'],['truck'],Yes,non_mining
2557,IND0041201020240200134,20_10_2024_03_13_58,Not_Found,truck,2,4,True,"['Not_Found', 'Not_Found', 'Not_Found']","['truck', 'truck', 'truck']",Yes,covered
2558,IND0041201020240101542,20_10_2024_20_57_10,Not_Found,truck,1,3,True,"['Not_Found', 'Not_Found']","['truck', 'truck']",No,covered
2559,IND0041201020240100132,20_10_2024_02_12_12,Not_Found,truck,1,4,True,"['Not_Found', 'Not_Found', 'Not_Found']","['truck', 'truck', 'truck']",No,non_mining
2560,IND0041201020240200659,20_10_2024_17_22_29,covered,truck,2,4,True,"['covered', 'covered', 'covered']","['truck', 'truck', 'truck']",No,covered
2561,IND0041201020240100088,20_10_2024_01_14_45,Not_Found,truck,1,4,True,"['Not_Found', 'Not_Found', 'Not_Found']","['truck', 'truck', 'truck']",No,mining_full
2562,IND0041201020240200580,20_10_2024_14_41_03,Not_Found,tractor,2,1,False,"['Not_Found', 'Not_Found']","['tractor', 'tractor']",No,Not_Found
2563,IND0041201020240200666,20_10_2024_17_39_02,Not_Found,mini_truck,2,2,False,['Not_Found'],['mini_truck'],No,non_mining
2564,IND0041201020240100836,20_10_2024_12_50_20,Not_Found,hywa,1,3,True,"['Not_Found', 'mining_full']","['hywa', 'hywa']",No,mining_full
2565,IND0041201020240100276,20_10_2024_05_49_35,Not_Found,mini_truck,1,2,False,['Not_Found'],['mini_truck'],No,non_mining
2566,IND0041201020240101689,20_10_2024_23_11_49,Not_Found,truck,1,4,True,"['Not_Found', 'Not_Found', 'Not_Found']","['truck', 'truck', 'truck']",No,covered
2567,IND0041201020240100191,20_10_2024_03_25_27,Not_Found,truck,1,4,True,"['Not_Found', 'Not_Found', 'Not_Found']","['truck', 'truck', 'truck']",No,mining_full
2568,IND0041201020240100171,20_10_2024_03_00_53,Not_Found,truck,1,4,True,"['Not_Found', 'Not_Found', 'Not_Found']","['truck', 'truck', 'truck']",No,non_mining
2569,IND0041201020240100471,20_10_2024_08_49_44,Not_Found,truck,1,4,True,"['Not_Found', 'Not_Found', 'Not_Found']","['truck', 'truck', 'truck']",No,covered
2570,IND0041201020240200534,20_10_2024_13_40_21,non_mining,truck,2,4,True,"['non_mining', 'non_mining', 'non_mining']","['truck', 'truck', 'truck']",No,non_mining
2571,IND0041201020240200239,20_10_2024_05_31_08,Not_Found,truck,2,4,True,"['Not_Found', 'Not_Found', 'Not_Found']","['truck', 'truck', 'truck']",No,covered
2572,IND0041201020240101696,20_10_2024_23_21_59,Not_Found,truck,1,4,True,"['Not_Found', 'Not_Found', 'Not_Found']","['truck', 'truck', 'truck']",No,covered
2573,IND0041201020240101354,20_10_2024_18_43_10,Not_Found,truck,1,1,False,['Not_Found'],['truck'],No,covered
2574,IND0041201020240101068,20_10_2024_15_24_33,non_mining,truck,1,4,True,"['non_mining', 'non_mining', 'non_mining']","['truck', 'truck', 'truck']",No,non_mining
2575,IND0041201020240101392,20_10_2024_19_14_51,Not_Found,truck,1,1,False,['Not_Found'],['truck'],No,Not_Found
2576,IND0041201020240100267,20_10_2024_05_41_12,Not_Found,truck,1,4,True,"['Not_Found', 'Not_Found', 'Not_Found']","['truck', 'truck', 'truck']",No,covered
2577,IND0041201020240100818,20_10_2024_12_42_46,non_mining,truck,1,4,True,"['Not_Found', 'non_mining', 'non_mining']","['truck', 'truck', 'truck']",No,non_mining
2578,IND0041201020240101219,20_10_2024_17_08_37,non_mining,truck,1,4,True,"['Not_Found', 'non_mining', 'non_mining']","['truck', 'truck', 'truck']",No,non_mining
2579,IND0041201020240100409,20_10_2024_08_10_12,Not_Found,truck,1,4,True,"['Not_Found', 'Not_Found', 'non_mining']","['truck', 'truck', 'truck']",No,non_mining
2580,IND0041201020240200548,20_10_2024_13_54_34,Not_Found,mini_truck,2,1,False,['Not_Found'],['mini_truck'],No,covered
2581,IND0041201020240200719,20_10_2024_18_43_30,Not_Found,truck,2,4,True,"['Not_Found', 'Not_Found', 'Not_Found']","['truck', 'truck', 'truck', 'truck', 'truck', 'truck']",No,non_mining
2582,IND0041201020240200010,20_10_2024_00_11_07,Not_Found,truck,2,1,False,"['Not_Found', 'Not_Found', 'Not_Found']","['truck', 'truck', 'truck', 'truck', 'truck', 'truck', 'truck', 'truck']",No,covered
2583,IND0041201020240100737,20_10_2024_11_49_19,non_mining,truck,1,4,True,"['Not_Found', 'non_mining', 'non_mining']","['truck', 'truck', 'truck']",No,non_mining
2584,IND0041201020240200078,20_10_2024_01_41_21,Not_Found,truck,2,2,False,['Not_Found'],['truck'],No,non_mining
2585,IND0041201020240100931,20_10_2024_13_57_29,covered,truck,1,4,True,"['covered', 'covered', 'covered']","['truck', 'truck', 'truck']",No,covered
2586,IND0041201020240101087,20_10_2024_15_39_36,non_mining,truck,1,4,True,"['non_mining', 'non_mining', 'non_mining']","['truck', 'truck', 'truck']",No,non_mining
2587,IND0041201020240100650,20_10_2024_10_46_29,Not_Found,truck,1,4,True,"['Not_Found', 'Not_Found', 'non_mining']","['truck', 'truck', 'truck']",No,covered
2588,IND0041201020240100623,20_10_2024_10_33_06,non_mining,mini_truck,1,4,True,"['non_mining', 'non_mining', 'non_mining']","['mini_truck', 'mini_truck', 'mini_truck']",No,non_mining
2589,IND0041201020240100123,20_10_2024_01_54_53,Not_Found,truck,1,4,True,"['Not_Found', 'Not_Found', 'Not_Found']","['truck', 'truck', 'truck']",No,non_mining
2590,IND0041201020240100166,20_10_2024_02_52_34,Not_Found,truck,1,3,False,"['Not_Found', 'Not_Found', 'Not_Found']","['truck', 'truck', 'truck', 'truck', 'truck']",No,non_mining
2591,IND0041201020240101141,20_10_2024_16_16_30,Not_Found,truck,1,3,True,"['Not_Found', 'non_mining']","['truck', 'truck']",No,non_mining
2592,IND0041201020240101414,20_10_2024_19_29_18,Not_Found,truck,1,4,True,"['Not_Found', 'Not_Found', 'Not_Found']","['truck', 'truck', 'truck']",No,mining_full
2593,IND0041201020240200132,20_10_2024_03_13_20,Not_Found,truck,2,1,False,['Not_Found'],['truck'],Yes,non_mining
2594,IND0041201020240100639,20_10_2024_10_42_31,non_mining,mini_truck,1,2,False,['non_mining'],['mini_truck'],No,non_mining
2595,IND0041201020240200802,20_10_2024_20_47_16,Not_Found,mini_truck,2,4,True,"['Not_Found', 'Not_Found', 'Not_Found']","['mini_truck', 'mini_truck', 'mini_truck', 'mini_truck']",No,non_mining
2596,IND0041201020240100849,20_10_2024_12_58_22,non_mining,truck,1,4,True,"['Not_Found', 'non_mining', 'non_mining']","['truck', 'truck', 'truck']",No,non_mining
2597,IND0041201020240100998,20_10_2024_14_48_17,Not_Found,truck,1,4,True,"['Not_Found', 'Not_Found', 'Not_Found']","['truck', 'truck', 'truck']",No,covered
2598,IND0041201020240100587,20_10_2024_10_05_54,non_mining,truck,1,4,True,"['Not_Found', 'non_mining', 'non_mining']","['truck', 'truck', 'truck']",No,non_mining
2599,IND0041201020240100154,20_10_2024_02_39_26,Not_Found,mini_truck,1,1,False,['Not_Found'],['mini_truck'],No,non_mining
2600,IND0041201020240100745,20_10_2024_12_01_40,Not_Found,truck,1,4,True,"['Not_Found', 'Not_Found', 'non_mining']","['truck', 'truck', 'truck']",No,non_mining
2601,IND0041201020240200724,20_10_2024_18_47_29,Not_Found,mini_truck,2,3,False,"['Not_Found', 'Not_Found', 'Not_Found']","['mini_truck', 'mini_truck', 'mini_truck', 'mini_truck']",No,non_mining
2602,IND0041201020240200004,20_10_2024_00_05_23,Not_Found,truck,2,4,True,"['Not_Found', 'Not_Found', 'Not_Found']","['truck', 'truck', 'truck', 'truck']",No,mining_full
2603,IND0041201020240101532,20_10_2024_20_48_39,Not_Found,truck,1,3,False,"['Not_Found', 'Not_Found', 'Not_Found']","['truck', 'truck', 'truck', 'truck', 'truck', 'truck']",No,covered
2604,IND0041201020240101060,20_10_2024_15_21_57,non_mining,truck,1,3,True,"['non_mining', 'non_mining']","['truck', 'truck']",No,non_mining
2605,IND0041201020240200807,20_10_2024_21_10_39,Not_Found,truck,2,1,False,"['Not_Found', 'Not_Found', 'Not_Found']","['truck', 'truck', 'truck', 'truck', 'truck', 'truck', 'truck']",No,non_mining
2606,IND0041201020240200413,20_10_2024_10_55_57,non_mining,truck,2,4,True,"['non_mining', 'non_mining', 'non_mining']","['truck', 'truck', 'truck']",No,non_mining
2607,IND0041201020240200671,20_10_2024_17_41_27,Not_Found,truck,2,4,True,"['Not_Found', 'Not_Found', 'non_mining']","['truck', 'truck', 'truck']",No,non_mining
2608,IND0041201020240100392,20_10_2024_07_59_58,non_mining,mini_truck,1,4,True,"['non_mining', 'non_mining', 'non_mining']","['mini_truck', 'mini_truck', 'mini_truck']",No,non_mining
2609,IND0041201020240100160,20_10_2024_02_46_34,Not_Found,truck,1,4,True,"['Not_Found', 'Not_Found', 'Not_Found']","['truck', 'truck', 'truck']",No,non_mining
2610,IND0041201020240100322,20_10_2024_06_55_40,Not_Found,truck,1,4,True,"['Not_Found', 'Not_Found', 'non_mining']","['truck', 'truck', 'truck']",No,covered
2611,IND0041201020240200027,20_10_2024_00_37_24,non_mining,mini_truck,2,4,True,"['non_mining', 'non_mining', 'non_mining']","['mini_truck', 'mini_truck', 'mini_truck']",No,non_mining
2612,IND0041201020240200787,20_10_2024_20_22_18,Not_Found,truck,2,4,True,"['Not_Found', 'Not_Found', 'Not_Found']","['truck', 'truck', 'truck']",No,non_mining
2613,IND0041201020240100207,20_10_2024_03_54_18,Not_Found,truck,1,4,True,"['Not_Found', 'Not_Found', 'Not_Found']","['truck', 'truck', 'truck']",No,covered
2614,IND0041201020240100568,20_10_2024_09_49_17,Not_Found,truck,1,4,True,"['Not_Found', 'Not_Found', 'non_mining']","['truck', 'truck', 'truck']",No,non_mining
2615,IND0041201020240100204,20_10_2024_03_51_40,Not_Found,truck,1,4,True,"['Not_Found', 'Not_Found', 'Not_Found']","['truck', 'truck', 'truck']",No,mining_full
2616,IND0041201020240200488,20_10_2024_12_32_59,non_mining,truck,2,4,True,"['non_mining', 'non_mining', 'non_mining', 'non_mining', 'non_mining', 'non_mining']","['truck', 'truck', 'truck']",No,non_mining
2617,IND0041201020240100703,20_10_2024_11_23_36,Not_Found,truck,1,4,True,"['Not_Found', 'Not_Found', 'Not_Found']","['truck', 'truck', 'truck']",No,covered
2618,IND0041201020240200806,20_10_2024_21_10_07,Not_Found,tractor,2,1,False,['Not_Found'],['tractor'],No,non_mining
2619,IND0041201020240100698,20_10_2024_11_19_55,Not_Found,truck,1,4,True,"['Not_Found', 'Not_Found', 'Not_Found']","['truck', 'truck', 'truck']",No,covered
2620,IND0041201020240101339,20_10_2024_18_33_04,Not_Found,truck,1,4,True,"['Not_Found', 'Not_Found', 'Not_Found']","['truck', 'truck', 'truck']",No,non_mining
