,transaction_id,request_raw,transactionId,datetime,vehicleno,raw_vehicleno,top_class_name,front_class_name,front_class_name_top_camera,top_class_name_top_camera,final_front_class,final_top_class,lane_id,manual_check_reg,ANPR_frames_process,machineId,colour,material,quantity,rfid,response,status_code,statusMessage,LogID,Message
0,IND0041131120240100002,Found,IND0041131120240100002,13_11_2024_00_22_46,RJ17GC6761,RJ17GC6761,Not_Found,hywa,hywa,mining_full,hywa,mining_full,1.0,,4.0,41.0,Not_Found,Stone_crush_powder,95.0,,Found,409,Error while adding record!,0.0,
1,IND0041131120240100003,Found,IND0041131120240100003,13_11_2024_00_24_17,RP05G7053,RP05G7053,Not_Found,hywa,hywa,mining_full,hywa,mining_full,1.0,,4.0,41.0,Not_Found,Brown_Sand,98.0,,Found,200,Data Saved Successfully!,519006.0,Success
2,IND0041131120240100004,Found,IND0041131120240100004,13_11_2024_00_25_57,,20241113002342,Not_Found,truck,truck,non_mining,truck,non_mining,1.0,2,4.0,41.0,White,,0.0,,Found,200,Non Mining Vehicle or not mining full,-1.0,-1
3,IND0041131120240100005,Found,IND0041131120240100005,13_11_2024_00_27_28,,20241113002513,Not_Found,truck,truck,non_mining,truck,non_mining,1.0,2,4.0,41.0,White,,0.0,,Found,200,Non Mining Vehicle or not mining full,-1.0,-1
4,IND0041131120240100006,Found,IND0041131120240100006,13_11_2024_00_27_55,,20241113002540,Not_Found,hywa,hywa,mining_full,hywa,mining_full,1.0,2,1.0,41.0,White,Sand,99.0,,Found,409,Record is not added as there is already a record with same TransactionId IND0041131120240100006 .,519001.0,Duplicate TransactionId
5,IND0041131120240100007,Found,IND0041131120240100007,13_11_2024_00_28_31,,20241113002616,Not_Found,hywa,hywa,mining_full,hywa,mining_full,1.0,2,4.0,41.0,White,Brown_Sand,100.0,,Found,200,Data Saved Successfully!,518930.0,Success
6,IND0041131120240100008,Found,IND0041131120240100008,13_11_2024_00_28_59,,20241113002644,Not_Found,truck,truck,non_mining,truck,non_mining,1.0,2,1.0,41.0,White,,0.0,,Found,200,Non Mining Vehicle or not mining full,-1.0,-1
7,IND0041131120240100009,Found,IND0041131120240100009,13_11_2024_00_29_10,,20241113002655,non_mining,mini_truck,mini_truck,non_mining,mini_truck,non_mining,1.0,2,2.0,41.0,White,,0.0,,Found,200,Non Mining Vehicle or not mining full,-1.0,-1
8,IND0041131120240100010,Found,IND0041131120240100010,13_11_2024_00_29_53,,20241113002738,Not_Found,truck,truck,non_mining,truck,non_mining,1.0,2,1.0,41.0,White,,0.0,,Found,200,Non Mining Vehicle or not mining full,-1.0,-1
9,IND0041131120240100011,Found,IND0041131120240100011,13_11_2024_00_30_42,,20241113002827,Not_Found,truck,truck,non_mining,truck,non_mining,1.0,2,4.0,41.0,White,,0.0,,Found,200,Non Mining Vehicle or not mining full,-1.0,-1
10,IND0041131120240100012,Not Found,,,,,,,,,,,,,,,,,,,Not Found,,,,
11,IND0041131120240100013,Found,IND0041131120240100013,13_11_2024_00_32_41,MP04ZS5539,MP04ZS5539,Not_Found,hywa,hywa,mining_full,hywa,mining_full,1.0,,4.0,41.0,Not_Found,Sand,98.0,,Found,409,Error while adding record!,0.0,
12,IND0041131120240100014,Found,IND0041131120240100014,13_11_2024_00_33_27,AP05QF303,AP05QF303,non_mining,mini_truck,mini_truck,non_mining,mini_truck,non_mining,1.0,,4.0,41.0,Not_Found,,0.0,,Found,200,Non Mining Vehicle or not mining full,-1.0,-1
13,IND0041131120240100015,Found,IND0041131120240100015,13_11_2024_00_33_48,MP04ZJ5639,MP04ZJ5639,Not_Found,hywa,hywa,mining_full,hywa,mining_full,1.0,,3.0,41.0,Not_Found,Brown_Sand,91.0,,Found,409,Error while adding record!,0.0,
14,IND0041131120240100016,Found,IND0041131120240100016,13_11_2024_00_35_53,,GB0630,Not_Found,hywa,hywa,mining_full,hywa,mining_full,1.0,2,4.0,41.0,Not_Found,Brown_Sand,98.0,,Found,200,Data Saved Successfully!,518953.0,Success
15,IND0041131120240100017,Found,IND0041131120240100017,13_11_2024_00_40_06,UP70DM5731,UP70DM5731,Not_Found,truck,truck,covered,truck,covered,1.0,,4.0,41.0,White,,0.0,,Found,200,Non Mining Vehicle or not mining full,-1.0,-1
16,IND0041131120240100018,Found,IND0041131120240100018,13_11_2024_00_40_20,,20241113003805,Not_Found,truck,truck,mining_full,truck,mining_full,1.0,2,1.0,41.0,Not_Found,Sand,91.0,,Found,200,Data Saved Successfully!,518975.0,Success
17,IND0041131120240100019,Found,IND0041131120240100019,13_11_2024_00_40_36,,20241113003821,Not_Found,truck,truck,covered,truck,covered,1.0,2,4.0,41.0,Not_Found,,0.0,,Found,200,Non Mining Vehicle or not mining full,-1.0,-1
18,IND0041131120240100020,Found,IND0041131120240100020,13_11_2024_00_44_23,UP53T1525,UP53T1525,Not_Found,truck,truck,non_mining,truck,non_mining,1.0,,4.0,41.0,Not_Found,,0.0,,Found,200,Non Mining Vehicle or not mining full,-1.0,-1
19,IND0041131120240100021,Found,IND0041131120240100021,13_11_2024_00_47_50,,20241113004535,Not_Found,hywa,hywa,mining_full,hywa,mining_full,1.0,2,4.0,41.0,Black,Stone_crush_powder,91.0,,Found,409,Record is not added as there is already a record with same TransactionId IND0041131120240100021 .,518994.0,Duplicate TransactionId
20,IND0041131120240100022,Found,IND0041131120240100022,13_11_2024_00_52_08,,TATA,Not_Found,truck,truck,covered,truck,covered,1.0,2,4.0,41.0,Green,,0.0,,Found,200,Non Mining Vehicle or not mining full,-1.0,-1
21,IND0041131120240100023,Found,IND0041131120240100023,13_11_2024_00_52_45,,20241113005030,Not_Found,hywa,hywa,mining_full,hywa,mining_full,1.0,2,1.0,41.0,Not_Found,Sand,90.0,,Found,200,Data Saved Successfully!,519000.0,Success
22,IND0041131120240100024,Found,IND0041131120240100024,13_11_2024_00_53_01,,20241113005045,Not_Found,truck,truck,non_mining,truck,non_mining,1.0,2,1.0,41.0,Brown,,0.0,,Found,200,Non Mining Vehicle or not mining full,-1.0,-1
23,IND0041131120240100025,Found,IND0041131120240100025,13_11_2024_00_53_15,MP04GA7035,MP04GA7035,Not_Found,truck,truck,covered,truck,covered,1.0,,4.0,41.0,Green,,0.0,,Found,200,Non Mining Vehicle or not mining full,-1.0,-1
24,IND0041131120240100026,Found,IND0041131120240100026,13_11_2024_00_53_19,,20241113005104,Not_Found,truck,truck,covered,truck,covered,1.0,2,1.0,41.0,Not_Found,,0.0,,Found,200,Non Mining Vehicle or not mining full,-1.0,-1
25,IND0041131120240100027,Found,IND0041131120240100027,13_11_2024_00_54_31,,T150,Not_Found,truck,truck,covered,truck,covered,1.0,2,4.0,41.0,Not_Found,,0.0,,Found,200,Non Mining Vehicle or not mining full,-1.0,-1
26,IND0041131120240100028,Found,IND0041131120240100028,13_11_2024_00_55_05,,,Not_Found,hywa,hywa,mining_full,hywa,mining_full,1.0,2,2.0,41.0,White,Brown_Sand,93.0,,Found,409,Record is not added as there is already a record with same TransactionId IND0041131120240100028 .,519027.0,Duplicate TransactionId
27,IND0041131120240100029,Found,IND0041131120240100029,13_11_2024_00_58_55,RJ31GB3138,RJ31GB3138,Not_Found,truck,truck,covered,truck,covered,1.0,,4.0,41.0,Not_Found,,0.0,,Found,200,Non Mining Vehicle or not mining full,-1.0,-1
28,IND0041131120240100030,Found,IND0041131120240100030,13_11_2024_00_59_24,,20241113005709,Not_Found,mini_truck,mini_truck,non_mining,mini_truck,non_mining,1.0,2,4.0,41.0,Not_Found,,0.0,,Found,200,Non Mining Vehicle or not mining full,-1.0,-1
29,IND0041131120240100031,Found,IND0041131120240100031,13_11_2024_01_01_12,,20241113005857,Not_Found,truck,truck,non_mining,truck,non_mining,1.0,2,4.0,41.0,White,,0.0,,Found,200,Non Mining Vehicle or not mining full,-1.0,-1
30,IND0041131120240100032,Found,IND0041131120240100032,13_11_2024_01_02_48,,20241113010033,non_mining,truck,truck,non_mining,truck,non_mining,1.0,2,4.0,41.0,Not_Found,,0.0,,Found,200,Non Mining Vehicle or not mining full,-1.0,-1
31,IND0041131120240100033,Found,IND0041131120240100033,13_11_2024_01_03_54,MP09HJ8205,MP09HJ8205,Not_Found,truck,truck,covered,truck,covered,1.0,,4.0,41.0,Green,,0.0,,Found,200,Non Mining Vehicle or not mining full,-1.0,-1
32,IND0041131120240100034,Found,IND0041131120240100034,13_11_2024_01_08_56,,20241113010641,Not_Found,truck,truck,covered,truck,covered,1.0,2,3.0,41.0,Not_Found,,0.0,,Found,200,Non Mining Vehicle or not mining full,-1.0,-1
33,IND0041131120240100035,Found,IND0041131120240100035,13_11_2024_01_09_40,,GA870,Not_Found,truck,truck,covered,truck,covered,1.0,2,4.0,41.0,Not_Found,,0.0,,Found,200,Non Mining Vehicle or not mining full,-1.0,-1
34,IND0041131120240100036,Found,IND0041131120240100036,13_11_2024_01_10_24,,20241113010809,Not_Found,truck,truck,covered,truck,covered,1.0,2,2.0,41.0,White,,0.0,,Found,200,Non Mining Vehicle or not mining full,-1.0,-1
35,IND0041131120240100037,Found,IND0041131120240100037,13_11_2024_01_12_14,MP04GB3779,MP04GB3779,Not_Found,truck,truck,covered,truck,covered,1.0,,3.0,41.0,Not_Found,,0.0,,Found,200,Non Mining Vehicle or not mining full,-1.0,-1
36,IND0041131120240100038,Found,IND0041131120240100038,13_11_2024_01_29_55,,20241113012740,Not_Found,hywa,hywa,mining_full,hywa,mining_full,1.0,2,1.0,41.0,Not_Found,Sand,90.0,,Found,200,Data Saved Successfully!,518960.0,Success
37,IND0041131120240100039,Found,IND0041131120240100039,13_11_2024_01_31_48,,20241113012933,Not_Found,truck,truck,covered,truck,covered,1.0,2,1.0,41.0,Not_Found,,0.0,,Found,200,Non Mining Vehicle or not mining full,-1.0,-1
38,IND0041131120240100040,Found,IND0041131120240100040,13_11_2024_01_33_16,,20241113013101,Not_Found,truck,truck,non_mining,truck,non_mining,1.0,2,1.0,41.0,Black,,0.0,,Found,200,Non Mining Vehicle or not mining full,-1.0,-1
39,IND0041131120240100041,Found,IND0041131120240100041,13_11_2024_01_34_38,,20241113013223,Not_Found,truck,truck,covered,truck,covered,1.0,2,3.0,41.0,Brown,,0.0,,Found,200,Non Mining Vehicle or not mining full,-1.0,-1
40,IND0041131120240100042,Found,IND0041131120240100042,13_11_2024_01_38_42,,20241113013627,Not_Found,truck,truck,non_mining,truck,non_mining,1.0,2,2.0,41.0,Not_Found,,0.0,,Found,200,Non Mining Vehicle or not mining full,-1.0,-1
41,IND0041131120240100043,Found,IND0041131120240100043,13_11_2024_01_41_29,,20241113013914,Not_Found,truck,truck,non_mining,truck,non_mining,1.0,2,4.0,41.0,Not_Found,,0.0,,Found,200,Non Mining Vehicle or not mining full,-1.0,-1
42,IND0041131120240100044,Found,IND0041131120240100044,13_11_2024_01_42_54,,20241113014039,Not_Found,truck,truck,covered,truck,covered,1.0,2,4.0,41.0,Not_Found,,0.0,,Found,200,Non Mining Vehicle or not mining full,-1.0,-1
43,IND0041131120240100045,Found,IND0041131120240100045,13_11_2024_01_44_33,,,Not_Found,truck,truck,non_mining,truck,non_mining,1.0,2,1.0,41.0,Not_Found,,0.0,,Found,200,Non Mining Vehicle or not mining full,-1.0,-1
44,IND0041131120240100046,Found,IND0041131120240100046,13_11_2024_01_44_58,,,Not_Found,truck,truck,covered,truck,covered,1.0,2,4.0,41.0,Green,,0.0,,Found,200,Non Mining Vehicle or not mining full,-1.0,-1
45,IND0041131120240100047,Found,IND0041131120240100047,13_11_2024_01_45_15,,,Not_Found,truck,truck,non_mining,truck,non_mining,1.0,2,1.0,41.0,Not_Found,,0.0,,Found,200,Non Mining Vehicle or not mining full,-1.0,-1
46,IND0041131120240100048,Found,IND0041131120240100048,13_11_2024_01_45_21,,20241113014306,Not_Found,truck,truck,non_mining,truck,non_mining,1.0,2,2.0,41.0,Not_Found,,0.0,,Found,200,Non Mining Vehicle or not mining full,-1.0,-1
47,IND0041131120240100049,Found,IND0041131120240100049,13_11_2024_01_49_13,,20241113014658,Not_Found,tractor,tractor,non_mining,tractor,non_mining,1.0,2,1.0,41.0,Not_Found,,0.0,,Found,200,Non Mining Vehicle or not mining full,-1.0,-1
48,IND0041131120240100050,Found,IND0041131120240100050,13_11_2024_01_52_23,,20241113015008,Not_Found,hywa,hywa,mining_full,hywa,mining_full,1.0,2,3.0,41.0,Not_Found,Brown_Sand,93.0,,Found,200,Data Saved Successfully!,519013.0,Success
49,IND0041131120240100051,Found,IND0041131120240100051,13_11_2024_01_54_04,,,Not_Found,truck,truck,covered,truck,covered,1.0,2,4.0,41.0,Brown,,0.0,,Found,200,Non Mining Vehicle or not mining full,-1.0,-1
50,IND0041131120240100052,Found,IND0041131120240100052,13_11_2024_01_54_20,MP04ZV9212,MP04ZV9212,Not_Found,truck,truck,covered,truck,covered,1.0,,4.0,41.0,Brown,,0.0,,Found,200,Non Mining Vehicle or not mining full,-1.0,-1
51,IND0041131120240100053,Found,IND0041131120240100053,13_11_2024_01_56_06,,20241113015351,Not_Found,truck,truck,non_mining,truck,non_mining,1.0,2,4.0,41.0,Not_Found,,0.0,,Found,200,Non Mining Vehicle or not mining full,-1.0,-1
52,IND0041131120240100054,Found,IND0041131120240100054,13_11_2024_01_59_43,,20241113015728,Not_Found,truck,truck,covered,truck,covered,1.0,2,1.0,41.0,Not_Found,,0.0,,Found,200,Non Mining Vehicle or not mining full,-1.0,-1
53,IND0041131120240100055,Found,IND0041131120240100055,13_11_2024_02_02_45,,20241113020030,Not_Found,truck,truck,non_mining,truck,non_mining,1.0,2,4.0,41.0,Not_Found,,0.0,,Found,200,Non Mining Vehicle or not mining full,-1.0,-1
54,IND0041131120240100056,Found,IND0041131120240100056,13_11_2024_02_05_22,NL01Q8220,NL01Q8220,Not_Found,truck,truck,mining_full,truck,mining_full,1.0,,4.0,41.0,Not_Found,Sand,93.0,,Found,409,Record is not added as there is already a record with same TransactionId IND0041131120240100056 .,519007.0,Duplicate TransactionId
55,IND0041131120240100057,Not Found,,,,,,,,,,,,,,,,,,,Not Found,,,,
56,IND0041131120240100058,Found,IND0041131120240100058,13_11_2024_02_12_06,,20241113020951,Not_Found,truck,truck,covered,truck,covered,1.0,2,4.0,41.0,Not_Found,,0.0,,Found,200,Non Mining Vehicle or not mining full,-1.0,-1
57,IND0041131120240100059,Found,IND0041131120240100059,13_11_2024_02_14_27,,,Not_Found,hywa,hywa,mining_full,hywa,mining_full,1.0,2,1.0,41.0,White,Brown_Sand,95.0,,Found,409,Record is not added as there is already a record with same TransactionId IND0041131120240100059 .,519018.0,Duplicate TransactionId
58,IND0041131120240100060,Found,IND0041131120240100060,13_11_2024_02_23_27,MP20HB8232,MP20HB8232,Not_Found,truck,truck,covered,truck,covered,1.0,,4.0,41.0,Not_Found,,0.0,,Found,200,Non Mining Vehicle or not mining full,-1.0,-1
59,IND0041131120240100061,Found,IND0041131120240100061,13_11_2024_02_23_38,,20241113022123,Not_Found,truck,truck,covered,truck,covered,1.0,2,4.0,41.0,White,,0.0,,Found,200,Non Mining Vehicle or not mining full,-1.0,-1
60,IND0041131120240100062,Found,IND0041131120240100062,13_11_2024_02_23_57,,20241113022142,Not_Found,truck,truck,non_mining,truck,non_mining,1.0,2,1.0,41.0,Not_Found,,0.0,,Found,200,Non Mining Vehicle or not mining full,-1.0,-1
61,IND0041131120240100063,Found,IND0041131120240100063,13_11_2024_02_24_18,,20241113022203,Not_Found,hywa,hywa,mining_full,hywa,mining_full,1.0,2,4.0,41.0,Brown,Brown_Sand,94.0,,Found,200,Data Saved Successfully!,518928.0,Success
62,IND0041131120240100064,Found,IND0041131120240100064,13_11_2024_02_26_08,KA25D1420,KA25D1420,Not_Found,truck,truck,non_mining,truck,non_mining,1.0,,4.0,41.0,Brown,,0.0,,Found,200,Non Mining Vehicle or not mining full,-1.0,-1
63,IND0041131120240100065,Found,IND0041131120240100065,13_11_2024_02_27_46,MP04ZS3018,MP04ZS3018,Not_Found,truck,truck,non_mining,truck,non_mining,1.0,,4.0,41.0,Not_Found,,0.0,,Found,200,Non Mining Vehicle or not mining full,-1.0,-1
64,IND0041131120240100066,Found,IND0041131120240100066,13_11_2024_02_32_48,MH24AU9965,MH24AU9965,Not_Found,truck,truck,non_mining,truck,non_mining,1.0,,4.0,41.0,Not_Found,,0.0,,Found,200,Non Mining Vehicle or not mining full,-1.0,-1
65,IND0041131120240100067,Not Found,,,,,,,,,,,,,,,,,,,Not Found,,,,
66,IND0041131120240100068,Found,IND0041131120240100068,13_11_2024_02_34_06,,20241113023151,Not_Found,truck,truck,non_mining,truck,non_mining,1.0,2,4.0,41.0,Not_Found,,0.0,,Found,200,Non Mining Vehicle or not mining full,-1.0,-1
67,IND0041131120240100069,Found,IND0041131120240100069,13_11_2024_02_34_38,RJ14GF0065,RJ14GF0065,Not_Found,truck,truck,mining_empty,truck,mining_empty,1.0,,4.0,41.0,White,,0.0,,Found,200,Non Mining Vehicle or not mining full,-1.0,-1
68,IND0041131120240100070,Found,IND0041131120240100070,13_11_2024_02_34_49,,,Not_Found,hywa,hywa,mining_full,hywa,mining_full,1.0,2,2.0,41.0,Black,Sand,99.0,,Found,200,Data Saved Successfully!,518947.0,Success
69,IND0041131120240100071,Found,IND0041131120240100071,13_11_2024_02_36_07,,20241113023352,Not_Found,truck,truck,covered,truck,covered,1.0,2,2.0,41.0,Brown,,0.0,,Found,200,Non Mining Vehicle or not mining full,-1.0,-1
70,IND0041131120240100072,Found,IND0041131120240100072,13_11_2024_02_38_42,,20241113023627,Not_Found,hywa,hywa,mining_full,hywa,mining_full,1.0,2,4.0,41.0,White,Brown_Sand,96.0,,Found,200,Data Saved Successfully!,518962.0,Success
71,IND0041131120240100073,Found,IND0041131120240100073,13_11_2024_02_39_57,HJ07GC8742,HJ07GC8742,Not_Found,truck,truck,non_mining,truck,non_mining,1.0,,4.0,41.0,Brown,,0.0,,Found,200,Non Mining Vehicle or not mining full,-1.0,-1
72,IND0041131120240100074,Found,IND0041131120240100074,13_11_2024_02_41_56,MP09HG8425,MP09HG8425,Not_Found,truck,truck,covered,truck,covered,1.0,,4.0,41.0,White,,0.0,,Found,200,Non Mining Vehicle or not mining full,-1.0,-1
73,IND0041131120240100075,Found,IND0041131120240100075,13_11_2024_02_53_01,MP09HH7284,MP09HH7284,Not_Found,truck,truck,covered,truck,covered,1.0,,4.0,41.0,Yellow_orange,,0.0,,Found,200,Non Mining Vehicle or not mining full,-1.0,-1
74,IND0041131120240100076,Found,IND0041131120240100076,13_11_2024_02_53_55,,20241113025140,Not_Found,hywa,hywa,mining_full,hywa,mining_full,1.0,2,1.0,41.0,Not_Found,Stone_crush_powder,98.0,,Found,409,Record is not added as there is already a record with same TransactionId IND0041131120240100076 .,518985.0,Duplicate TransactionId
75,IND0041131120240100077,Found,IND0041131120240100077,13_11_2024_02_54_08,,OPA7296,Not_Found,truck,truck,non_mining,truck,non_mining,1.0,2,2.0,41.0,Not_Found,,0.0,,Found,200,Non Mining Vehicle or not mining full,-1.0,-1
76,IND0041131120240100078,Found,IND0041131120240100078,13_11_2024_02_55_27,MP04EC2452,MP04EC2452,Not_Found,mini_truck,Not_Found,non_mining,mini_truck,non_mining,1.0,,4.0,41.0,Not_Found,,0.0,,Found,200,Non Mining Vehicle or not mining full,-1.0,-1
77,IND0041131120240100079,Found,IND0041131120240100079,13_11_2024_02_58_27,,20241113025611,Not_Found,truck,truck,covered,truck,covered,1.0,2,4.0,41.0,Not_Found,,0.0,,Found,200,Non Mining Vehicle or not mining full,-1.0,-1
78,IND0041131120240100080,Found,IND0041131120240100080,13_11_2024_03_03_58,,,Not_Found,truck,truck,covered,truck,covered,1.0,2,4.0,41.0,White,,0.0,,Found,200,Non Mining Vehicle or not mining full,-1.0,-1
79,IND0041131120240100081,Found,IND0041131120240100081,13_11_2024_03_04_21,,20241113030206,Not_Found,truck,truck,non_mining,truck,non_mining,1.0,2,4.0,41.0,White,,0.0,,Found,200,Non Mining Vehicle or not mining full,-1.0,-1
80,IND0041131120240100082,Found,IND0041131120240100082,13_11_2024_03_04_43,RJ17GB1186,RJ17GB1186,Not_Found,hywa,hywa,mining_full,hywa,mining_full,1.0,,4.0,41.0,White,Brown_Sand,98.0,,Found,409,Error while adding record!,0.0,
81,IND0041131120240100083,Not Found,,,,,,,,,,,,,,,,,,,Not Found,,,,
82,IND0041131120240100084,Found,IND0041131120240100084,13_11_2024_03_05_51,MH18C2757,MH18C2757,Not_Found,truck,truck,covered,truck,covered,1.0,,4.0,41.0,Not_Found,,0.0,,Found,200,Non Mining Vehicle or not mining full,-1.0,-1
83,IND0041131120240100085,Found,IND0041131120240100085,13_11_2024_03_06_12,MP04Z6170,MP04Z6170,Not_Found,mini_truck,mini_truck,non_mining,mini_truck,non_mining,1.0,,4.0,41.0,Not_Found,,0.0,,Found,200,Non Mining Vehicle or not mining full,-1.0,-1
84,IND0041131120240100086,Found,IND0041131120240100086,13_11_2024_03_09_40,,,Not_Found,truck,truck,covered,truck,covered,1.0,2,1.0,41.0,White,,0.0,,Found,200,Non Mining Vehicle or not mining full,-1.0,-1
85,IND0041131120240100087,Found,IND0041131120240100087,13_11_2024_03_10_34,,20241113030819,Not_Found,mini_truck,mini_truck,non_mining,mini_truck,non_mining,1.0,2,1.0,41.0,White,,0.0,,Found,200,Non Mining Vehicle or not mining full,-1.0,-1
86,IND0041131120240100088,Found,IND0041131120240100088,13_11_2024_03_10_42,,20241113030827,Not_Found,mini_truck,mini_truck,non_mining,mini_truck,non_mining,1.0,2,1.0,41.0,Not_Found,,0.0,,Found,200,Non Mining Vehicle or not mining full,-1.0,-1
87,IND0041131120240100089,Found,IND0041131120240100089,13_11_2024_03_11_18,,20241113030903,Not_Found,hywa,hywa,mining_full,hywa,mining_full,1.0,2,3.0,41.0,Not_Found,Stone_crush_powder,97.0,,Found,200,Data Saved Successfully!,519021.0,Success
88,IND0041131120240100090,Found,IND0041131120240100090,13_11_2024_03_15_30,,20241113031314,Not_Found,truck,truck,non_mining,truck,non_mining,1.0,2,3.0,41.0,Not_Found,,0.0,,Found,200,Non Mining Vehicle or not mining full,-1.0,-1
89,IND0041131120240100091,Found,IND0041131120240100091,13_11_2024_03_18_44,UP21ET1785,UP21ET1785,Not_Found,truck,truck,covered,truck,covered,1.0,,4.0,41.0,Not_Found,,0.0,,Found,200,Non Mining Vehicle or not mining full,-1.0,-1
90,IND0041131120240100092,Found,IND0041131120240100092,13_11_2024_03_19_32,,20241113031717,Not_Found,mini_truck,mini_truck,non_mining,mini_truck,non_mining,1.0,2,4.0,41.0,Not_Found,,0.0,,Found,200,Non Mining Vehicle or not mining full,-1.0,-1
91,IND0041131120240100093,Found,IND0041131120240100093,13_11_2024_03_19_50,,20241113031735,non_mining,truck,truck,covered,truck,non_mining,1.0,2,4.0,41.0,Not_Found,,0.0,,Found,200,Non Mining Vehicle or not mining full,-1.0,-1
92,IND0041131120240100094,Found,IND0041131120240100094,13_11_2024_03_20_59,MH40CT4410,MH40CT4410,Not_Found,mini_truck,mini_truck,non_mining,mini_truck,non_mining,1.0,,4.0,41.0,Not_Found,,0.0,,Found,200,Non Mining Vehicle or not mining full,-1.0,-1
93,IND0041131120240100095,Found,IND0041131120240100095,13_11_2024_03_21_57,,,Not_Found,truck,truck,covered,truck,covered,1.0,2,4.0,41.0,Brown,,0.0,,Found,200,Non Mining Vehicle or not mining full,-1.0,-1
94,IND0041131120240100096,Found,IND0041131120240100096,13_11_2024_03_23_29,RJ32GD2895,RJ32GD2895,Not_Found,truck,truck,non_mining,truck,non_mining,1.0,,4.0,41.0,Green,,0.0,,Found,200,Non Mining Vehicle or not mining full,-1.0,-1
95,IND0041131120240100097,Found,IND0041131120240100097,13_11_2024_03_24_08,,20241113032153,Not_Found,truck,truck,covered,truck,covered,1.0,2,4.0,41.0,Not_Found,,0.0,,Found,200,Non Mining Vehicle or not mining full,-1.0,-1
96,IND0041131120240100098,Found,IND0041131120240100098,13_11_2024_03_30_16,,,Not_Found,hywa,hywa,mining_full,hywa,mining_full,1.0,2,4.0,41.0,White,Stone_crush_powder,92.0,,Found,409,Record is not added as there is already a record with same TransactionId IND0041131120240100098 .,518986.0,Duplicate TransactionId
97,IND0041131120240100099,Found,IND0041131120240100099,13_11_2024_03_33_22,,20241113033107,Not_Found,hywa,hywa,mining_full,hywa,mining_full,1.0,2,1.0,41.0,Not_Found,Sand,100.0,,Found,409,Record is not added as there is already a record with same TransactionId IND0041131120240100099 .,518984.0,Duplicate TransactionId
98,IND0041131120240100100,Found,IND0041131120240100100,13_11_2024_03_33_28,,20241113033113,Not_Found,truck,truck,mining_empty,truck,mining_empty,1.0,2,2.0,41.0,Brown,,0.0,,Found,200,Non Mining Vehicle or not mining full,-1.0,-1
99,IND0041131120240100101,Found,IND0041131120240100101,13_11_2024_03_34_31,,20241113033216,Not_Found,truck,truck,covered,truck,covered,1.0,2,4.0,41.0,White,,0.0,,Found,200,Non Mining Vehicle or not mining full,-1.0,-1
100,IND0041131120240100102,Found,IND0041131120240100102,13_11_2024_03_34_45,RJ32GD6687,RJ32GD6687,Not_Found,truck,truck,covered,truck,covered,1.0,,4.0,41.0,Not_Found,,0.0,,Found,200,Non Mining Vehicle or not mining full,-1.0,-1
101,IND0041131120240100103,Found,IND0041131120240100103,13_11_2024_03_35_06,MP04GB6866,MP04GB6866,Not_Found,truck,truck,non_mining,truck,non_mining,1.0,,4.0,41.0,Not_Found,,0.0,,Found,200,Non Mining Vehicle or not mining full,-1.0,-1
102,IND0041131120240100104,Found,IND0041131120240100104,13_11_2024_03_37_44,RJ09GD1058,RJ09GD1058,Not_Found,truck,truck,covered,truck,covered,1.0,,4.0,41.0,White,,0.0,,Found,200,Non Mining Vehicle or not mining full,-1.0,-1
103,IND0041131120240100105,Found,IND0041131120240100105,13_11_2024_03_40_03,,20241113033748,Not_Found,truck,truck,covered,truck,covered,1.0,2,3.0,41.0,White,,0.0,,Found,200,Non Mining Vehicle or not mining full,-1.0,-1
104,IND0041131120240100106,Found,IND0041131120240100106,13_11_2024_03_43_24,,,Not_Found,truck,truck,non_mining,truck,non_mining,1.0,2,4.0,41.0,Not_Found,,0.0,,Found,200,Non Mining Vehicle or not mining full,-1.0,-1
105,IND0041131120240100107,Found,IND0041131120240100107,13_11_2024_03_44_01,MP04HE3715,MP04HE3715,Not_Found,truck,truck,covered,truck,covered,1.0,,4.0,41.0,White,,0.0,,Found,200,Non Mining Vehicle or not mining full,-1.0,-1
106,IND0041131120240100108,Found,IND0041131120240100108,13_11_2024_03_44_33,,,Not_Found,truck,truck,covered,truck,covered,1.0,2,1.0,41.0,Not_Found,,0.0,,Found,200,Non Mining Vehicle or not mining full,-1.0,-1
107,IND0041131120240100109,Found,IND0041131120240100109,13_11_2024_03_49_18,,,Not_Found,truck,truck,covered,truck,covered,1.0,2,4.0,41.0,Not_Found,,0.0,,Found,200,Non Mining Vehicle or not mining full,-1.0,-1
108,IND0041131120240100110,Found,IND0041131120240100110,13_11_2024_03_49_26,,4192,Not_Found,mini_truck,mini_truck,covered,mini_truck,covered,1.0,2,2.0,41.0,Brown,,0.0,,Found,200,Non Mining Vehicle or not mining full,-1.0,-1
109,IND0041131120240100111,Found,IND0041131120240100111,13_11_2024_03_50_38,,,Not_Found,hywa,hywa,mining_full,hywa,mining_full,1.0,2,2.0,41.0,Not_Found,Brown_Sand,92.0,,Found,200,Data Saved Successfully!,518965.0,Success
110,IND0041131120240100112,Found,IND0041131120240100112,13_11_2024_03_54_54,MP20GB1570,MP20GB1570,Not_Found,truck,truck,covered,truck,covered,1.0,,4.0,41.0,Not_Found,,0.0,,Found,200,Non Mining Vehicle or not mining full,-1.0,-1
111,IND0041131120240100113,Found,IND0041131120240100113,13_11_2024_03_59_54,RJ11GB9895,RJ11GB9895,Not_Found,truck,truck,covered,truck,covered,1.0,,4.0,41.0,White,,0.0,,Found,200,Non Mining Vehicle or not mining full,-1.0,-1
112,IND0041131120240100114,Found,IND0041131120240100114,13_11_2024_04_01_41,,20241113035926,Not_Found,truck,truck,covered,truck,covered,1.0,2,4.0,41.0,Not_Found,,0.0,,Found,200,Non Mining Vehicle or not mining full,-1.0,-1
113,IND0041131120240100115,Found,IND0041131120240100115,13_11_2024_04_04_15,,,Not_Found,truck,truck,covered,truck,covered,1.0,2,1.0,41.0,Brown,,0.0,,Found,200,Non Mining Vehicle or not mining full,-1.0,-1
114,IND0041131120240100116,Found,IND0041131120240100116,13_11_2024_04_04_23,MP04YC1269,MP04YC1269,Not_Found,truck,truck,non_mining,truck,non_mining,1.0,,4.0,41.0,Not_Found,,0.0,,Found,200,Non Mining Vehicle or not mining full,-1.0,-1
115,IND0041131120240100117,Found,IND0041131120240100117,13_11_2024_04_05_00,,GB3813,Not_Found,truck,truck,non_mining,truck,non_mining,1.0,2,4.0,41.0,Not_Found,,0.0,,Found,200,Non Mining Vehicle or not mining full,-1.0,-1
116,IND0041131120240100118,Found,IND0041131120240100118,13_11_2024_04_05_41,,20241113040326,Not_Found,truck,truck,covered,truck,covered,1.0,2,4.0,41.0,Not_Found,,0.0,,Found,200,Non Mining Vehicle or not mining full,-1.0,-1
117,IND0041131120240100119,Found,IND0041131120240100119,13_11_2024_04_05_53,,20241113040339,Not_Found,truck,truck,covered,truck,covered,1.0,2,4.0,41.0,Not_Found,,0.0,,Found,200,Non Mining Vehicle or not mining full,-1.0,-1
118,IND0041131120240100120,Found,IND0041131120240100120,13_11_2024_04_08_01,,20241113040546,Not_Found,truck,truck,covered,truck,covered,1.0,2,4.0,41.0,Not_Found,,0.0,,Found,200,Non Mining Vehicle or not mining full,-1.0,-1
119,IND0041131120240100121,Found,IND0041131120240100121,13_11_2024_04_09_11,,20241113040657,Not_Found,truck,truck,non_mining,truck,non_mining,1.0,2,4.0,41.0,Not_Found,,0.0,,Found,200,Non Mining Vehicle or not mining full,-1.0,-1
120,IND0041131120240100122,Found,IND0041131120240100122,13_11_2024_04_12_10,,20241113040955,Not_Found,truck,truck,covered,truck,covered,1.0,2,2.0,41.0,White,,0.0,,Found,200,Non Mining Vehicle or not mining full,-1.0,-1
121,IND0041131120240100123,Found,IND0041131120240100123,13_11_2024_04_13_02,,20241113041047,Not_Found,hywa,hywa,mining_full,hywa,mining_full,1.0,2,1.0,41.0,White,Brown_Sand,98.0,,Found,409,Record is not added as there is already a record with same TransactionId IND0041131120240100123 .,519015.0,Duplicate TransactionId
122,IND0041131120240100124,Found,IND0041131120240100124,13_11_2024_04_14_01,,100,Not_Found,truck,truck,covered,truck,covered,1.0,2,2.0,41.0,White,,0.0,,Found,200,Non Mining Vehicle or not mining full,-1.0,-1
123,IND0041131120240100125,Found,IND0041131120240100125,13_11_2024_04_14_43,,,Not_Found,truck,truck,non_mining,truck,non_mining,1.0,2,1.0,41.0,Not_Found,,0.0,,Found,200,Non Mining Vehicle or not mining full,-1.0,-1
124,IND0041131120240100126,Found,IND0041131120240100126,13_11_2024_04_16_35,MP07HB3405,MP07HB3405,Not_Found,truck,truck,covered,truck,covered,1.0,,4.0,41.0,Black,,0.0,,Found,200,Non Mining Vehicle or not mining full,-1.0,-1
125,IND0041131120240100127,Found,IND0041131120240100127,13_11_2024_04_17_06,,20241113041451,Not_Found,truck,truck,covered,truck,covered,1.0,2,4.0,41.0,Not_Found,,0.0,,Found,200,Non Mining Vehicle or not mining full,-1.0,-1
126,IND0041131120240100128,Found,IND0041131120240100128,13_11_2024_04_19_13,,20241113041658,non_mining,truck,truck,non_mining,truck,non_mining,1.0,2,1.0,41.0,White,,0.0,,Found,200,Non Mining Vehicle or not mining full,-1.0,-1
127,IND0041131120240100129,Found,IND0041131120240100129,13_11_2024_04_24_07,,,Not_Found,truck,truck,covered,truck,covered,1.0,2,3.0,41.0,White,,0.0,,Found,200,Non Mining Vehicle or not mining full,-1.0,-1
128,IND0041131120240100130,Found,IND0041131120240100130,13_11_2024_04_27_16,,20241113042457,Not_Found,truck,truck,non_mining,truck,non_mining,1.0,2,4.0,41.0,Not_Found,,0.0,,Found,200,Non Mining Vehicle or not mining full,-1.0,-1
129,IND0041131120240100131,Found,IND0041131120240100131,13_11_2024_04_29_40,,20241113042721,Not_Found,truck,truck,covered,truck,covered,1.0,2,3.0,41.0,Not_Found,,0.0,,Found,200,Non Mining Vehicle or not mining full,-1.0,-1
130,IND0041131120240100132,Found,IND0041131120240100132,13_11_2024_04_30_24,,20241113042805,Not_Found,truck,truck,mining_full,truck,mining_full,1.0,2,4.0,41.0,Not_Found,Brown_Sand,96.0,,Found,409,Record is not added as there is already a record with same TransactionId IND0041131120240100132 .,518956.0,Duplicate TransactionId
131,IND0041131120240100133,Found,IND0041131120240100133,13_11_2024_04_34_30,MP66H1310,MP66H1310,Not_Found,truck,truck,covered,truck,covered,1.0,,4.0,41.0,White,,0.0,,Found,200,Non Mining Vehicle or not mining full,-1.0,-1
132,IND0041131120240100134,Found,IND0041131120240100134,13_11_2024_04_37_06,,,Not_Found,hywa,hywa,mining_full,hywa,mining_full,1.0,2,2.0,41.0,Not_Found,Brown_Sand,93.0,,Found,409,Record is not added as there is already a record with same TransactionId IND0041131120240100134 .,519028.0,Duplicate TransactionId
133,IND0041131120240100135,Found,IND0041131120240100135,13_11_2024_04_39_05,,20241113043646,Not_Found,truck,truck,covered,truck,covered,1.0,2,1.0,41.0,Not_Found,,0.0,,Found,200,Non Mining Vehicle or not mining full,-1.0,-1
134,IND0041131120240100136,Found,IND0041131120240100136,13_11_2024_04_44_22,,20241113044203,Not_Found,truck,truck,covered,truck,covered,1.0,2,3.0,41.0,Green,,0.0,,Found,200,Non Mining Vehicle or not mining full,-1.0,-1
135,IND0041131120240100137,Found,IND0041131120240100137,13_11_2024_04_52_27,MH18BZ1049,MH18BZ1049,Not_Found,truck,truck,covered,truck,covered,1.0,,4.0,41.0,Not_Found,,0.0,,Found,200,Non Mining Vehicle or not mining full,-1.0,-1
136,IND0041131120240100138,Found,IND0041131120240100138,13_11_2024_04_52_47,,20241113045028,Not_Found,hywa,hywa,mining_full,hywa,mining_full,1.0,2,1.0,41.0,White,Brown_Sand,94.0,,Found,200,Data Saved Successfully!,519026.0,Success
137,IND0041131120240100139,Found,IND0041131120240100139,13_11_2024_04_52_54,IP09HH6523,IP09HH6523,Not_Found,truck,truck,covered,truck,covered,1.0,,4.0,41.0,Brown,,0.0,,Found,200,Non Mining Vehicle or not mining full,-1.0,-1
138,IND0041131120240100140,Found,IND0041131120240100140,13_11_2024_04_55_11,,,Not_Found,truck,truck,covered,truck,covered,1.0,2,3.0,41.0,Not_Found,,0.0,,Found,200,Non Mining Vehicle or not mining full,-1.0,-1
139,IND0041131120240100141,Found,IND0041131120240100141,13_11_2024_04_57_06,,20241113045447,Not_Found,truck,truck,mining_full,truck,mining_full,1.0,2,4.0,41.0,Black,Stone_crush_powder,97.0,,Found,409,Record is not added as there is already a record with same TransactionId IND0041131120240100141 .,519017.0,Duplicate TransactionId
140,IND0041131120240100142,Found,IND0041131120240100142,13_11_2024_04_58_57,,20241113045638,Not_Found,truck,truck,non_mining,truck,non_mining,1.0,2,1.0,41.0,Not_Found,,0.0,,Found,200,Non Mining Vehicle or not mining full,-1.0,-1
141,IND0041131120240100143,Found,IND0041131120240100143,13_11_2024_04_59_14,,20241113045655,Not_Found,truck,truck,non_mining,truck,non_mining,1.0,2,2.0,41.0,Not_Found,,0.0,,Found,200,Non Mining Vehicle or not mining full,-1.0,-1
142,IND0041131120240100144,Found,IND0041131120240100144,13_11_2024_05_00_05,,20241113045746,Not_Found,truck,truck,covered,truck,covered,1.0,2,1.0,41.0,Not_Found,,0.0,,Found,200,Non Mining Vehicle or not mining full,-1.0,-1
143,IND0041131120240100145,Found,IND0041131120240100145,13_11_2024_05_00_10,RJ11GC3477,RJ11GC3477,Not_Found,truck,truck,non_mining,truck,non_mining,1.0,,4.0,41.0,Not_Found,,0.0,,Found,200,Non Mining Vehicle or not mining full,-1.0,-1
144,IND0041131120240100146,Found,IND0041131120240100146,13_11_2024_05_00_53,,20241113045834,Not_Found,hywa,hywa,mining_full,hywa,mining_full,1.0,2,1.0,41.0,Not_Found,Sand,90.0,,Found,409,Record is not added as there is already a record with same TransactionId IND0041131120240100146 .,519004.0,Duplicate TransactionId
145,IND0041131120240100147,Found,IND0041131120240100147,13_11_2024_05_01_51,,,Not_Found,hywa,hywa,mining_full,hywa,mining_full,1.0,2,4.0,41.0,Not_Found,Brown_Sand,93.0,,Found,200,Data Saved Successfully!,518988.0,Success
146,IND0041131120240100148,Found,IND0041131120240100148,13_11_2024_05_02_25,,,Not_Found,truck,truck,non_mining,truck,non_mining,1.0,2,3.0,41.0,Not_Found,,0.0,,Found,200,Non Mining Vehicle or not mining full,-1.0,-1
147,IND0041131120240100149,Found,IND0041131120240100149,13_11_2024_05_11_39,,,Not_Found,hywa,hywa,mining_full,hywa,mining_full,1.0,2,1.0,41.0,Not_Found,Stone_crush_powder,97.0,,Found,200,Data Saved Successfully!,518935.0,Success
148,IND0041131120240100150,Found,IND0041131120240100150,13_11_2024_05_13_04,,20241113051045,Not_Found,truck,truck,covered,truck,covered,1.0,2,4.0,41.0,Not_Found,,0.0,,Found,200,Non Mining Vehicle or not mining full,-1.0,-1
149,IND0041131120240100151,Found,IND0041131120240100151,13_11_2024_05_16_09,,20241113051350,Not_Found,truck,truck,non_mining,truck,non_mining,1.0,2,3.0,41.0,Black,,0.0,,Found,200,Non Mining Vehicle or not mining full,-1.0,-1
150,IND0041131120240100152,Not Found,,,,,,,,,,,,,,,,,,,Not Found,,,,
151,IND0041131120240100153,Found,IND0041131120240100153,13_11_2024_05_27_57,,20241113052538,Not_Found,truck,truck,non_mining,truck,non_mining,1.0,2,2.0,41.0,White,,0.0,,Found,200,Non Mining Vehicle or not mining full,-1.0,-1
152,IND0041131120240100154,Found,IND0041131120240100154,13_11_2024_05_28_05,RJ14GQ2357,RJ14GQ2357,Not_Found,truck,truck,non_mining,truck,non_mining,1.0,,4.0,41.0,White,,0.0,,Found,200,Non Mining Vehicle or not mining full,-1.0,-1
153,IND0041131120240100155,Found,IND0041131120240100155,13_11_2024_05_30_29,,20241113052811,Not_Found,truck,Not_Found,Not_Found,truck,Not_Found,1.0,2,3.0,41.0,White,,0.0,,Found,200,Non Mining Vehicle or not mining full,-1.0,-1
154,IND0041131120240100156,Found,IND0041131120240100156,13_11_2024_05_35_35,,20241113053316,Not_Found,truck,truck,covered,truck,covered,1.0,2,4.0,41.0,Blue,,0.0,,Found,200,Non Mining Vehicle or not mining full,-1.0,-1
155,IND0041131120240100157,Found,IND0041131120240100157,13_11_2024_05_36_09,DD01F9931,DD01F9931,Not_Found,truck,truck,covered,truck,covered,1.0,,4.0,41.0,Not_Found,,0.0,,Found,200,Non Mining Vehicle or not mining full,-1.0,-1
156,IND0041131120240100158,Found,IND0041131120240100158,13_11_2024_05_36_22,,20241113053403,Not_Found,hywa,hywa,mining_full,hywa,mining_full,1.0,2,3.0,41.0,White,Brown_Sand,91.0,,Found,200,Data Saved Successfully!,518955.0,Success
157,IND0041131120240100159,Found,IND0041131120240100159,13_11_2024_05_36_57,,20241113053438,Not_Found,truck,truck,non_mining,truck,non_mining,1.0,2,4.0,41.0,White,,0.0,,Found,200,Non Mining Vehicle or not mining full,-1.0,-1
158,IND0041131120240100160,Found,IND0041131120240100160,13_11_2024_05_37_23,,20241113053504,Not_Found,truck,truck,non_mining,truck,non_mining,1.0,2,1.0,41.0,White,,0.0,,Found,200,Non Mining Vehicle or not mining full,-1.0,-1
159,IND0041131120240100161,Found,IND0041131120240100161,13_11_2024_05_38_09,,20241113053550,Not_Found,truck,truck,non_mining,truck,non_mining,1.0,2,4.0,41.0,White,,0.0,,Found,200,Non Mining Vehicle or not mining full,-1.0,-1
160,IND0041131120240100162,Found,IND0041131120240100162,13_11_2024_05_39_01,RJ09GQ1632,RJ09GQ1632,Not_Found,truck,truck,covered,truck,covered,1.0,,4.0,41.0,White,,0.0,,Found,200,Non Mining Vehicle or not mining full,-1.0,-1
161,IND0041131120240100163,Found,IND0041131120240100163,13_11_2024_05_39_53,RJ09GD1122,RJ09GD1122,Not_Found,truck,truck,covered,truck,covered,1.0,,4.0,41.0,Not_Found,,0.0,,Found,200,Non Mining Vehicle or not mining full,-1.0,-1
162,IND0041131120240100164,Found,IND0041131120240100164,13_11_2024_05_41_41,,20241113053922,Not_Found,truck,truck,covered,truck,covered,1.0,2,4.0,41.0,Not_Found,,0.0,,Found,200,Non Mining Vehicle or not mining full,-1.0,-1
163,IND0041131120240100165,Found,IND0041131120240100165,13_11_2024_05_41_52,,20241113053934,Not_Found,hywa,hywa,mining_full,hywa,mining_full,1.0,2,3.0,41.0,White,Brown_Sand,91.0,,Found,200,Data Saved Successfully!,518949.0,Success
164,IND0041131120240100166,Found,IND0041131120240100166,13_11_2024_05_42_08,,20241113053949,Not_Found,truck,truck,non_mining,truck,non_mining,1.0,2,1.0,41.0,Not_Found,,0.0,,Found,200,Non Mining Vehicle or not mining full,-1.0,-1
165,IND0041131120240100167,Found,IND0041131120240100167,13_11_2024_05_42_25,,59,Not_Found,truck,truck,non_mining,truck,non_mining,1.0,2,4.0,41.0,Not_Found,,0.0,,Found,200,Non Mining Vehicle or not mining full,-1.0,-1
166,IND0041131120240100168,Found,IND0041131120240100168,13_11_2024_05_44_26,,20241113054207,Not_Found,hywa,hywa,mining_full,hywa,mining_full,1.0,2,1.0,41.0,White,Sand,97.0,,Found,200,Data Saved Successfully!,518938.0,Success
167,IND0041131120240100169,Found,IND0041131120240100169,13_11_2024_05_46_13,,20241113054354,Not_Found,truck,truck,non_mining,truck,non_mining,1.0,2,4.0,41.0,White,,0.0,,Found,200,Non Mining Vehicle or not mining full,-1.0,-1
168,IND0041131120240100170,Found,IND0041131120240100170,13_11_2024_05_46_28,MH46BB2145,MH46BB2145,Not_Found,truck,truck,non_mining,truck,non_mining,1.0,,4.0,41.0,Not_Found,,0.0,,Found,200,Non Mining Vehicle or not mining full,-1.0,-1
169,IND0041131120240100171,Found,IND0041131120240100171,13_11_2024_05_47_56,,20241113054537,Not_Found,mini_truck,mini_truck,non_mining,mini_truck,non_mining,1.0,2,1.0,41.0,White,,0.0,,Found,200,Non Mining Vehicle or not mining full,-1.0,-1
170,IND0041131120240100172,Found,IND0041131120240100172,13_11_2024_05_49_05,,20241113054646,Not_Found,truck,truck,covered,truck,covered,1.0,2,1.0,41.0,Yellow_orange,,0.0,,Found,200,Non Mining Vehicle or not mining full,-1.0,-1
171,IND0041131120240100173,Found,IND0041131120240100173,13_11_2024_05_49_17,,20241113054658,Not_Found,truck,truck,covered,truck,covered,1.0,2,1.0,41.0,White,,0.0,,Found,200,Non Mining Vehicle or not mining full,-1.0,-1
172,IND0041131120240100174,Found,IND0041131120240100174,13_11_2024_05_52_44,,C2674,Not_Found,truck,truck,non_mining,truck,non_mining,1.0,2,4.0,41.0,Not_Found,,0.0,,Found,200,Non Mining Vehicle or not mining full,-1.0,-1
173,IND0041131120240100175,Found,IND0041131120240100175,13_11_2024_05_57_45,,20241113055526,Not_Found,mini_truck,mini_truck,non_mining,mini_truck,non_mining,1.0,2,4.0,41.0,Not_Found,,0.0,,Found,200,Non Mining Vehicle or not mining full,-1.0,-1
174,IND0041131120240100176,Not Found,,,,,,,,,,,,,,,,,,,Not Found,,,,
175,IND0041131120240100177,Found,IND0041131120240100177,13_11_2024_05_58_57,,20241113055638,Not_Found,truck,truck,covered,truck,covered,1.0,2,2.0,41.0,White,,0.0,,Found,200,Non Mining Vehicle or not mining full,-1.0,-1
176,IND0041131120240100178,Found,IND0041131120240100178,13_11_2024_06_23_37,,,Not_Found,truck,truck,non_mining,truck,non_mining,1.0,2,1.0,41.0,Brown,,0.0,,Found,200,Non Mining Vehicle or not mining full,-1.0,-1
177,IND0041131120240100179,Found,IND0041131120240100179,13_11_2024_06_25_03,,,Not_Found,truck,truck,covered,truck,covered,1.0,2,1.0,41.0,Brown,,0.0,,Found,200,Non Mining Vehicle or not mining full,-1.0,-1
178,IND0041131120240100180,Found,IND0041131120240100180,13_11_2024_06_25_28,,HOK,Not_Found,truck,truck,non_mining,truck,non_mining,1.0,2,1.0,41.0,Brown,,0.0,,Found,200,Non Mining Vehicle or not mining full,-1.0,-1
179,IND0041131120240100181,Found,IND0041131120240100181,13_11_2024_06_26_11,,20241113062352,Not_Found,truck,truck,covered,truck,covered,1.0,2,1.0,41.0,Brown,,0.0,,Found,200,Non Mining Vehicle or not mining full,-1.0,-1
180,IND0041131120240100182,Found,IND0041131120240100182,13_11_2024_06_27_12,,,non_mining,truck,truck,non_mining,truck,non_mining,1.0,2,1.0,41.0,Brown,,0.0,,Found,200,Non Mining Vehicle or not mining full,-1.0,-1
181,IND0041131120240100183,Found,IND0041131120240100183,13_11_2024_06_27_50,,20241113062532,Not_Found,truck,truck,non_mining,truck,non_mining,1.0,2,1.0,41.0,Brown,,0.0,,Found,200,Non Mining Vehicle or not mining full,-1.0,-1
182,IND0041131120240100184,Found,IND0041131120240100184,13_11_2024_06_29_06,,,non_mining,truck,truck,non_mining,truck,non_mining,1.0,2,1.0,41.0,Brown,,0.0,,Found,200,Non Mining Vehicle or not mining full,-1.0,-1
183,IND0041131120240100185,Found,IND0041131120240100185,13_11_2024_06_31_33,,20241113062914,Not_Found,truck,truck,non_mining,truck,non_mining,1.0,2,2.0,41.0,Brown,,0.0,,Found,200,Non Mining Vehicle or not mining full,-1.0,-1
184,IND0041131120240100186,Found,IND0041131120240100186,13_11_2024_06_32_38,,20241113063019,non_mining,truck,truck,non_mining,truck,non_mining,1.0,2,4.0,41.0,White,,0.0,,Found,200,Non Mining Vehicle or not mining full,-1.0,-1
185,IND0041131120240100187,Found,IND0041131120240100187,13_11_2024_06_33_39,,20241113063120,Not_Found,truck,truck,covered,truck,covered,1.0,2,1.0,41.0,Green,,0.0,,Found,200,Non Mining Vehicle or not mining full,-1.0,-1
186,IND0041131120240100188,Found,IND0041131120240100188,13_11_2024_06_35_53,,20241113063334,Not_Found,truck,truck,covered,truck,covered,1.0,2,2.0,41.0,Green,,0.0,,Found,200,Non Mining Vehicle or not mining full,-1.0,-1
187,IND0041131120240100189,Found,IND0041131120240100189,13_11_2024_06_38_46,,20241113063628,Not_Found,truck,truck,non_mining,truck,non_mining,1.0,2,3.0,41.0,White,,0.0,,Found,200,Non Mining Vehicle or not mining full,-1.0,-1
188,IND0041131120240100190,Found,IND0041131120240100190,13_11_2024_06_39_10,,20241113063651,non_mining,truck,truck,non_mining,truck,non_mining,1.0,2,4.0,41.0,White,,0.0,,Found,200,Non Mining Vehicle or not mining full,-1.0,-1
189,IND0041131120240100191,Found,IND0041131120240100191,13_11_2024_06_41_45,,20241113063926,Not_Found,hywa,hywa,mining_full,hywa,mining_full,1.0,2,3.0,41.0,Green,Brown_Sand,93.0,,Found,409,Record is not added as there is already a record with same TransactionId IND0041131120240100191 .,518981.0,Duplicate TransactionId
190,IND0041131120240100192,Found,IND0041131120240100192,13_11_2024_06_42_39,,20241113064020,non_mining,truck,truck,non_mining,truck,non_mining,1.0,2,4.0,41.0,Brown,,0.0,,Found,200,Non Mining Vehicle or not mining full,-1.0,-1
191,IND0041131120240100193,Found,IND0041131120240100193,13_11_2024_06_43_05,,20241113064046,non_mining,truck,truck,non_mining,truck,non_mining,1.0,2,4.0,41.0,White,,0.0,,Found,200,Non Mining Vehicle or not mining full,-1.0,-1
192,IND0041131120240100194,Found,IND0041131120240100194,13_11_2024_06_43_42,,,non_mining,truck,truck,covered,truck,non_mining,1.0,2,4.0,41.0,Green,,0.0,,Found,200,Non Mining Vehicle or not mining full,-1.0,-1
193,IND0041131120240100195,Found,IND0041131120240100195,13_11_2024_06_44_07,,20241113064148,non_mining,truck,truck,non_mining,truck,non_mining,1.0,2,4.0,41.0,Brown,,0.0,,Found,200,Non Mining Vehicle or not mining full,-1.0,-1
194,IND0041131120240100196,Found,IND0041131120240100196,13_11_2024_06_44_48,,20241113064230,non_mining,truck,truck,non_mining,truck,non_mining,1.0,2,4.0,41.0,Brown,,0.0,,Found,200,Non Mining Vehicle or not mining full,-1.0,-1
195,IND0041131120240100197,Found,IND0041131120240100197,13_11_2024_06_46_16,,20241113064357,Not_Found,truck,truck,covered,truck,covered,1.0,2,4.0,41.0,Grey_Silver,,0.0,,Found,200,Non Mining Vehicle or not mining full,-1.0,-1
196,IND0041131120240100198,Found,IND0041131120240100198,13_11_2024_06_46_26,,20241113064407,Not_Found,truck,truck,covered,truck,covered,1.0,2,3.0,41.0,Green,,0.0,,Found,200,Non Mining Vehicle or not mining full,-1.0,-1
197,IND0041131120240100199,Found,IND0041131120240100199,13_11_2024_06_46_31,,20241113064412,Not_Found,truck,truck,covered,truck,covered,1.0,2,4.0,41.0,Green,,0.0,,Found,200,Non Mining Vehicle or not mining full,-1.0,-1
198,IND0041131120240100200,Found,IND0041131120240100200,13_11_2024_06_47_59,MP09GG5423,MP09GG5423,non_mining,mini_truck,mini_truck,non_mining,mini_truck,non_mining,1.0,,4.0,41.0,Grey_Silver,,0.0,,Found,200,Non Mining Vehicle or not mining full,-1.0,-1
199,IND0041131120240100201,Found,IND0041131120240100201,13_11_2024_06_48_21,,20241113064602,non_mining,truck,truck,mining_empty,truck,non_mining,1.0,2,4.0,41.0,Green,,0.0,,Found,200,Non Mining Vehicle or not mining full,-1.0,-1
200,IND0041131120240100202,Found,IND0041131120240100202,13_11_2024_06_48_42,,20241113064623,non_mining,truck,truck,covered,truck,non_mining,1.0,2,1.0,41.0,Brown,,0.0,,Found,200,Non Mining Vehicle or not mining full,-1.0,-1
201,IND0041131120240100203,Found,IND0041131120240100203,13_11_2024_06_49_09,,20241113064651,Not_Found,truck,truck,covered,truck,covered,1.0,2,3.0,41.0,Green,,0.0,,Found,200,Non Mining Vehicle or not mining full,-1.0,-1
202,IND0041131120240100204,Found,IND0041131120240100204,13_11_2024_06_51_27,,20241113064909,Not_Found,truck,truck,covered,truck,covered,1.0,2,3.0,41.0,Green,,0.0,,Found,200,Non Mining Vehicle or not mining full,-1.0,-1
203,IND0041131120240100205,Not Found,,,,,,,,,,,,,,,,,,,Not Found,,,,
204,IND0041131120240100206,Found,IND0041131120240100206,13_11_2024_06_52_32,,20241113065013,Not_Found,truck,truck,non_mining,truck,non_mining,1.0,2,4.0,41.0,Black,,0.0,,Found,200,Non Mining Vehicle or not mining full,-1.0,-1
205,IND0041131120240100207,Found,IND0041131120240100207,13_11_2024_06_52_44,,20241113065026,non_mining,truck,truck,covered,truck,non_mining,1.0,2,4.0,41.0,Brown,,0.0,,Found,200,Non Mining Vehicle or not mining full,-1.0,-1
206,IND0041131120240100208,Found,IND0041131120240100208,13_11_2024_06_54_29,,20241113065211,non_mining,truck,truck,non_mining,truck,non_mining,1.0,2,4.0,41.0,Blue,,0.0,,Found,200,Non Mining Vehicle or not mining full,-1.0,-1
207,IND0041131120240100209,Found,IND0041131120240100209,13_11_2024_06_57_41,MP04GB6457,MP04GB6457,non_mining,mini_truck,mini_truck,non_mining,mini_truck,non_mining,1.0,,4.0,41.0,White,,0.0,,Found,200,Non Mining Vehicle or not mining full,-1.0,-1
208,IND0041131120240100210,Found,IND0041131120240100210,13_11_2024_06_58_02,HP09GG4698,HP09GG4698,covered,truck,truck,covered,truck,covered,1.0,,4.0,41.0,Brown,,0.0,,Found,200,Non Mining Vehicle or not mining full,-1.0,-1
209,IND0041131120240100211,Found,IND0041131120240100211,13_11_2024_07_00_20,MP04GB6131,MP04GB6131,covered,mini_truck,mini_truck,non_mining,mini_truck,covered,1.0,,4.0,41.0,White,,0.0,,Found,200,Non Mining Vehicle or not mining full,-1.0,-1
210,IND0041131120240100212,Found,IND0041131120240100212,13_11_2024_07_00_53,MP04GA8199,MP04GA8199,non_mining,truck,truck,non_mining,truck,non_mining,1.0,,4.0,41.0,Brown,,0.0,,Found,200,Non Mining Vehicle or not mining full,-1.0,-1
211,IND0041131120240100213,Found,IND0041131120240100213,13_11_2024_07_01_55,,20241113065936,Not_Found,truck,truck,non_mining,truck,non_mining,1.0,2,4.0,41.0,Black,,0.0,,Found,200,Non Mining Vehicle or not mining full,-1.0,-1
212,IND0041131120240100214,Found,IND0041131120240100214,13_11_2024_07_03_04,HR39Q2315,HR39Q2315,Not_Found,truck,truck,covered,truck,covered,1.0,,4.0,41.0,Blue,,0.0,,Found,200,Non Mining Vehicle or not mining full,-1.0,-1
213,IND0041131120240100215,Found,IND0041131120240100215,13_11_2024_07_04_42,,20241113070223,Not_Found,hywa,hywa,mining_full,hywa,mining_full,1.0,2,4.0,41.0,White,Brown_Sand,90.0,,Found,409,Record is not added as there is already a record with same TransactionId IND0041131120240100215 .,519019.0,Duplicate TransactionId
214,IND0041131120240100216,Not Found,,,,,,,,,,,,,,,,,,,Not Found,,,,
215,IND0041131120240100217,Found,IND0041131120240100217,13_11_2024_07_09_05,,20241113070646,Not_Found,truck,truck,covered,truck,covered,1.0,2,4.0,41.0,White,,0.0,,Found,200,Non Mining Vehicle or not mining full,-1.0,-1
216,IND0041131120240100218,Found,IND0041131120240100218,13_11_2024_07_09_15,,20241113070656,Not_Found,hywa,hywa,mining_full,hywa,mining_full,1.0,2,4.0,41.0,White,Brown_Sand,94.0,,Found,200,Data Saved Successfully!,518996.0,Success
217,IND0041131120240100219,Found,IND0041131120240100219,13_11_2024_07_09_41,,20241113070722,non_mining,truck,truck,non_mining,truck,non_mining,1.0,2,4.0,41.0,Yellow_orange,,0.0,,Found,200,Non Mining Vehicle or not mining full,-1.0,-1
218,IND0041131120240100220,Found,IND0041131120240100220,13_11_2024_07_10_37,MH40CT5252,MH40CT5252,non_mining,truck,truck,covered,truck,non_mining,1.0,,4.0,41.0,Black,,0.0,,Found,200,Non Mining Vehicle or not mining full,-1.0,-1
219,IND0041131120240100221,Found,IND0041131120240100221,13_11_2024_07_12_06,MP04GB1677,MP04GB1677,non_mining,truck,truck,non_mining,truck,non_mining,1.0,,4.0,41.0,Brown,,0.0,,Found,200,Non Mining Vehicle or not mining full,-1.0,-1
220,IND0041131120240100222,Found,IND0041131120240100222,13_11_2024_07_16_38,MP04HE9013,MP04HE9013,Not_Found,truck,truck,covered,truck,covered,1.0,,4.0,41.0,Brown,,0.0,,Found,200,Non Mining Vehicle or not mining full,-1.0,-1
221,IND0041131120240100223,Found,IND0041131120240100223,13_11_2024_07_17_29,MP04GA8070,MP04GA8070,non_mining,truck,truck,non_mining,truck,non_mining,1.0,,4.0,41.0,Black,,0.0,,Found,200,Non Mining Vehicle or not mining full,-1.0,-1
222,IND0041131120240100224,Not Found,,,,,,,,,,,,,,,,,,,Not Found,,,,
223,IND0041131120240100225,Not Found,,,,,,,,,,,,,,,,,,,Not Found,,,,
224,IND0041131120240100226,Found,IND0041131120240100226,13_11_2024_07_20_37,MP05G7722,BharatPetroleum,non_mining,truck,truck,non_mining,truck,non_mining,1.0,,4.0,41.0,Grey_Silver,,0.0,,Found,200,Non Mining Vehicle or not mining full,-1.0,-1
225,IND0041131120240100227,Found,IND0041131120240100227,13_11_2024_07_22_07,MP46H0679,MP46H0679,Not_Found,hywa,hywa,mining_full,hywa,mining_full,1.0,,3.0,41.0,Black,Tar,94.0,,Found,409,Record is not added as there is already a record with same TransactionId IND0041131120240100227 .,518979.0,Duplicate TransactionId
226,IND0041131120240100228,Found,IND0041131120240100228,13_11_2024_07_24_15,MP05G8362,MP05G8362,non_mining,mini_truck,mini_truck,non_mining,mini_truck,non_mining,1.0,,3.0,41.0,White,,0.0,,Found,200,Non Mining Vehicle or not mining full,-1.0,-1
227,IND0041131120240100229,Found,IND0041131120240100229,13_11_2024_07_26_55,,ZF1543,Not_Found,truck,truck,non_mining,truck,non_mining,1.0,2,4.0,41.0,White,,0.0,,Found,200,Non Mining Vehicle or not mining full,-1.0,-1
228,IND0041131120240100230,Found,IND0041131120240100230,13_11_2024_07_29_26,MP04LC9143,MP04LC9143,non_mining,mini_truck,mini_truck,non_mining,mini_truck,non_mining,1.0,,4.0,41.0,Blue,,0.0,,Found,200,Non Mining Vehicle or not mining full,-1.0,-1
229,IND0041131120240100231,Found,IND0041131120240100231,13_11_2024_07_29_54,RJ32GC9088,RJ32GC9088,Not_Found,truck,truck,covered,truck,covered,1.0,,4.0,41.0,White,,0.0,,Found,200,Non Mining Vehicle or not mining full,-1.0,-1
230,IND0041131120240100232,Found,IND0041131120240100232,13_11_2024_07_30_32,RJ27GE2874,RJ27GE2874,non_mining,truck,truck,covered,truck,non_mining,1.0,,4.0,41.0,White,,0.0,,Found,200,Non Mining Vehicle or not mining full,-1.0,-1
231,IND0041131120240100233,Found,IND0041131120240100233,13_11_2024_07_31_54,NL01AE1044,NL01AE1044,non_mining,truck,truck,covered,truck,non_mining,1.0,,4.0,41.0,Black,,0.0,,Found,200,Non Mining Vehicle or not mining full,-1.0,-1
232,IND0041131120240100234,Found,IND0041131120240100234,13_11_2024_07_32_08,MP04HE5797,MP04HE5797,Not_Found,hywa,hywa,mining_full,hywa,mining_full,1.0,,4.0,41.0,Black,Brown_Sand,95.0,,Found,409,Error while adding record!,0.0,
233,IND0041131120240100235,Found,IND0041131120240100235,13_11_2024_07_34_51,,20241113073232,non_mining,truck,truck,non_mining,truck,non_mining,1.0,2,4.0,41.0,Blue,,0.0,,Found,200,Non Mining Vehicle or not mining full,-1.0,-1
234,IND0041131120240100236,Found,IND0041131120240100236,13_11_2024_07_37_09,,20241113073451,non_mining,truck,truck,covered,truck,non_mining,1.0,2,4.0,41.0,Brown,,0.0,,Found,200,Non Mining Vehicle or not mining full,-1.0,-1
235,IND0041131120240100237,Found,IND0041131120240100237,13_11_2024_07_38_11,,20241113073553,mining_full,hywa,hywa,mining_full,hywa,mining_full,1.0,2,1.0,41.0,Blue,Crusher_Khadi,96.0,,Found,200,Data Saved Successfully!,518970.0,Success
236,IND0041131120240100238,Found,IND0041131120240100238,13_11_2024_07_38_49,,20241113073631,Not_Found,hywa,hywa,mining_full,hywa,mining_full,1.0,2,4.0,41.0,Black,Brown_Sand,100.0,,Found,409,Record is not added as there is already a record with same TransactionId IND0041131120240100238 .,519029.0,Duplicate TransactionId
237,IND0041131120240100239,Found,IND0041131120240100239,13_11_2024_07_39_18,,04HE4751,Not_Found,hywa,hywa,mining_full,hywa,mining_full,1.0,2,4.0,41.0,Black,Crusher_Khadi,91.0,,Found,200,Data Saved Successfully!,519009.0,Success
238,IND0041131120240100240,Found,IND0041131120240100240,13_11_2024_07_39_29,MP38ZC3924,MP38ZC3924,Not_Found,hywa,hywa,mining_full,hywa,mining_full,1.0,,4.0,41.0,Black,Crusher_Khadi,93.0,,Found,409,Error while adding record!,0.0,
239,IND0041131120240100241,Found,IND0041131120240100241,13_11_2024_07_39_51,,20241113073732,Not_Found,hywa,hywa,mining_full,hywa,mining_full,1.0,2,3.0,41.0,Black,Brown_Sand,100.0,,Found,200,Data Saved Successfully!,519003.0,Success
240,IND0041131120240100242,Found,IND0041131120240100242,13_11_2024_07_39_58,MH15HH9027,MH15HH9027,Not_Found,truck,truck,covered,truck,covered,1.0,,3.0,41.0,Black,,0.0,,Found,200,Non Mining Vehicle or not mining full,-1.0,-1
241,IND0041131120240100243,Found,IND0041131120240100243,13_11_2024_07_40_27,GJ23V8027,GJ23V8027,non_mining,truck,truck,non_mining,truck,non_mining,1.0,,4.0,41.0,Black,,0.0,,Found,200,Non Mining Vehicle or not mining full,-1.0,-1
242,IND0041131120240100244,Found,IND0041131120240100244,13_11_2024_07_42_05,MP13H0373,MP13H0373,Not_Found,truck,truck,covered,truck,covered,1.0,,3.0,41.0,Black,,0.0,,Found,200,Non Mining Vehicle or not mining full,-1.0,-1
243,IND0041131120240100245,Found,IND0041131120240100245,13_11_2024_07_42_15,CG07CN2630,CG07CN2630,non_mining,truck,truck,non_mining,truck,non_mining,1.0,,4.0,41.0,Black,,0.0,,Found,200,Non Mining Vehicle or not mining full,-1.0,-1
244,IND0041131120240100246,Found,IND0041131120240100246,13_11_2024_07_44_41,MH40CM7115,MH40CM7115,non_mining,truck,truck,covered,truck,non_mining,1.0,,4.0,41.0,Black,,0.0,,Found,200,Non Mining Vehicle or not mining full,-1.0,-1
245,IND0041131120240100247,Found,IND0041131120240100247,13_11_2024_07_45_08,HR38Z8226,HR38Z8226,Not_Found,truck,truck,non_mining,truck,non_mining,1.0,,4.0,41.0,Black,,0.0,,Found,200,Non Mining Vehicle or not mining full,-1.0,-1
246,IND0041131120240100248,Found,IND0041131120240100248,13_11_2024_07_46_07,,20241113074349,mining_full,hywa,hywa,mining_full,hywa,mining_full,1.0,2,4.0,41.0,Black,Brown_Sand,95.0,,Found,409,Record is not added as there is already a record with same TransactionId IND0041131120240100248 .,519016.0,Duplicate TransactionId
247,IND0041131120240100249,Found,IND0041131120240100249,13_11_2024_07_46_32,HR67D3047,HR67D3047,Not_Found,truck,truck,non_mining,truck,non_mining,1.0,,4.0,41.0,Black,,0.0,,Found,200,Non Mining Vehicle or not mining full,-1.0,-1
248,IND0041131120240100250,Found,IND0041131120240100250,13_11_2024_07_47_38,,20241113074520,Not_Found,truck,truck,non_mining,truck,non_mining,1.0,2,4.0,41.0,White,,0.0,,Found,200,Non Mining Vehicle or not mining full,-1.0,-1
249,IND0041131120240100251,Found,IND0041131120240100251,13_11_2024_07_47_48,RJ07GF3671,RJ07GF3671,Not_Found,truck,truck,covered,truck,covered,1.0,,4.0,41.0,Black,,0.0,,Found,200,Non Mining Vehicle or not mining full,-1.0,-1
250,IND0041131120240100252,Found,IND0041131120240100252,13_11_2024_07_49_00,,GA539,Not_Found,truck,truck,non_mining,truck,non_mining,1.0,2,4.0,41.0,Black,,0.0,,Found,200,Non Mining Vehicle or not mining full,-1.0,-1
251,IND0041131120240100253,Found,IND0041131120240100253,13_11_2024_07_49_45,RJ17GB0313,RJ17GB0313,Not_Found,hywa,hywa,mining_full,hywa,mining_full,1.0,,3.0,41.0,Black,Brown_Sand,96.0,,Found,409,Error while adding record!,0.0,
252,IND0041131120240100254,Found,IND0041131120240100254,13_11_2024_07_50_04,,A4366,Not_Found,truck,truck,non_mining,truck,non_mining,1.0,2,4.0,41.0,Green,,0.0,,Found,200,Non Mining Vehicle or not mining full,-1.0,-1
253,IND0041131120240100255,Found,IND0041131120240100255,13_11_2024_07_50_33,RJ17GA5438,RJ17GA5438,Not_Found,truck,truck,covered,truck,covered,1.0,,4.0,41.0,Blue,,0.0,,Found,200,Non Mining Vehicle or not mining full,-1.0,-1
254,IND0041131120240100256,Found,IND0041131120240100256,13_11_2024_07_53_17,RJ17GA6311,RJ17GA6311,Not_Found,truck,truck,covered,truck,covered,1.0,,4.0,41.0,Brown,,0.0,,Found,200,Non Mining Vehicle or not mining full,-1.0,-1
255,IND0041131120240100257,Found,IND0041131120240100257,13_11_2024_07_55_50,,20241113075331,non_mining,hywa,hywa,mining_full,hywa,mining_full,1.0,2,4.0,41.0,Black,Brown_Sand,94.0,,Found,409,Record is not added as there is already a record with same TransactionId IND0041131120240100257 .,518927.0,Duplicate TransactionId
256,IND0041131120240100258,Found,IND0041131120240100258,13_11_2024_07_56_04,,20241113075345,Not_Found,truck,truck,covered,truck,covered,1.0,2,3.0,41.0,Blue,,0.0,,Found,200,Non Mining Vehicle or not mining full,-1.0,-1
257,IND0041131120240100259,Found,IND0041131120240100259,13_11_2024_07_56_24,,20241113075405,non_mining,truck,truck,non_mining,truck,non_mining,1.0,2,4.0,41.0,Black,,0.0,,Found,200,Non Mining Vehicle or not mining full,-1.0,-1
258,IND0041131120240100260,Found,IND0041131120240100260,13_11_2024_07_56_58,,20241113075439,Not_Found,truck,truck,non_mining,truck,non_mining,1.0,2,4.0,41.0,Brown,,0.0,,Found,200,Non Mining Vehicle or not mining full,-1.0,-1
259,IND0041131120240100261,Found,IND0041131120240100261,13_11_2024_07_57_08,MP46H0671,MP46H0671,Not_Found,hywa,hywa,mining_full,hywa,mining_full,1.0,,3.0,41.0,Black,Stone_crush_powder,93.0,,Found,409,Record is not added as there is already a record with same TransactionId IND0041131120240100261 .,519022.0,Duplicate TransactionId
260,IND0041131120240100262,Found,IND0041131120240100262,13_11_2024_07_57_10,,02411130754512,Not_Found,truck,truck,mining_full,truck,mining_full,1.0,2,1.0,41.0,Black,Stone_crush_powder,96.0,,Found,409,Record is not added as there is already a record with same TransactionId IND0041131120240100262 .,519014.0,Duplicate TransactionId
261,IND0041131120240100263,Found,IND0041131120240100263,13_11_2024_07_57_21,RJ06GD6192,RJ06GD6192,Not_Found,truck,truck,covered,truck,covered,1.0,,4.0,41.0,Grey_Silver,,0.0,,Found,200,Non Mining Vehicle or not mining full,-1.0,-1
262,IND0041131120240100264,Found,IND0041131120240100264,13_11_2024_07_58_03,,20241113075544,non_mining,truck,truck,non_mining,truck,non_mining,1.0,2,4.0,41.0,Black,,0.0,,Found,200,Non Mining Vehicle or not mining full,-1.0,-1
263,IND0041131120240100265,Found,IND0041131120240100265,13_11_2024_07_58_09,,20241113075550,non_mining,truck,truck,covered,truck,non_mining,1.0,2,4.0,41.0,Brown,,0.0,,Found,200,Non Mining Vehicle or not mining full,-1.0,-1
264,IND0041131120240100266,Found,IND0041131120240100266,13_11_2024_07_58_28,,20241113075610,Not_Found,truck,truck,non_mining,truck,non_mining,1.0,2,4.0,41.0,Blue,,0.0,,Found,200,Non Mining Vehicle or not mining full,-1.0,-1
265,IND0041131120240100267,Found,IND0041131120240100267,13_11_2024_07_59_44,,20241113075725,non_mining,truck,truck,non_mining,truck,non_mining,1.0,2,2.0,41.0,Red,,0.0,,Found,200,Non Mining Vehicle or not mining full,-1.0,-1
266,IND0041131120240100268,Found,IND0041131120240100268,13_11_2024_08_01_01,RJ09GB6140,RJ09GB6140,Not_Found,truck,truck,non_mining,truck,non_mining,1.0,,4.0,41.0,Black,,0.0,,Found,200,Non Mining Vehicle or not mining full,-1.0,-1
267,IND0041131120240100269,Found,IND0041131120240100269,13_11_2024_08_02_08,MP04GB5675,MP04GB5675,non_mining,truck,truck,covered,truck,non_mining,1.0,,4.0,41.0,Blue,,0.0,,Found,200,Non Mining Vehicle or not mining full,-1.0,-1
268,IND0041131120240100270,Found,IND0041131120240100270,13_11_2024_08_02_12,,20241113075953,non_mining,truck,truck,non_mining,truck,non_mining,1.0,2,2.0,41.0,Black,,0.0,,Found,200,Non Mining Vehicle or not mining full,-1.0,-1
269,IND0041131120240100271,Found,IND0041131120240100271,13_11_2024_08_04_09,,20241113080150,non_mining,truck,truck,non_mining,truck,non_mining,1.0,2,4.0,41.0,Black,,0.0,,Found,200,Non Mining Vehicle or not mining full,-1.0,-1
270,IND0041131120240100272,Found,IND0041131120240100272,13_11_2024_08_04_38,PB10HH5617,PB10HH5617,non_mining,truck,truck,non_mining,truck,non_mining,1.0,,4.0,41.0,Black,,0.0,,Found,200,Non Mining Vehicle or not mining full,-1.0,-1
271,IND0041131120240100273,Found,IND0041131120240100273,13_11_2024_08_05_07,RJ50GA6814,RJ50GA6814,Not_Found,truck,truck,covered,truck,covered,1.0,,3.0,41.0,Black,,0.0,,Found,200,Non Mining Vehicle or not mining full,-1.0,-1
272,IND0041131120240100274,Not Found,,,,,,,,,,,,,,,,,,,Not Found,,,,
273,IND0041131120240100275,Found,IND0041131120240100275,13_11_2024_08_09_33,CG07CK5327,CG07CK5327,Not_Found,truck,truck,covered,truck,covered,1.0,,4.0,41.0,Green,,0.0,,Found,200,Non Mining Vehicle or not mining full,-1.0,-1
274,IND0041131120240100276,Found,IND0041131120240100276,13_11_2024_08_09_38,LG07CV9377,HOEY0,Not_Found,truck,truck,covered,truck,covered,1.0,,4.0,41.0,Black,,0.0,,Found,200,Non Mining Vehicle or not mining full,-1.0,-1
275,IND0041131120240100277,Found,IND0041131120240100277,13_11_2024_08_12_14,,20241113080955,covered,truck,truck,non_mining,truck,covered,1.0,2,4.0,41.0,Blue,,0.0,,Found,200,Non Mining Vehicle or not mining full,-1.0,-1
276,IND0041131120240100278,Found,IND0041131120240100278,13_11_2024_08_13_40,MP37GA8061,MP37GA8061,Not_Found,truck,truck,covered,truck,covered,1.0,,4.0,41.0,Blue,,0.0,,Found,200,Non Mining Vehicle or not mining full,-1.0,-1
277,IND0041131120240100279,Found,IND0041131120240100279,13_11_2024_08_14_56,MP04GA8376,MP04GA8376,non_mining,truck,truck,non_mining,truck,non_mining,1.0,,4.0,41.0,Black,,0.0,,Found,200,Non Mining Vehicle or not mining full,-1.0,-1
278,IND0041131120240100280,Found,IND0041131120240100280,13_11_2024_08_16_08,,20241113081349,Not_Found,truck,truck,covered,truck,covered,1.0,2,4.0,41.0,White,,0.0,,Found,200,Non Mining Vehicle or not mining full,-1.0,-1
279,IND0041131120240100281,Found,IND0041131120240100281,13_11_2024_08_16_35,HR38AB7222,HR38AB7222,Not_Found,truck,truck,non_mining,truck,non_mining,1.0,,4.0,41.0,Black,,0.0,,Found,200,Non Mining Vehicle or not mining full,-1.0,-1
280,IND0041131120240100282,Found,IND0041131120240100282,13_11_2024_08_16_41,HR39E9878,HR39E9878,non_mining,hywa,hywa,covered,hywa,non_mining,1.0,,4.0,41.0,Brown,,0.0,,Found,200,Non Mining Vehicle or not mining full,-1.0,-1
281,IND0041131120240100283,Found,IND0041131120240100283,13_11_2024_08_18_15,MP04LD8219,MP04LD8219,non_mining,mini_truck,mini_truck,non_mining,mini_truck,non_mining,1.0,,4.0,41.0,Black,,0.0,,Found,200,Non Mining Vehicle or not mining full,-1.0,-1
282,IND0041131120240100284,Found,IND0041131120240100284,13_11_2024_08_20_18,,20241113081800,non_mining,mini_truck,mini_truck,non_mining,mini_truck,non_mining,1.0,2,4.0,41.0,Black,,0.0,,Found,200,Non Mining Vehicle or not mining full,-1.0,-1
283,IND0041131120240100285,Found,IND0041131120240100285,13_11_2024_08_21_07,MP20HB7584,MP20HB7584,Not_Found,truck,truck,non_mining,truck,non_mining,1.0,,4.0,41.0,Blue,,0.0,,Found,200,Non Mining Vehicle or not mining full,-1.0,-1
284,IND0041131120240100286,Found,IND0041131120240100286,13_11_2024_08_23_01,,202241113082042,non_mining,truck,truck,non_mining,truck,non_mining,1.0,2,1.0,41.0,Black,,0.0,,Found,200,Non Mining Vehicle or not mining full,-1.0,-1
285,IND0041131120240100287,Not Found,,,,,,,,,,,,,,,,,,,Not Found,,,,
286,IND0041131120240100288,Found,IND0041131120240100288,13_11_2024_08_24_58,,20241113082239,Not_Found,hywa,hywa,mining_full,hywa,mining_full,1.0,2,1.0,41.0,Green,Brown_Sand,93.0,,Found,200,Data Saved Successfully!,518879.0,Success
287,IND0041131120240100289,Found,IND0041131120240100289,13_11_2024_08_25_47,GJ15AV5025,GJ15AV5025,non_mining,truck,truck,covered,truck,non_mining,1.0,,4.0,41.0,Black,,0.0,,Found,200,Non Mining Vehicle or not mining full,-1.0,-1
288,IND0041131120240100290,Found,IND0041131120240100290,13_11_2024_08_26_44,MP04GA7345,MP04GA7345,non_mining,mini_truck,mini_truck,non_mining,mini_truck,non_mining,1.0,,4.0,41.0,Grey_Silver,,0.0,,Found,200,Non Mining Vehicle or not mining full,-1.0,-1
289,IND0041131120240100291,Found,IND0041131120240100291,13_11_2024_08_27_29,RJ27G0282,RJ27G0282,Not_Found,truck,truck,non_mining,truck,non_mining,1.0,,4.0,41.0,Brown,,0.0,,Found,200,Non Mining Vehicle or not mining full,-1.0,-1
290,IND0041131120240100292,Not Found,,,,,,,,,,,,,,,,,,,Not Found,,,,
291,IND0041131120240100293,Found,IND0041131120240100293,13_11_2024_08_28_54,GJ01ET0203,GJ01ET0203,non_mining,truck,truck,non_mining,truck,non_mining,1.0,,4.0,41.0,Black,,0.0,,Found,200,Non Mining Vehicle or not mining full,-1.0,-1
292,IND0041131120240100294,Not Found,,,,,,,,,,,,,,,,,,,Not Found,,,,
293,IND0041131120240100295,Not Found,,,,,,,,,,,,,,,,,,,Not Found,,,,
294,IND0041131120240100296,Found,IND0041131120240100296,13_11_2024_08_29_58,,20241113082739,Not_Found,truck,truck,covered,truck,covered,1.0,2,4.0,41.0,Black,,0.0,,Found,200,Non Mining Vehicle or not mining full,-1.0,-1
295,IND0041131120240100297,Found,IND0041131120240100297,13_11_2024_08_30_21,MP05ZB6693,MP05ZB6693,Not_Found,truck,truck,non_mining,truck,non_mining,1.0,,4.0,41.0,Black,,0.0,,Found,200,Non Mining Vehicle or not mining full,-1.0,-1
296,IND0041131120240100298,Found,IND0041131120240100298,13_11_2024_08_30_26,MP13GA5919,MP13GA5919,non_mining,truck,truck,covered,truck,non_mining,1.0,,4.0,41.0,Black,,0.0,,Found,200,Non Mining Vehicle or not mining full,-1.0,-1
297,IND0041131120240100299,Found,IND0041131120240100299,13_11_2024_08_30_47,,20241113082828,Not_Found,truck,truck,non_mining,truck,non_mining,1.0,2,4.0,41.0,Blue,,0.0,,Found,200,Non Mining Vehicle or not mining full,-1.0,-1
298,IND0041131120240100300,Found,IND0041131120240100300,13_11_2024_08_32_45,MP21H1938,MP21H1938,Not_Found,hywa,hywa,mining_full,hywa,mining_full,1.0,,3.0,41.0,Black,Stone_crush_powder,99.0,,Found,200,Data Saved Successfully!,518876.0,Success
299,IND0041131120240100301,Found,IND0041131120240100301,13_11_2024_08_32_57,MP21ZC6073,MP21ZC6073,Not_Found,hywa,hywa,mining_full,hywa,mining_full,1.0,,4.0,41.0,Black,Stone_crush_powder,98.0,,Found,200,Data Saved Successfully!,518878.0,Success
300,IND0041131120240100302,Found,IND0041131120240100302,13_11_2024_08_33_22,MP05ZB6626,MP05ZB6626,non_mining,truck,truck,non_mining,truck,non_mining,1.0,,4.0,41.0,Black,,0.0,,Found,200,Non Mining Vehicle or not mining full,-1.0,-1
301,IND0041131120240100303,Found,IND0041131120240100303,13_11_2024_08_34_26,,20241113083207,Not_Found,hywa,hywa,mining_full,hywa,mining_full,1.0,2,4.0,41.0,Black,Brown_Sand,91.0,,Found,200,Data Saved Successfully!,518875.0,Success
302,IND0041131120240100304,Found,IND0041131120240100304,13_11_2024_08_34_38,MP04ZL2127,MP04ZL2127,non_mining,mini_truck,mini_truck,non_mining,mini_truck,non_mining,1.0,,4.0,41.0,Black,,0.0,,Found,200,Non Mining Vehicle or not mining full,-1.0,-1
303,IND0041131120240100305,Found,IND0041131120240100305,13_11_2024_08_34_50,,20241113083231,non_mining,truck,truck,covered,truck,non_mining,1.0,2,4.0,41.0,Green,,0.0,,Found,200,Non Mining Vehicle or not mining full,-1.0,-1
304,IND0041131120240100306,Found,IND0041131120240100306,13_11_2024_08_35_33,HR58CA953,HR58CA953,non_mining,truck,truck,non_mining,truck,non_mining,1.0,,4.0,41.0,Brown,,0.0,,Found,200,Non Mining Vehicle or not mining full,-1.0,-1
305,IND0041131120240100307,Found,IND0041131120240100307,13_11_2024_08_36_32,AP06HL2329,AP06HL2329,Not_Found,truck,truck,covered,truck,covered,1.0,,4.0,41.0,Yellow_orange,,0.0,,Found,200,Non Mining Vehicle or not mining full,-1.0,-1
306,IND0041131120240100308,Found,IND0041131120240100308,13_11_2024_08_38_18,,2O241113083559,non_mining,truck,truck,non_mining,truck,non_mining,1.0,2,4.0,41.0,Black,,0.0,,Found,200,Non Mining Vehicle or not mining full,-1.0,-1
307,IND0041131120240100309,Found,IND0041131120240100309,13_11_2024_08_38_47,KA01AL8262,KA01AL8262,non_mining,truck,truck,non_mining,truck,non_mining,1.0,,4.0,41.0,Black,,0.0,,Found,200,Non Mining Vehicle or not mining full,-1.0,-1
308,IND0041131120240100310,Found,IND0041131120240100310,13_11_2024_08_40_34,,J146L1345,Not_Found,truck,truck,covered,truck,covered,1.0,2,4.0,41.0,Black,,0.0,,Found,200,Non Mining Vehicle or not mining full,-1.0,-1
309,IND0041131120240100311,Found,IND0041131120240100311,13_11_2024_08_40_46,RJ19GH6652,RJ19GH6652,non_mining,truck,truck,non_mining,truck,non_mining,1.0,,4.0,41.0,Black,,0.0,,Found,200,Non Mining Vehicle or not mining full,-1.0,-1
310,IND0041131120240100312,Found,IND0041131120240100312,13_11_2024_08_40_58,,HR681158,mining_full,truck,truck,covered,truck,mining_full,1.0,2,4.0,41.0,Black,Stone_crush_powder,91.0,,Found,200,Data Saved Successfully!,518880.0,Success
311,IND0041131120240100313,Found,IND0041131120240100313,13_11_2024_08_45_19,GJ12BZ0920,GJ12BZ0920,Not_Found,truck,truck,non_mining,truck,non_mining,1.0,,4.0,41.0,Black,,0.0,,Found,200,Non Mining Vehicle or not mining full,-1.0,-1
312,IND0041131120240100314,Found,IND0041131120240100314,13_11_2024_08_45_48,MP13GA7125,MP13GA7125,non_mining,truck,truck,covered,truck,non_mining,1.0,,4.0,41.0,Brown,,0.0,,Found,200,Non Mining Vehicle or not mining full,-1.0,-1
313,IND0041131120240100315,Found,IND0041131120240100315,13_11_2024_08_46_12,,A,non_mining,truck,truck,non_mining,truck,non_mining,1.0,2,4.0,41.0,Black,,0.0,,Found,200,Non Mining Vehicle or not mining full,-1.0,-1
314,IND0041131120240100316,Found,IND0041131120240100316,13_11_2024_08_46_45,MP04ZX2766,04ZX2766,Not_Found,hywa,hywa,mining_full,hywa,mining_full,1.0,,3.0,41.0,Black,Brown_Sand,90.0,,Found,409,Error while adding record!,0.0,
315,IND0041131120240100317,Found,IND0041131120240100317,13_11_2024_08_47_00,,H773,Not_Found,truck,truck,non_mining,truck,non_mining,1.0,2,4.0,41.0,Blue,,0.0,,Found,200,Non Mining Vehicle or not mining full,-1.0,-1
316,IND0041131120240100318,Found,IND0041131120240100318,13_11_2024_08_47_46,HR63C3147,HR63C3147,non_mining,truck,truck,covered,truck,non_mining,1.0,,4.0,41.0,Brown,,0.0,,Found,200,Non Mining Vehicle or not mining full,-1.0,-1
317,IND0041131120240100319,Found,IND0041131120240100319,13_11_2024_08_48_09,MP04GA8587,MP04GA8587,non_mining,mini_truck,mini_truck,non_mining,mini_truck,non_mining,1.0,,4.0,41.0,Grey_Silver,,0.0,,Found,200,Non Mining Vehicle or not mining full,-1.0,-1
318,IND0041131120240100320,Found,IND0041131120240100320,13_11_2024_08_48_20,,,Not_Found,truck,truck,non_mining,truck,non_mining,1.0,2,4.0,41.0,Black,,0.0,,Found,200,Non Mining Vehicle or not mining full,-1.0,-1
319,IND0041131120240100321,Found,IND0041131120240100321,13_11_2024_08_48_50,JH10CD2665,JH10CQ2665,Not_Found,truck,truck,covered,truck,covered,1.0,,4.0,41.0,Brown,,0.0,,Found,200,Non Mining Vehicle or not mining full,-1.0,-1
320,IND0041131120240100322,Found,IND0041131120240100322,13_11_2024_08_48_57,,J096RJ,Not_Found,truck,truck,non_mining,truck,non_mining,1.0,2,4.0,41.0,Black,,0.0,,Found,200,Non Mining Vehicle or not mining full,-1.0,-1
321,IND0041131120240100323,Found,IND0041131120240100323,13_11_2024_08_49_34,,MJC4409,Not_Found,truck,truck,non_mining,truck,non_mining,1.0,2,4.0,41.0,Black,,0.0,,Found,200,Non Mining Vehicle or not mining full,-1.0,-1
322,IND0041131120240100324,Found,IND0041131120240100324,13_11_2024_08_49_50,,MP041553,Not_Found,hywa,hywa,covered,hywa,covered,1.0,2,4.0,41.0,Black,,0.0,,Found,200,Non Mining Vehicle or not mining full,-1.0,-1
323,IND0041131120240100325,Found,IND0041131120240100325,13_11_2024_08_52_38,MP04YA4048,MP04YA4048,mining_empty,truck,truck,non_mining,truck,mining_empty,1.0,,4.0,41.0,Brown,,0.0,,Found,200,Non Mining Vehicle or not mining full,-1.0,-1
324,IND0041131120240100326,Found,IND0041131120240100326,13_11_2024_08_53_44,MP21ZC5466,MP21ZC5466,Not_Found,hywa,hywa,mining_full,hywa,mining_full,1.0,,4.0,41.0,Blue,Crusher_Khadi,97.0,,Found,200,Data Saved Successfully!,518888.0,Success
325,IND0041131120240100327,Found,IND0041131120240100327,13_11_2024_08_54_25,,13,non_mining,truck,truck,non_mining,truck,non_mining,1.0,2,4.0,41.0,Black,,0.0,,Found,200,Non Mining Vehicle or not mining full,-1.0,-1
326,IND0041131120240100328,Found,IND0041131120240100328,13_11_2024_08_55_56,MP48H2152,MP48H2152,Not_Found,truck,truck,non_mining,truck,non_mining,1.0,,4.0,41.0,Black,,0.0,,Found,200,Non Mining Vehicle or not mining full,-1.0,-1
327,IND0041131120240100329,Found,IND0041131120240100329,13_11_2024_08_59_26,RJ06GC7187,RJ06GC7187,non_mining,truck,truck,non_mining,truck,non_mining,1.0,,4.0,41.0,Green,,0.0,,Found,200,Non Mining Vehicle or not mining full,-1.0,-1
328,IND0041131120240100330,Found,IND0041131120240100330,13_11_2024_08_59_42,RJ17GQ1311,RJ17GQ1311,Not_Found,hywa,Not_Found,Not_Found,hywa,Not_Found,1.0,,4.0,41.0,Not_Found,,0.0,,Found,200,Non Mining Vehicle or not mining full,-1.0,-1
329,IND0041131120240100331,Found,IND0041131120240100331,13_11_2024_08_59_48,,,Not_Found,truck,truck,covered,truck,covered,1.0,2,4.0,41.0,Blue,,0.0,,Found,200,Non Mining Vehicle or not mining full,-1.0,-1
330,IND0041131120240100332,Found,IND0041131120240100332,13_11_2024_08_59_53,,,Not_Found,hywa,hywa,mining_full,hywa,mining_full,1.0,2,4.0,41.0,Black,Brown_Sand,91.0,,Found,200,Data Saved Successfully!,518891.0,Success
331,IND0041131120240100333,Found,IND0041131120240100333,13_11_2024_09_00_19,MP28G3153,MP28G3153,non_mining,truck,truck,non_mining,truck,non_mining,1.0,,3.0,41.0,Black,,0.0,,Found,200,Non Mining Vehicle or not mining full,-1.0,-1
332,IND0041131120240100334,Found,IND0041131120240100334,13_11_2024_09_00_23,,07052,non_mining,truck,truck,non_mining,truck,non_mining,1.0,2,4.0,41.0,Black,,0.0,,Found,200,Non Mining Vehicle or not mining full,-1.0,-1
333,IND0041131120240100335,Found,IND0041131120240100335,13_11_2024_09_03_22,,AM9,Not_Found,truck,Not_Found,Not_Found,truck,Not_Found,1.0,2,4.0,41.0,Not_Found,,0.0,,Found,200,Non Mining Vehicle or not mining full,-1.0,-1
334,IND0041131120240100336,Found,IND0041131120240100336,13_11_2024_09_04_29,,,Not_Found,hywa,hywa,mining_full,hywa,mining_full,1.0,2,4.0,41.0,White,Stone_crush_powder,96.0,,Found,200,Data Saved Successfully!,518892.0,Success
335,IND0041131120240100337,Found,IND0041131120240100337,13_11_2024_09_04_32,,04,non_mining,mini_truck,mini_truck,non_mining,mini_truck,non_mining,1.0,2,4.0,41.0,Black,,0.0,,Found,200,Non Mining Vehicle or not mining full,-1.0,-1
336,IND0041131120240100338,Found,IND0041131120240100338,13_11_2024_09_04_53,,FORTUNER,Not_Found,hywa,hywa,mining_full,hywa,mining_full,1.0,2,4.0,41.0,Green,Brown_Sand,91.0,,Found,200,Data Saved Successfully!,518893.0,Success
337,IND0041131120240100339,Found,IND0041131120240100339,13_11_2024_09_05_46,MP04HE4881,MP04HE4881,mining_full,hywa,hywa,mining_full,hywa,mining_full,1.0,,4.0,41.0,Not_Found,Stone_crush_powder,98.0,,Found,409,Error while adding record!,0.0,
338,IND0041131120240100340,Found,IND0041131120240100340,13_11_2024_09_07_48,MH40CM5843,MH40CM5843,non_mining,truck,truck,non_mining,truck,non_mining,1.0,,4.0,41.0,Black,,0.0,,Found,200,Non Mining Vehicle or not mining full,-1.0,-1
339,IND0041131120240100341,Found,IND0041131120240100341,13_11_2024_09_08_23,PO10JA7599,P910,Not_Found,truck,truck,non_mining,truck,non_mining,1.0,,4.0,41.0,White,,0.0,,Found,200,Non Mining Vehicle or not mining full,-1.0,-1
340,IND0041131120240100342,Found,IND0041131120240100342,13_11_2024_09_08_51,PB10JA8799,10799,non_mining,truck,truck,non_mining,truck,non_mining,1.0,,4.0,41.0,Brown,,0.0,,Found,200,Non Mining Vehicle or not mining full,-1.0,-1
341,IND0041131120240100343,Found,IND0041131120240100343,13_11_2024_09_09_49,Not_Found,Not_Found,non_mining,mini_truck,mini_truck,non_mining,mini_truck,non_mining,1.0,2,1.0,41.0,Black,,0.0,,Found,200,Non Mining Vehicle or not mining full,-1.0,-1
342,IND0041131120240100344,Found,IND0041131120240100344,13_11_2024_09_11_16,BR44GA5657,BR44GA5657,Not_Found,truck,truck,covered,truck,covered,1.0,,4.0,41.0,Black,,0.0,,Found,200,Non Mining Vehicle or not mining full,-1.0,-1
343,IND0041131120240100345,Found,IND0041131120240100345,13_11_2024_09_12_02,MP43ZG8879,MP43ZG8879,non_mining,truck,truck,non_mining,truck,non_mining,1.0,,4.0,41.0,White,,0.0,,Found,200,Non Mining Vehicle or not mining full,-1.0,-1
344,IND0041131120240100346,Found,IND0041131120240100346,13_11_2024_09_12_16,MH40CD0958,MH40CD0958,non_mining,truck,truck,non_mining,truck,non_mining,1.0,,4.0,41.0,Brown,,0.0,,Found,200,Non Mining Vehicle or not mining full,-1.0,-1
345,IND0041131120240100347,Found,IND0041131120240100347,13_11_2024_09_13_07,GJ06V1678,GJ06V1678,non_mining,truck,Not_Found,Not_Found,truck,non_mining,1.0,,4.0,41.0,Not_Found,,0.0,,Found,200,Non Mining Vehicle or not mining full,-1.0,-1
346,IND0041131120240100348,Found,IND0041131120240100348,13_11_2024_09_13_26,GJ05BZ2435,GJ05BZ2435,non_mining,truck,truck,non_mining,truck,non_mining,1.0,,4.0,41.0,White,,0.0,,Found,200,Non Mining Vehicle or not mining full,-1.0,-1
347,IND0041131120240100349,Found,IND0041131120240100349,13_11_2024_09_14_14,,,non_mining,mini_truck,mini_truck,non_mining,mini_truck,non_mining,1.0,2,3.0,41.0,Black,,0.0,,Found,200,Non Mining Vehicle or not mining full,-1.0,-1
348,IND0041131120240100350,Found,IND0041131120240100350,13_11_2024_09_14_28,RJ11GC9673,RJ11,Not_Found,truck,truck,non_mining,truck,non_mining,1.0,,4.0,41.0,Green,,0.0,,Found,200,Non Mining Vehicle or not mining full,-1.0,-1
349,IND0041131120240100351,Found,IND0041131120240100351,13_11_2024_09_15_00,MP05G8097,MP05G8097,non_mining,mini_truck,mini_truck,non_mining,mini_truck,non_mining,1.0,,4.0,41.0,Grey_Silver,,0.0,,Found,200,Non Mining Vehicle or not mining full,-1.0,-1
350,IND0041131120240100352,Found,IND0041131120240100352,13_11_2024_09_15_15,GJ12BZ8433,GJ12BZ8433,non_mining,truck,truck,non_mining,truck,non_mining,1.0,,4.0,41.0,Brown,,0.0,,Found,200,Non Mining Vehicle or not mining full,-1.0,-1
351,IND0041131120240100353,Found,IND0041131120240100353,13_11_2024_09_15_40,HR38AE4353,HR3E4353,non_mining,truck,truck,non_mining,truck,non_mining,1.0,,4.0,41.0,White,,0.0,,Found,200,Non Mining Vehicle or not mining full,-1.0,-1
352,IND0041131120240100354,Found,IND0041131120240100354,13_11_2024_09_15_51,,17,non_mining,mini_truck,mini_truck,non_mining,mini_truck,non_mining,1.0,2,4.0,41.0,Black,,0.0,,Found,200,Non Mining Vehicle or not mining full,-1.0,-1
353,IND0041131120240100355,Found,IND0041131120240100355,13_11_2024_09_16_20,MH40CM4428,MH40CM4428,Not_Found,truck,truck,covered,truck,covered,1.0,,4.0,41.0,Black,,0.0,,Found,200,Non Mining Vehicle or not mining full,-1.0,-1
354,IND0041131120240100356,Found,IND0041131120240100356,13_11_2024_09_16_58,MP09GH2633,MP09GH2633,non_mining,mini_truck,mini_truck,non_mining,mini_truck,non_mining,1.0,,4.0,41.0,Black,,0.0,,Found,200,Non Mining Vehicle or not mining full,-1.0,-1
355,IND0041131120240100357,Found,IND0041131120240100357,13_11_2024_09_17_16,CG07BF5227,CG07BF5227,non_mining,truck,truck,non_mining,truck,non_mining,1.0,,4.0,41.0,Brown,,0.0,,Found,200,Non Mining Vehicle or not mining full,-1.0,-1
356,IND0041131120240100358,Found,IND0041131120240100358,13_11_2024_09_18_58,MP04GB8786,MP04GB8786,non_mining,truck,truck,non_mining,truck,non_mining,1.0,,4.0,41.0,Black,,0.0,,Found,200,Non Mining Vehicle or not mining full,-1.0,-1
357,IND0041131120240100359,Found,IND0041131120240100359,13_11_2024_09_20_04,,,Not_Found,truck,truck,non_mining,truck,non_mining,1.0,2,2.0,41.0,Blue,,0.0,,Found,200,Non Mining Vehicle or not mining full,-1.0,-1
358,IND0041131120240100360,Found,IND0041131120240100360,13_11_2024_09_20_31,Not_Found,Not_Found,non_mining,truck,truck,covered,truck,non_mining,1.0,2,1.0,41.0,Black,,0.0,,Found,200,Non Mining Vehicle or not mining full,-1.0,-1
359,IND0041131120240100361,Found,IND0041131120240100361,13_11_2024_09_20_48,,4365,Not_Found,truck,truck,mining_full,truck,mining_full,1.0,2,4.0,41.0,Black,Brown_Sand,90.0,,Found,200,Data Saved Successfully!,518905.0,Success
360,IND0041131120240100362,Found,IND0041131120240100362,13_11_2024_09_21_20,Not_Found,Not_Found,Not_Found,truck,truck,non_mining,truck,non_mining,1.0,2,1.0,41.0,Black,,0.0,,Found,200,Non Mining Vehicle or not mining full,-1.0,-1
361,IND0041131120240100363,Found,IND0041131120240100363,13_11_2024_09_21_40,,,Not_Found,truck,truck,non_mining,truck,non_mining,1.0,2,3.0,41.0,Grey_Silver,,0.0,,Found,200,Non Mining Vehicle or not mining full,-1.0,-1
362,IND0041131120240100364,Found,IND0041131120240100364,13_11_2024_09_21_56,,,Not_Found,truck,truck,non_mining,truck,non_mining,1.0,2,4.0,41.0,Blue,,0.0,,Found,200,Non Mining Vehicle or not mining full,-1.0,-1
363,IND0041131120240100365,Found,IND0041131120240100365,13_11_2024_09_22_33,,,Not_Found,hywa,hywa,mining_full,hywa,mining_full,1.0,2,4.0,41.0,Black,Brown_Sand,95.0,,Found,200,Data Saved Successfully!,518906.0,Success
364,IND0041131120240100366,Found,IND0041131120240100366,13_11_2024_09_23_34,NL01AB0106,NL01AB0106,Not_Found,truck,truck,non_mining,truck,non_mining,1.0,,4.0,41.0,Black,,0.0,,Found,200,Non Mining Vehicle or not mining full,-1.0,-1
365,IND0041131120240100367,Found,IND0041131120240100367,13_11_2024_09_23_51,,HH2928,Not_Found,truck,truck,covered,truck,covered,1.0,2,4.0,41.0,Black,,0.0,,Found,200,Non Mining Vehicle or not mining full,-1.0,-1
366,IND0041131120240100368,Found,IND0041131120240100368,13_11_2024_09_25_20,MP13ZN8796,MP13ZN8796,non_mining,truck,truck,non_mining,truck,non_mining,1.0,,4.0,41.0,White,,0.0,,Found,200,Non Mining Vehicle or not mining full,-1.0,-1
367,IND0041131120240100369,Found,IND0041131120240100369,13_11_2024_09_26_01,HR55AJ4102,HR55AJ4102,non_mining,truck,truck,non_mining,truck,non_mining,1.0,,4.0,41.0,White,,0.0,,Found,200,Non Mining Vehicle or not mining full,-1.0,-1
368,IND0041131120240100370,Found,IND0041131120240100370,13_11_2024_09_26_10,,D3002,Not_Found,truck,truck,covered,truck,covered,1.0,2,4.0,41.0,Black,,0.0,,Found,200,Non Mining Vehicle or not mining full,-1.0,-1
369,IND0041131120240100371,Found,IND0041131120240100371,13_11_2024_09_27_41,MP05G7762,MP05G7762,Not_Found,hywa,Not_Found,Not_Found,hywa,Not_Found,1.0,,4.0,41.0,Not_Found,,0.0,,Found,200,Non Mining Vehicle or not mining full,-1.0,-1
370,IND0041131120240100372,Found,IND0041131120240100372,13_11_2024_09_27_46,,GJ26,Not_Found,truck,truck,covered,truck,covered,1.0,2,4.0,41.0,Black,,0.0,,Found,200,Non Mining Vehicle or not mining full,-1.0,-1
371,IND0041131120240100373,Found,IND0041131120240100373,13_11_2024_09_29_55,MP04ZQ0450,MP04ZQ0450,Not_Found,mini_truck,mini_truck,non_mining,mini_truck,non_mining,1.0,,4.0,41.0,Green,,0.0,,Found,200,Non Mining Vehicle or not mining full,-1.0,-1
372,IND0041131120240100374,Found,IND0041131120240100374,13_11_2024_09_30_11,MP04GB6198,MP04GB6198,non_mining,mini_truck,mini_truck,non_mining,mini_truck,non_mining,1.0,,4.0,41.0,Grey_Silver,,0.0,,Found,200,Non Mining Vehicle or not mining full,-1.0,-1
373,IND0041131120240100375,Found,IND0041131120240100375,13_11_2024_09_30_51,UP94Q9240,UP94Q9240,Not_Found,tractor,tractor,non_mining,tractor,non_mining,1.0,,4.0,41.0,Red,,0.0,,Found,200,Non Mining Vehicle or not mining full,-1.0,-1
374,IND0041131120240100376,Found,IND0041131120240100376,13_11_2024_09_31_29,RJ06GC2129,RJ06GC2129,Not_Found,truck,truck,covered,truck,covered,1.0,,4.0,41.0,Black,,0.0,,Found,200,Non Mining Vehicle or not mining full,-1.0,-1
375,IND0041131120240100377,Found,IND0041131120240100377,13_11_2024_09_35_42,,JOTO,non_mining,truck,truck,non_mining,truck,non_mining,1.0,2,4.0,41.0,Blue,,0.0,,Found,200,Non Mining Vehicle or not mining full,-1.0,-1
376,IND0041131120240100378,Found,IND0041131120240100378,13_11_2024_09_35_56,RJ23GC1976,RJ23GC1976,non_mining,truck,truck,non_mining,truck,non_mining,1.0,,4.0,41.0,Black,,0.0,,Found,200,Non Mining Vehicle or not mining full,-1.0,-1
377,IND0041131120240100379,Found,IND0041131120240100379,13_11_2024_09_36_58,PB10HQ1282,PB10HQ1282,non_mining,truck,truck,covered,truck,non_mining,1.0,,4.0,41.0,Black,,0.0,,Found,200,Non Mining Vehicle or not mining full,-1.0,-1
378,IND0041131120240100380,Found,IND0041131120240100380,13_11_2024_09_37_25,,01747909,Not_Found,truck,Not_Found,Not_Found,truck,Not_Found,1.0,2,4.0,41.0,Not_Found,,0.0,,Found,200,Non Mining Vehicle or not mining full,-1.0,-1
379,IND0041131120240100381,Found,IND0041131120240100381,13_11_2024_09_37_34,,MP489901,Not_Found,truck,truck,non_mining,truck,non_mining,1.0,2,4.0,41.0,Black,,0.0,,Found,200,Non Mining Vehicle or not mining full,-1.0,-1
380,IND0041131120240100382,Found,IND0041131120240100382,13_11_2024_09_39_48,MP04HE5001,MP04HE5001,Not_Found,hywa,Not_Found,Not_Found,hywa,Not_Found,1.0,,4.0,41.0,Not_Found,,0.0,,Found,200,Non Mining Vehicle or not mining full,-1.0,-1
381,IND0041131120240100383,Found,IND0041131120240100383,13_11_2024_09_40_00,MH19CY8036,MH19CY8036,non_mining,mini_truck,mini_truck,non_mining,mini_truck,non_mining,1.0,,4.0,41.0,Blue,,0.0,,Found,200,Non Mining Vehicle or not mining full,-1.0,-1
382,IND0041131120240100384,Found,IND0041131120240100384,13_11_2024_09_42_23,UP16BT5553,UP16BT5553,non_mining,truck,truck,covered,truck,non_mining,1.0,,3.0,41.0,Brown,,0.0,,Found,200,Non Mining Vehicle or not mining full,-1.0,-1
383,IND0041131120240100385,Found,IND0041131120240100385,13_11_2024_09_43_02,HP05ZB6685,MP05Z8668,Not_Found,truck,truck,non_mining,truck,non_mining,1.0,,4.0,41.0,Black,,0.0,,Found,200,Non Mining Vehicle or not mining full,-1.0,-1
384,IND0041131120240100386,Found,IND0041131120240100386,13_11_2024_09_44_09,,,Not_Found,truck,truck,covered,truck,covered,1.0,2,4.0,41.0,Black,,0.0,,Found,200,Non Mining Vehicle or not mining full,-1.0,-1
385,IND0041131120240100387,Found,IND0041131120240100387,13_11_2024_09_44_56,,,Not_Found,truck,truck,non_mining,truck,non_mining,1.0,2,2.0,41.0,Blue,,0.0,,Found,200,Non Mining Vehicle or not mining full,-1.0,-1
386,IND0041131120240100388,Found,IND0041131120240100388,13_11_2024_09_45_36,MP48H1394,1394,non_mining,truck,truck,non_mining,truck,non_mining,1.0,,4.0,41.0,Black,,0.0,,Found,200,Non Mining Vehicle or not mining full,-1.0,-1
387,IND0041131120240100389,Found,IND0041131120240100389,13_11_2024_09_45_42,HP04PA2847,HP04PA2847,non_mining,truck,truck,non_mining,truck,non_mining,1.0,,2.0,41.0,Black,,0.0,,Found,200,Non Mining Vehicle or not mining full,-1.0,-1
388,IND0041131120240100390,Found,IND0041131120240100390,13_11_2024_09_45_49,RJ27GQ0598,RJ27GQ0598,Not_Found,truck,truck,non_mining,truck,non_mining,1.0,,4.0,41.0,Grey_Silver,,0.0,,Found,200,Non Mining Vehicle or not mining full,-1.0,-1
389,IND0041131120240100391,Found,IND0041131120240100391,13_11_2024_09_46_02,,0J15A,non_mining,truck,truck,covered,truck,non_mining,1.0,2,4.0,41.0,Black,,0.0,,Found,200,Non Mining Vehicle or not mining full,-1.0,-1
390,IND0041131120240100392,Found,IND0041131120240100392,13_11_2024_09_46_16,,,non_mining,truck,truck,non_mining,truck,non_mining,1.0,2,4.0,41.0,Brown,,0.0,,Found,200,Non Mining Vehicle or not mining full,-1.0,-1
391,IND0041131120240100393,Found,IND0041131120240100393,13_11_2024_09_47_11,,IMP046,non_mining,mini_truck,mini_truck,non_mining,mini_truck,non_mining,1.0,2,4.0,41.0,Green,,0.0,,Found,200,Non Mining Vehicle or not mining full,-1.0,-1
392,IND0041131120240100394,Found,IND0041131120240100394,13_11_2024_09_48_33,,THE,non_mining,truck,truck,non_mining,truck,non_mining,1.0,2,4.0,41.0,Black,,0.0,,Found,200,Non Mining Vehicle or not mining full,-1.0,-1
393,IND0041131120240100395,Found,IND0041131120240100395,13_11_2024_09_49_33,,,Not_Found,truck,Not_Found,Not_Found,truck,Not_Found,1.0,2,4.0,41.0,Not_Found,,0.0,,Found,200,Non Mining Vehicle or not mining full,-1.0,-1
394,IND0041131120240100396,Found,IND0041131120240100396,13_11_2024_09_50_18,,246309,Not_Found,truck,truck,covered,truck,covered,1.0,2,4.0,41.0,Green,,0.0,,Found,200,Non Mining Vehicle or not mining full,-1.0,-1
395,IND0041131120240100397,Found,IND0041131120240100397,13_11_2024_09_50_28,UF78CT9550,UP78CT9558,Not_Found,truck,truck,covered,truck,covered,1.0,,4.0,41.0,Black,,0.0,,Found,200,Non Mining Vehicle or not mining full,-1.0,-1
396,IND0041131120240100398,Found,IND0041131120240100398,13_11_2024_09_51_01,MP04LD6899,MP04LD6899,non_mining,mini_truck,mini_truck,non_mining,mini_truck,non_mining,1.0,,4.0,41.0,Black,,0.0,,Found,200,Non Mining Vehicle or not mining full,-1.0,-1
397,IND0041131120240100399,Found,IND0041131120240100399,13_11_2024_09_51_25,,DL1V4813,Not_Found,mini_truck,mini_truck,non_mining,mini_truck,non_mining,1.0,2,4.0,41.0,Black,,0.0,,Found,200,Non Mining Vehicle or not mining full,-1.0,-1
398,IND0041131120240100400,Found,IND0041131120240100400,13_11_2024_09_52_04,MP04HE4509,MP04HE4509,non_mining,truck,truck,non_mining,truck,non_mining,1.0,,4.0,41.0,Black,,0.0,,Found,200,Non Mining Vehicle or not mining full,-1.0,-1
399,IND0041131120240100401,Found,IND0041131120240100401,13_11_2024_09_52_41,MP07HB9007,MP07HB9007,Not_Found,truck,truck,non_mining,truck,non_mining,1.0,,4.0,41.0,Blue,,0.0,,Found,200,Non Mining Vehicle or not mining full,-1.0,-1
400,IND0041131120240100402,Found,IND0041131120240100402,13_11_2024_09_53_01,MH40CT1147,MH40CT1147,Not_Found,truck,truck,covered,truck,covered,1.0,,4.0,41.0,White,,0.0,,Found,200,Non Mining Vehicle or not mining full,-1.0,-1
401,IND0041131120240200002,Found,IND0041131120240200002,13_11_2024_00_21_50,MP04ZS6625,MP04ZS6625,Not_Found,truck,truck,non_mining,truck,non_mining,2.0,,4.0,41.0,White,,0.0,,Found,200,Non Mining Vehicle or not mining full,-1.0,-1
402,IND0041131120240200003,Found,IND0041131120240200003,13_11_2024_00_22_09,,HRA,Not_Found,hywa,hywa,mining_full,hywa,mining_full,2.0,2,4.0,41.0,Not_Found,Stone_crush_powder,92.0,,Found,200,Data Saved Successfully!,518914.0,Success
403,IND0041131120240200004,Found,IND0041131120240200004,13_11_2024_00_23_43,MP04GA8320,MP04GA8320,Not_Found,truck,truck,covered,truck,covered,2.0,,4.0,41.0,Not_Found,,0.0,,Found,200,Non Mining Vehicle or not mining full,-1.0,-1
404,IND0041131120240200005,Found,IND0041131120240200005,13_11_2024_00_25_33,,,Not_Found,truck,truck,covered,truck,covered,2.0,2,1.0,41.0,Not_Found,,0.0,,Found,200,Non Mining Vehicle or not mining full,-1.0,-1
405,IND0041131120240200006,Found,IND0041131120240200006,13_11_2024_00_26_55,RJ11GC4026,RJ11GC4026,Not_Found,truck,truck,covered,truck,covered,2.0,,4.0,41.0,Not_Found,,0.0,,Found,200,Non Mining Vehicle or not mining full,-1.0,-1
406,IND0041131120240200007,Found,IND0041131120240200007,13_11_2024_00_27_18,MP04ZQ5777,MP04ZQ5777,Not_Found,hywa,hywa,non_mining,hywa,non_mining,2.0,,3.0,41.0,Not_Found,,0.0,,Found,200,Non Mining Vehicle or not mining full,-1.0,-1
407,IND0041131120240200008,Found,IND0041131120240200008,13_11_2024_00_29_50,,DL1R2461,Not_Found,truck,truck,covered,truck,covered,2.0,2,3.0,41.0,Not_Found,,0.0,,Found,200,Non Mining Vehicle or not mining full,-1.0,-1
408,IND0041131120240200009,Found,IND0041131120240200009,13_11_2024_00_31_26,,,Not_Found,truck,truck,covered,truck,covered,2.0,2,4.0,41.0,Not_Found,,0.0,,Found,200,Non Mining Vehicle or not mining full,-1.0,-1
409,IND0041131120240200010,Found,IND0041131120240200010,13_11_2024_00_38_13,MH18BG5914,MH18BG5914,Not_Found,truck,truck,covered,truck,covered,2.0,,4.0,41.0,Not_Found,,0.0,,Found,200,Non Mining Vehicle or not mining full,-1.0,-1
410,IND0041131120240200011,Found,IND0041131120240200011,13_11_2024_00_41_58,,VIP37GA1214,Not_Found,hywa,hywa,covered,hywa,covered,2.0,2,4.0,41.0,Not_Found,,0.0,,Found,200,Non Mining Vehicle or not mining full,-1.0,-1
411,IND0041131120240200012,Found,IND0041131120240200012,13_11_2024_00_42_25,MP04GB2963,MP04GB2963,Not_Found,truck,truck,covered,truck,covered,2.0,,4.0,41.0,Not_Found,,0.0,,Found,200,Non Mining Vehicle or not mining full,-1.0,-1
412,IND0041131120240200013,Found,IND0041131120240200013,13_11_2024_00_43_05,MH40CT4095,MH40CT4095,Not_Found,truck,truck,non_mining,truck,non_mining,2.0,,4.0,41.0,Not_Found,,0.0,,Found,200,Non Mining Vehicle or not mining full,-1.0,-1
413,IND0041131120240200014,Found,IND0041131120240200014,13_11_2024_00_44_35,,,Not_Found,hywa,hywa,covered,hywa,covered,2.0,2,3.0,41.0,Not_Found,,0.0,,Found,200,Non Mining Vehicle or not mining full,-1.0,-1
414,IND0041131120240200015,Not Found,,,,,,,,,,,,,,,,,,,Not Found,,,,
415,IND0041131120240200016,Found,IND0041131120240200016,13_11_2024_00_46_12,HR73B3274,HR73B3274,Not_Found,truck,truck,covered,truck,covered,2.0,,4.0,41.0,Not_Found,,0.0,,Found,200,Non Mining Vehicle or not mining full,-1.0,-1
416,IND0041131120240200017,Found,IND0041131120240200017,13_11_2024_00_47_21,,,Not_Found,truck,truck,non_mining,truck,non_mining,2.0,2,1.0,41.0,Not_Found,,0.0,,Found,200,Non Mining Vehicle or not mining full,-1.0,-1
417,IND0041131120240200018,Found,IND0041131120240200018,13_11_2024_00_47_28,TN34Q6669,TN34Q6669,Not_Found,truck,truck,non_mining,truck,non_mining,2.0,,4.0,41.0,Not_Found,,0.0,,Found,200,Non Mining Vehicle or not mining full,-1.0,-1
418,IND0041131120240200019,Found,IND0041131120240200019,13_11_2024_00_48_23,NE01AJ1247,NE01AJ1247,Not_Found,truck,truck,non_mining,truck,non_mining,2.0,,4.0,41.0,Not_Found,,0.0,,Found,200,Non Mining Vehicle or not mining full,-1.0,-1
419,IND0041131120240200020,Found,IND0041131120240200020,13_11_2024_00_49_22,,N,Not_Found,truck,truck,covered,truck,covered,2.0,2,3.0,41.0,Not_Found,,0.0,,Found,200,Non Mining Vehicle or not mining full,-1.0,-1
420,IND0041131120240200021,Not Found,,,,,,,,,,,,,,,,,,,Not Found,,,,
421,IND0041131120240200022,Found,IND0041131120240200022,13_11_2024_00_52_41,,,Not_Found,truck,Not_Found,Not_Found,truck,Not_Found,2.0,2,1.0,41.0,Not_Found,,0.0,,Found,200,Non Mining Vehicle or not mining full,-1.0,-1
422,IND0041131120240200023,Found,IND0041131120240200023,13_11_2024_00_52_59,,,Not_Found,truck,truck,covered,truck,covered,2.0,2,3.0,41.0,Not_Found,,0.0,,Found,200,Non Mining Vehicle or not mining full,-1.0,-1
423,IND0041131120240200024,Found,IND0041131120240200024,13_11_2024_00_53_04,,,Not_Found,truck,truck,covered,truck,covered,2.0,2,3.0,41.0,Not_Found,,0.0,,Found,200,Non Mining Vehicle or not mining full,-1.0,-1
424,IND0041131120240200025,Found,IND0041131120240200025,13_11_2024_00_54_06,WB25K8689,WB25K8689,Not_Found,truck,truck,non_mining,truck,non_mining,2.0,,4.0,41.0,Not_Found,,0.0,,Found,200,Non Mining Vehicle or not mining full,-1.0,-1
425,IND0041131120240200026,Found,IND0041131120240200026,13_11_2024_00_56_17,,,Not_Found,hywa,hywa,mining_full,hywa,mining_full,2.0,2,2.0,41.0,Not_Found,Sand,98.0,,Found,409,Record is not added as there is already a record with same TransactionId IND0041131120240200026 .,518933.0,Duplicate TransactionId
426,IND0041131120240200027,Found,IND0041131120240200027,13_11_2024_00_59_19,,,Not_Found,hywa,hywa,mining_full,hywa,mining_full,2.0,2,3.0,41.0,White,Stone_crush_powder,99.0,,Found,200,Data Saved Successfully!,518920.0,Success
427,IND0041131120240200028,Found,IND0041131120240200028,13_11_2024_00_59_24,,,Not_Found,truck,Not_Found,non_mining,truck,non_mining,2.0,2,1.0,41.0,Not_Found,,0.0,,Found,200,Non Mining Vehicle or not mining full,-1.0,-1
428,IND0041131120240200029,Found,IND0041131120240200029,13_11_2024_00_59_33,MP13GB3097,MP13GB3097,Not_Found,truck,truck,non_mining,truck,non_mining,2.0,,3.0,41.0,Not_Found,,0.0,,Found,200,Non Mining Vehicle or not mining full,-1.0,-1
429,IND0041131120240200030,Found,IND0041131120240200030,13_11_2024_01_00_53,MP04LD3868,MP04LD3868,Not_Found,mini_truck,mini_truck,non_mining,mini_truck,non_mining,2.0,,4.0,41.0,White,,0.0,,Found,200,Non Mining Vehicle or not mining full,-1.0,-1
430,IND0041131120240200031,Found,IND0041131120240200031,13_11_2024_01_01_46,,,non_mining,truck,truck,non_mining,truck,non_mining,2.0,2,3.0,41.0,Not_Found,,0.0,,Found,200,Non Mining Vehicle or not mining full,-1.0,-1
431,IND0041131120240200032,Found,IND0041131120240200032,13_11_2024_01_03_51,,,Not_Found,hywa,hywa,mining_full,hywa,mining_full,2.0,2,2.0,41.0,Brown,Stone_crush_powder,96.0,,Found,200,Data Saved Successfully!,518982.0,Success
432,IND0041131120240200033,Found,IND0041131120240200033,13_11_2024_01_04_00,MP04GB5558,MP04GB5558,non_mining,mini_truck,mini_truck,non_mining,mini_truck,non_mining,2.0,,4.0,41.0,White,,0.0,,Found,200,Non Mining Vehicle or not mining full,-1.0,-1
433,IND0041131120240200034,Found,IND0041131120240200034,13_11_2024_01_04_43,,R,Not_Found,hywa,hywa,covered,hywa,covered,2.0,2,3.0,41.0,Not_Found,,0.0,,Found,200,Non Mining Vehicle or not mining full,-1.0,-1
434,IND0041131120240200035,Not Found,,,,,,,,,,,,,,,,,,,Not Found,,,,
435,IND0041131120240200036,Found,IND0041131120240200036,13_11_2024_01_06_48,,,Not_Found,truck,truck,covered,truck,covered,2.0,2,1.0,41.0,Not_Found,,0.0,,Found,200,Non Mining Vehicle or not mining full,-1.0,-1
436,IND0041131120240200037,Found,IND0041131120240200037,13_11_2024_01_09_03,AP41QA2153,AP41QA2153,Not_Found,truck,truck,non_mining,truck,non_mining,2.0,,4.0,41.0,Not_Found,,0.0,,Found,200,Non Mining Vehicle or not mining full,-1.0,-1
437,IND0041131120240200038,Found,IND0041131120240200038,13_11_2024_01_12_04,,HRS,Not_Found,truck,truck,non_mining,truck,non_mining,2.0,2,4.0,41.0,Not_Found,,0.0,,Found,200,Non Mining Vehicle or not mining full,-1.0,-1
438,IND0041131120240200039,Found,IND0041131120240200039,13_11_2024_01_13_35,RJ09GC306,RJ09GC306,Not_Found,truck,truck,covered,truck,covered,2.0,,4.0,41.0,Green,,0.0,,Found,200,Non Mining Vehicle or not mining full,-1.0,-1
439,IND0041131120240200040,Found,IND0041131120240200040,13_11_2024_01_17_47,,,Not_Found,hywa,hywa,non_mining,hywa,non_mining,2.0,2,1.0,41.0,Not_Found,,0.0,,Found,200,Non Mining Vehicle or not mining full,-1.0,-1
440,IND0041131120240200041,Found,IND0041131120240200041,13_11_2024_01_19_38,,,Not_Found,truck,truck,non_mining,truck,non_mining,2.0,2,1.0,41.0,Not_Found,,0.0,,Found,200,Non Mining Vehicle or not mining full,-1.0,-1
441,IND0041131120240200042,Found,IND0041131120240200042,13_11_2024_01_22_37,GJ12BW3350,GJ12BW3350,Not_Found,truck,truck,non_mining,truck,non_mining,2.0,,3.0,41.0,Not_Found,,0.0,,Found,200,Non Mining Vehicle or not mining full,-1.0,-1
442,IND0041131120240200043,Not Found,,,,,,,,,,,,,,,,,,,Not Found,,,,
443,IND0041131120240200044,Found,IND0041131120240200044,13_11_2024_01_27_34,,,Not_Found,truck,truck,non_mining,truck,non_mining,2.0,2,1.0,41.0,Not_Found,,0.0,,Found,200,Non Mining Vehicle or not mining full,-1.0,-1
444,IND0041131120240200045,Found,IND0041131120240200045,13_11_2024_01_29_53,MP09DH9640,MP09DH9640,Not_Found,truck,truck,non_mining,truck,non_mining,2.0,,4.0,41.0,Not_Found,,0.0,,Found,200,Non Mining Vehicle or not mining full,-1.0,-1
445,IND0041131120240200046,Found,IND0041131120240200046,13_11_2024_01_30_08,GJ12BZ0990,GJ12BZ0990,Not_Found,truck,truck,non_mining,truck,non_mining,2.0,,4.0,41.0,Brown,,0.0,,Found,200,Non Mining Vehicle or not mining full,-1.0,-1
446,IND0041131120240200047,Found,IND0041131120240200047,13_11_2024_01_30_22,RJ23GC9191,RJ23GC9191,Not_Found,truck,truck,non_mining,truck,non_mining,2.0,,4.0,41.0,White,,0.0,,Found,200,Non Mining Vehicle or not mining full,-1.0,-1
447,IND0041131120240200048,Found,IND0041131120240200048,13_11_2024_01_31_26,RJ11GB0632,RJ11GB0632,Not_Found,truck,truck,covered,truck,covered,2.0,,4.0,41.0,Not_Found,,0.0,,Found,200,Non Mining Vehicle or not mining full,-1.0,-1
448,IND0041131120240200049,Found,IND0041131120240200049,13_11_2024_01_31_51,,,Not_Found,hywa,hywa,mining_full,hywa,mining_full,2.0,2,1.0,41.0,Not_Found,Brown_Sand,96.0,,Found,200,Data Saved Successfully!,518973.0,Success
449,IND0041131120240200050,Found,IND0041131120240200050,13_11_2024_01_34_42,,,Not_Found,mini_truck,mini_truck,non_mining,mini_truck,non_mining,2.0,2,2.0,41.0,Not_Found,,0.0,,Found,200,Non Mining Vehicle or not mining full,-1.0,-1
450,IND0041131120240200051,Found,IND0041131120240200051,13_11_2024_01_36_51,,FT6123,Not_Found,truck,truck,covered,truck,covered,2.0,2,4.0,41.0,Not_Found,,0.0,,Found,200,Non Mining Vehicle or not mining full,-1.0,-1
451,IND0041131120240200052,Found,IND0041131120240200052,13_11_2024_01_37_44,,,Not_Found,hywa,hywa,non_mining,hywa,non_mining,2.0,2,3.0,41.0,Not_Found,,0.0,,Found,200,Non Mining Vehicle or not mining full,-1.0,-1
452,IND0041131120240200053,Found,IND0041131120240200053,13_11_2024_01_38_28,,,Not_Found,truck,truck,non_mining,truck,non_mining,2.0,2,3.0,41.0,Not_Found,,0.0,,Found,200,Non Mining Vehicle or not mining full,-1.0,-1
453,IND0041131120240200054,Found,IND0041131120240200054,13_11_2024_01_40_40,,,Not_Found,hywa,hywa,mining_full,hywa,mining_full,2.0,2,2.0,41.0,Not_Found,Brown_Sand,93.0,,Found,200,Data Saved Successfully!,518922.0,Success
454,IND0041131120240200055,Found,IND0041131120240200055,13_11_2024_01_42_12,,,Not_Found,truck,truck,covered,truck,covered,2.0,2,1.0,41.0,Brown,,0.0,,Found,200,Non Mining Vehicle or not mining full,-1.0,-1
455,IND0041131120240200056,Found,IND0041131120240200056,13_11_2024_01_45_08,,,Not_Found,mini_truck,mini_truck,non_mining,mini_truck,non_mining,2.0,2,1.0,41.0,Not_Found,,0.0,,Found,200,Non Mining Vehicle or not mining full,-1.0,-1
456,IND0041131120240200057,Found,IND0041131120240200057,13_11_2024_01_46_00,UP85CT2369,UP85CT2369,Not_Found,truck,truck,covered,truck,covered,2.0,,4.0,41.0,Not_Found,,0.0,,Found,200,Non Mining Vehicle or not mining full,-1.0,-1
457,IND0041131120240200058,Found,IND0041131120240200058,13_11_2024_01_49_17,MP20TA1812,MP20TA1812,Not_Found,mini_truck,Not_Found,Not_Found,mini_truck,Not_Found,2.0,,2.0,41.0,Not_Found,,0.0,,Found,200,Non Mining Vehicle or not mining full,-1.0,-1
458,IND0041131120240200059,Found,IND0041131120240200059,13_11_2024_01_49_30,MP09DM5075,MP09DM5075,Not_Found,truck,truck,non_mining,truck,non_mining,2.0,,4.0,41.0,Red,,0.0,,Found,200,Non Mining Vehicle or not mining full,-1.0,-1
459,IND0041131120240200060,Found,IND0041131120240200060,13_11_2024_01_51_05,AP04GB3806,AP04GB3806,Not_Found,mini_truck,mini_truck,non_mining,mini_truck,non_mining,2.0,,4.0,41.0,Not_Found,,0.0,,Found,200,Non Mining Vehicle or not mining full,-1.0,-1
460,IND0041131120240200061,Found,IND0041131120240200061,13_11_2024_01_52_30,RJ09GE2207,RJ09GE2207,Not_Found,truck,truck,covered,truck,covered,2.0,,4.0,41.0,Blue,,0.0,,Found,200,Non Mining Vehicle or not mining full,-1.0,-1
461,IND0041131120240200062,Found,IND0041131120240200062,13_11_2024_01_54_13,,ZY99,Not_Found,truck,truck,covered,truck,covered,2.0,2,4.0,41.0,Brown,,0.0,,Found,200,Non Mining Vehicle or not mining full,-1.0,-1
462,IND0041131120240200063,Found,IND0041131120240200063,13_11_2024_01_54_26,MP09CG5937,MP09CG5937,Not_Found,truck,truck,non_mining,truck,non_mining,2.0,,4.0,41.0,Not_Found,,0.0,,Found,200,Non Mining Vehicle or not mining full,-1.0,-1
463,IND0041131120240200064,Found,IND0041131120240200064,13_11_2024_01_55_28,MP41GA3350,MP41GA3350,Not_Found,truck,truck,covered,truck,covered,2.0,,4.0,41.0,Not_Found,,0.0,,Found,200,Non Mining Vehicle or not mining full,-1.0,-1
464,IND0041131120240200065,Found,IND0041131120240200065,13_11_2024_01_57_01,RJ52GA2557,RJ52GA2557,Not_Found,truck,truck,covered,truck,covered,2.0,,4.0,41.0,Not_Found,,0.0,,Found,200,Non Mining Vehicle or not mining full,-1.0,-1
465,IND0041131120240200066,Found,IND0041131120240200066,13_11_2024_01_58_32,MP09HH6955,MP09HH6955,Not_Found,truck,truck,covered,truck,covered,2.0,,4.0,41.0,Blue,,0.0,,Found,200,Non Mining Vehicle or not mining full,-1.0,-1
466,IND0041131120240200067,Found,IND0041131120240200067,13_11_2024_02_01_37,MH40CT1384,MH40CT1384,Not_Found,mini_truck,mini_truck,non_mining,mini_truck,non_mining,2.0,,4.0,41.0,Not_Found,,0.0,,Found,200,Non Mining Vehicle or not mining full,-1.0,-1
467,IND0041131120240200068,Found,IND0041131120240200068,13_11_2024_02_03_32,CG04NW4755,CG04NW4755,non_mining,truck,truck,non_mining,truck,non_mining,2.0,,4.0,41.0,Not_Found,,0.0,,Found,200,Non Mining Vehicle or not mining full,-1.0,-1
468,IND0041131120240200069,Found,IND0041131120240200069,13_11_2024_02_04_57,RJ09GD3849,RJ09GD3849,Not_Found,truck,truck,covered,truck,covered,2.0,,3.0,41.0,Not_Found,,0.0,,Found,200,Non Mining Vehicle or not mining full,-1.0,-1
469,IND0041131120240200070,Found,IND0041131120240200070,13_11_2024_02_05_32,MH40CT0693,MH40CT0693,non_mining,mini_truck,mini_truck,covered,mini_truck,non_mining,2.0,,4.0,41.0,Not_Found,,0.0,,Found,200,Non Mining Vehicle or not mining full,-1.0,-1
470,IND0041131120240200071,Found,IND0041131120240200071,13_11_2024_02_09_53,,,Not_Found,mini_truck,mini_truck,non_mining,mini_truck,non_mining,2.0,2,1.0,41.0,Not_Found,,0.0,,Found,200,Non Mining Vehicle or not mining full,-1.0,-1
471,IND0041131120240200072,Found,IND0041131120240200072,13_11_2024_02_10_27,GJ31T6861,GJ31T6861,Not_Found,mini_truck,mini_truck,non_mining,mini_truck,non_mining,2.0,,4.0,41.0,Not_Found,,0.0,,Found,200,Non Mining Vehicle or not mining full,-1.0,-1
472,IND0041131120240200073,Found,IND0041131120240200073,13_11_2024_02_11_10,RJ09GD5900,RJ09GD5900,Not_Found,truck,truck,covered,truck,covered,2.0,,4.0,41.0,Not_Found,,0.0,,Found,200,Non Mining Vehicle or not mining full,-1.0,-1
473,IND0041131120240200074,Found,IND0041131120240200074,13_11_2024_02_13_12,HP15B3855,HP15B3855,Not_Found,hywa,hywa,covered,hywa,covered,2.0,,4.0,41.0,Not_Found,,0.0,,Found,200,Non Mining Vehicle or not mining full,-1.0,-1
474,IND0041131120240200075,Found,IND0041131120240200075,13_11_2024_02_14_17,,inT,Not_Found,truck,truck,non_mining,truck,non_mining,2.0,2,3.0,41.0,White,,0.0,,Found,200,Non Mining Vehicle or not mining full,-1.0,-1
475,IND0041131120240200076,Found,IND0041131120240200076,13_11_2024_02_17_29,RJ17GB0670,RJ17GB0670,Not_Found,hywa,hywa,mining_full,hywa,mining_full,2.0,,4.0,41.0,Not_Found,Stone_crush_powder,96.0,,Found,409,Error while adding record!,0.0,
476,IND0041131120240200077,Found,IND0041131120240200077,13_11_2024_02_18_14,RJ48GA1872,RJ48GA1872,Not_Found,truck,truck,non_mining,truck,non_mining,2.0,,3.0,41.0,Not_Found,,0.0,,Found,200,Non Mining Vehicle or not mining full,-1.0,-1
477,IND0041131120240200078,Found,IND0041131120240200078,13_11_2024_02_19_31,HP65B2043,HP65B2043,Not_Found,truck,truck,covered,truck,covered,2.0,,4.0,41.0,Not_Found,,0.0,,Found,200,Non Mining Vehicle or not mining full,-1.0,-1
478,IND0041131120240200079,Found,IND0041131120240200079,13_11_2024_02_19_37,HP65B2036,HP65B2036,Not_Found,truck,truck,covered,truck,covered,2.0,,4.0,41.0,Not_Found,,0.0,,Found,200,Non Mining Vehicle or not mining full,-1.0,-1
479,IND0041131120240200080,Found,IND0041131120240200080,13_11_2024_02_21_00,RJ11GD047,RJ11GD047,Not_Found,truck,truck,covered,truck,covered,2.0,,4.0,41.0,Not_Found,,0.0,,Found,200,Non Mining Vehicle or not mining full,-1.0,-1
480,IND0041131120240200081,Found,IND0041131120240200081,13_11_2024_02_23_18,,,Not_Found,truck,truck,covered,truck,covered,2.0,2,1.0,41.0,Not_Found,,0.0,,Found,200,Non Mining Vehicle or not mining full,-1.0,-1
481,IND0041131120240200082,Found,IND0041131120240200082,13_11_2024_02_24_22,MP33N1751,MP33N1751,Not_Found,truck,truck,covered,truck,covered,2.0,,4.0,41.0,Not_Found,,0.0,,Found,200,Non Mining Vehicle or not mining full,-1.0,-1
482,IND0041131120240200083,Found,IND0041131120240200083,13_11_2024_02_24_29,RJ37GB2091,RJ37GB2091,Not_Found,truck,truck,non_mining,truck,non_mining,2.0,,4.0,41.0,Not_Found,,0.0,,Found,200,Non Mining Vehicle or not mining full,-1.0,-1
483,IND0041131120240200084,Found,IND0041131120240200084,13_11_2024_02_26_03,,,Not_Found,truck,truck,non_mining,truck,non_mining,2.0,2,4.0,41.0,Brown,,0.0,,Found,200,Non Mining Vehicle or not mining full,-1.0,-1
484,IND0041131120240200085,Found,IND0041131120240200085,13_11_2024_02_26_57,RJ11GA9395,RJ11GA9395,Not_Found,truck,truck,covered,truck,covered,2.0,,4.0,41.0,Not_Found,,0.0,,Found,200,Non Mining Vehicle or not mining full,-1.0,-1
485,IND0041131120240200086,Found,IND0041131120240200086,13_11_2024_02_31_40,,,Not_Found,mini_truck,mini_truck,non_mining,mini_truck,non_mining,2.0,2,2.0,41.0,White,,0.0,,Found,200,Non Mining Vehicle or not mining full,-1.0,-1
486,IND0041131120240200087,Found,IND0041131120240200087,13_11_2024_02_32_31,MP09HG0552,MP09HG0552,Not_Found,truck,truck,non_mining,truck,non_mining,2.0,,4.0,41.0,Brown,,0.0,,Found,200,Non Mining Vehicle or not mining full,-1.0,-1
487,IND0041131120240200088,Found,IND0041131120240200088,13_11_2024_02_32_53,,R,Not_Found,truck,truck,covered,truck,covered,2.0,2,2.0,41.0,Not_Found,,0.0,,Found,200,Non Mining Vehicle or not mining full,-1.0,-1
488,IND0041131120240200089,Found,IND0041131120240200089,13_11_2024_02_32_59,UP75CT0151,UP75CT0151,Not_Found,truck,truck,covered,truck,covered,2.0,,3.0,41.0,Brown,,0.0,,Found,200,Non Mining Vehicle or not mining full,-1.0,-1
489,IND0041131120240200090,Found,IND0041131120240200090,13_11_2024_02_33_09,,Hi,Not_Found,truck,truck,covered,truck,covered,2.0,2,4.0,41.0,Not_Found,,0.0,,Found,200,Non Mining Vehicle or not mining full,-1.0,-1
490,IND0041131120240200091,Found,IND0041131120240200091,13_11_2024_02_34_05,,PRYANSHI,Not_Found,hywa,hywa,non_mining,hywa,non_mining,2.0,2,3.0,41.0,Not_Found,,0.0,,Found,200,Non Mining Vehicle or not mining full,-1.0,-1
491,IND0041131120240200092,Found,IND0041131120240200092,13_11_2024_02_34_10,MP04LC518,MP04LC518,Not_Found,mini_truck,mini_truck,non_mining,mini_truck,non_mining,2.0,,4.0,41.0,Brown,,0.0,,Found,200,Non Mining Vehicle or not mining full,-1.0,-1
492,IND0041131120240200093,Found,IND0041131120240200093,13_11_2024_02_34_54,MP09DL7014,MP09DL7014,Not_Found,mini_truck,mini_truck,non_mining,mini_truck,non_mining,2.0,,4.0,41.0,White,,0.0,,Found,200,Non Mining Vehicle or not mining full,-1.0,-1
493,IND0041131120240200094,Found,IND0041131120240200094,13_11_2024_02_35_38,,,Not_Found,truck,truck,covered,truck,covered,2.0,2,1.0,41.0,Not_Found,,0.0,,Found,200,Non Mining Vehicle or not mining full,-1.0,-1
494,IND0041131120240200095,Found,IND0041131120240200095,13_11_2024_02_35_58,,,Not_Found,truck,truck,covered,truck,covered,2.0,2,1.0,41.0,Black,,0.0,,Found,200,Non Mining Vehicle or not mining full,-1.0,-1
495,IND0041131120240200096,Found,IND0041131120240200096,13_11_2024_02_36_01,,,Not_Found,truck,truck,non_mining,truck,non_mining,2.0,2,1.0,41.0,Not_Found,,0.0,,Found,200,Non Mining Vehicle or not mining full,-1.0,-1
496,IND0041131120240200097,Found,IND0041131120240200097,13_11_2024_02_36_52,,,Not_Found,truck,truck,non_mining,truck,non_mining,2.0,2,1.0,41.0,Not_Found,,0.0,,Found,200,Non Mining Vehicle or not mining full,-1.0,-1
497,IND0041131120240200098,Found,IND0041131120240200098,13_11_2024_02_38_03,MH48Q7003,MH48Q7003,Not_Found,mini_truck,Not_Found,Not_Found,mini_truck,Not_Found,2.0,,4.0,41.0,White,,0.0,,Found,200,Non Mining Vehicle or not mining full,-1.0,-1
498,IND0041131120240200099,Found,IND0041131120240200099,13_11_2024_02_41_25,,,Not_Found,truck,truck,non_mining,truck,non_mining,2.0,2,1.0,41.0,Not_Found,,0.0,,Found,200,Non Mining Vehicle or not mining full,-1.0,-1
499,IND0041131120240200100,Found,IND0041131120240200100,13_11_2024_02_42_57,GJ12BZ0644,GJ12BZ0644,Not_Found,truck,truck,non_mining,truck,non_mining,2.0,,4.0,41.0,Not_Found,,0.0,,Found,200,Non Mining Vehicle or not mining full,-1.0,-1
500,IND0041131120240200101,Found,IND0041131120240200101,13_11_2024_02_43_04,GJ12BZ0690,GJ12BZ0690,Not_Found,truck,truck,non_mining,truck,non_mining,2.0,,4.0,41.0,Not_Found,,0.0,,Found,200,Non Mining Vehicle or not mining full,-1.0,-1
501,IND0041131120240200102,Found,IND0041131120240200102,13_11_2024_02_46_30,,,Not_Found,truck,truck,covered,truck,covered,2.0,2,1.0,41.0,Not_Found,,0.0,,Found,200,Non Mining Vehicle or not mining full,-1.0,-1
502,IND0041131120240200103,Found,IND0041131120240200103,13_11_2024_02_48_05,RJ02GC5167,RJ02GC5167,Not_Found,truck,truck,covered,truck,covered,2.0,,4.0,41.0,Not_Found,,0.0,,Found,200,Non Mining Vehicle or not mining full,-1.0,-1
503,IND0041131120240200104,Found,IND0041131120240200104,13_11_2024_02_48_58,,,Not_Found,truck,truck,covered,truck,covered,2.0,2,1.0,41.0,Not_Found,,0.0,,Found,200,Non Mining Vehicle or not mining full,-1.0,-1
504,IND0041131120240200105,Found,IND0041131120240200105,13_11_2024_02_49_50,RJ09GD8699,RJ09GD8699,Not_Found,truck,truck,covered,truck,covered,2.0,,4.0,41.0,White,,0.0,,Found,200,Non Mining Vehicle or not mining full,-1.0,-1
505,IND0041131120240200106,Found,IND0041131120240200106,13_11_2024_02_58_44,GJ11VV7686,GJ11VV7686,Not_Found,truck,truck,non_mining,truck,non_mining,2.0,,4.0,41.0,Grey_Silver,,0.0,,Found,200,Non Mining Vehicle or not mining full,-1.0,-1
506,IND0041131120240200107,Found,IND0041131120240200107,13_11_2024_02_59_00,GJ03BW7686,GJ03BW7686,Not_Found,truck,truck,covered,truck,covered,2.0,,4.0,41.0,Not_Found,,0.0,,Found,200,Non Mining Vehicle or not mining full,-1.0,-1
507,IND0041131120240200108,Found,IND0041131120240200108,13_11_2024_03_04_24,RJ10GB9999,RJ10GB9999,Not_Found,mini_truck,mini_truck,covered,mini_truck,covered,2.0,,4.0,41.0,White,,0.0,,Found,200,Non Mining Vehicle or not mining full,-1.0,-1
508,IND0041131120240200109,Found,IND0041131120240200109,13_11_2024_03_07_11,MP04ZS9665,MP04ZS9665,non_mining,mini_truck,mini_truck,non_mining,mini_truck,non_mining,2.0,,3.0,41.0,Not_Found,,0.0,,Found,200,Non Mining Vehicle or not mining full,-1.0,-1
509,IND0041131120240200110,Found,IND0041131120240200110,13_11_2024_03_08_16,,,Not_Found,truck,truck,covered,truck,covered,2.0,2,4.0,41.0,Not_Found,,0.0,,Found,200,Non Mining Vehicle or not mining full,-1.0,-1
510,IND0041131120240200111,Found,IND0041131120240200111,13_11_2024_03_10_49,,1010941,Not_Found,mini_truck,mini_truck,non_mining,mini_truck,non_mining,2.0,2,4.0,41.0,Not_Found,,0.0,,Found,200,Non Mining Vehicle or not mining full,-1.0,-1
511,IND0041131120240200112,Found,IND0041131120240200112,13_11_2024_03_11_10,,,Not_Found,mini_truck,mini_truck,non_mining,mini_truck,non_mining,2.0,2,2.0,41.0,White,,0.0,,Found,200,Non Mining Vehicle or not mining full,-1.0,-1
512,IND0041131120240200113,Found,IND0041131120240200113,13_11_2024_03_12_02,,,Not_Found,truck,truck,non_mining,truck,non_mining,2.0,2,3.0,41.0,Green,,0.0,,Found,200,Non Mining Vehicle or not mining full,-1.0,-1
513,IND0041131120240200114,Found,IND0041131120240200114,13_11_2024_03_12_06,RJ09GC5866,RJ09GC5866,Not_Found,truck,truck,covered,truck,covered,2.0,,4.0,41.0,Not_Found,,0.0,,Found,200,Non Mining Vehicle or not mining full,-1.0,-1
514,IND0041131120240200115,Found,IND0041131120240200115,13_11_2024_03_16_34,,GD27747,Not_Found,truck,truck,covered,truck,covered,2.0,2,4.0,41.0,Brown,,0.0,,Found,200,Non Mining Vehicle or not mining full,-1.0,-1
515,IND0041131120240200116,Found,IND0041131120240200116,13_11_2024_03_18_26,,,Not_Found,mini_truck,mini_truck,non_mining,mini_truck,non_mining,2.0,2,1.0,41.0,Not_Found,,0.0,,Found,200,Non Mining Vehicle or not mining full,-1.0,-1
516,IND0041131120240200117,Found,IND0041131120240200117,13_11_2024_03_19_33,,,Not_Found,truck,truck,covered,truck,covered,2.0,2,4.0,41.0,Brown,,0.0,,Found,200,Non Mining Vehicle or not mining full,-1.0,-1
517,IND0041131120240200118,Found,IND0041131120240200118,13_11_2024_03_20_10,,,Not_Found,truck,truck,non_mining,truck,non_mining,2.0,2,2.0,41.0,Not_Found,,0.0,,Found,200,Non Mining Vehicle or not mining full,-1.0,-1
518,IND0041131120240200119,Found,IND0041131120240200119,13_11_2024_03_22_01,RJ11GD0530,RJ11GD0530,Not_Found,truck,truck,non_mining,truck,non_mining,2.0,,3.0,41.0,Green,,0.0,,Found,200,Non Mining Vehicle or not mining full,-1.0,-1
519,IND0041131120240200120,Found,IND0041131120240200120,13_11_2024_03_25_06,MP04YA5428,MP04YA5428,non_mining,mini_truck,mini_truck,covered,mini_truck,non_mining,2.0,,4.0,41.0,Not_Found,,0.0,,Found,200,Non Mining Vehicle or not mining full,-1.0,-1
520,IND0041131120240200121,Found,IND0041131120240200121,13_11_2024_03_25_33,MP04YB9951,MP04YB9951,non_mining,mini_truck,mini_truck,non_mining,mini_truck,non_mining,2.0,,4.0,41.0,White,,0.0,,Found,200,Non Mining Vehicle or not mining full,-1.0,-1
521,IND0041131120240200122,Found,IND0041131120240200122,13_11_2024_03_27_26,,,Not_Found,truck,truck,covered,truck,covered,2.0,2,4.0,41.0,Not_Found,,0.0,,Found,200,Non Mining Vehicle or not mining full,-1.0,-1
522,IND0041131120240200123,Found,IND0041131120240200123,13_11_2024_03_30_24,RJ19GJ0254,RJ19GJ0254,Not_Found,truck,truck,covered,truck,covered,2.0,,4.0,41.0,Not_Found,,0.0,,Found,200,Non Mining Vehicle or not mining full,-1.0,-1
523,IND0041131120240200124,Found,IND0041131120240200124,13_11_2024_03_33_36,MP30P1123,MP30P1123,Not_Found,truck,Not_Found,non_mining,truck,non_mining,2.0,,2.0,41.0,Not_Found,,0.0,,Found,200,Non Mining Vehicle or not mining full,-1.0,-1
524,IND0041131120240200125,Found,IND0041131120240200125,13_11_2024_03_33_40,,,Not_Found,truck,truck,non_mining,truck,non_mining,2.0,2,1.0,41.0,Not_Found,,0.0,,Found,200,Non Mining Vehicle or not mining full,-1.0,-1
525,IND0041131120240200126,Found,IND0041131120240200126,13_11_2024_03_36_15,,5017,Not_Found,hywa,hywa,mining_full,hywa,mining_full,2.0,2,4.0,41.0,Not_Found,Brown_Sand,100.0,,Found,409,Record is not added as there is already a record with same TransactionId IND0041131120240200126 .,518941.0,Duplicate TransactionId
526,IND0041131120240200127,Found,IND0041131120240200127,13_11_2024_03_38_20,RJ19GH7470,RJ19GH7470,Not_Found,truck,truck,covered,truck,covered,2.0,,4.0,41.0,Not_Found,,0.0,,Found,200,Non Mining Vehicle or not mining full,-1.0,-1
527,IND0041131120240200128,Not Found,,,,,,,,,,,,,,,,,,,Not Found,,,,
528,IND0041131120240200129,Found,IND0041131120240200129,13_11_2024_03_41_04,,MP09H,Not_Found,truck,truck,covered,truck,covered,2.0,2,4.0,41.0,Brown,,0.0,,Found,200,Non Mining Vehicle or not mining full,-1.0,-1
529,IND0041131120240200130,Found,IND0041131120240200130,13_11_2024_03_42_27,,,Not_Found,truck,truck,covered,truck,covered,2.0,2,1.0,41.0,Not_Found,,0.0,,Found,200,Non Mining Vehicle or not mining full,-1.0,-1
530,IND0041131120240200131,Found,IND0041131120240200131,13_11_2024_03_42_37,MP04HE5817,MP04HE5817,Not_Found,hywa,hywa,mining_full,hywa,mining_full,2.0,,4.0,41.0,Not_Found,Stone_crush_powder,91.0,,Found,409,Error while adding record!,0.0,
531,IND0041131120240200132,Found,IND0041131120240200132,13_11_2024_03_43_18,,,Not_Found,mini_truck,mini_truck,covered,mini_truck,covered,2.0,2,1.0,41.0,Not_Found,,0.0,,Found,200,Non Mining Vehicle or not mining full,-1.0,-1
532,IND0041131120240200133,Found,IND0041131120240200133,13_11_2024_03_46_42,UP93AT9875,UP93AT9875,Not_Found,hywa,hywa,mining_full,hywa,mining_full,2.0,,3.0,41.0,White,Brown_Sand,94.0,,Found,409,Error while adding record!,0.0,
533,IND0041131120240200134,Found,IND0041131120240200134,13_11_2024_03_49_26,,ZV9946,Not_Found,hywa,hywa,mining_full,hywa,mining_full,2.0,2,3.0,41.0,Not_Found,Stone_crush_powder,93.0,,Found,200,Data Saved Successfully!,518971.0,Success
534,IND0041131120240200135,Found,IND0041131120240200135,13_11_2024_03_51_31,MP04ZF4548,MP04ZF4548,Not_Found,hywa,hywa,mining_full,hywa,mining_full,2.0,,3.0,41.0,Not_Found,Brown_Sand,91.0,,Found,409,Error while adding record!,0.0,
535,IND0041131120240200136,Found,IND0041131120240200136,13_11_2024_03_51_55,,51mo55,Not_Found,truck,truck,non_mining,truck,non_mining,2.0,2,2.0,41.0,Not_Found,,0.0,,Found,200,Non Mining Vehicle or not mining full,-1.0,-1
536,IND0041131120240200137,Found,IND0041131120240200137,13_11_2024_03_52_29,HR38Z7942,HR38Z7942,Not_Found,truck,truck,non_mining,truck,non_mining,2.0,,3.0,41.0,Not_Found,,0.0,,Found,200,Non Mining Vehicle or not mining full,-1.0,-1
537,IND0041131120240200138,Found,IND0041131120240200138,13_11_2024_03_54_24,,,Not_Found,truck,truck,covered,truck,covered,2.0,2,2.0,41.0,Green,,0.0,,Found,200,Non Mining Vehicle or not mining full,-1.0,-1
538,IND0041131120240200139,Found,IND0041131120240200139,13_11_2024_04_03_21,,muE6735,Not_Found,truck,truck,non_mining,truck,non_mining,2.0,2,4.0,41.0,Not_Found,,0.0,,Found,200,Non Mining Vehicle or not mining full,-1.0,-1
539,IND0041131120240200140,Found,IND0041131120240200140,13_11_2024_04_04_12,,,Not_Found,truck,truck,covered,truck,covered,2.0,2,1.0,41.0,Not_Found,,0.0,,Found,200,Non Mining Vehicle or not mining full,-1.0,-1
540,IND0041131120240200141,Found,IND0041131120240200141,13_11_2024_04_04_21,RJ09GC5199,RJ09GC5199,Not_Found,truck,truck,non_mining,truck,non_mining,2.0,,4.0,41.0,Brown,,0.0,,Found,200,Non Mining Vehicle or not mining full,-1.0,-1
541,IND0041131120240200142,Found,IND0041131120240200142,13_11_2024_04_04_25,MP09GJ1522,MP09GJ1522,Not_Found,mini_truck,mini_truck,covered,mini_truck,covered,2.0,,4.0,41.0,White,,0.0,,Found,200,Non Mining Vehicle or not mining full,-1.0,-1
542,IND0041131120240200143,Found,IND0041131120240200143,13_11_2024_04_07_24,MP04ZS2858,MP04ZS2858,Not_Found,hywa,hywa,mining_full,hywa,mining_full,2.0,,4.0,41.0,Not_Found,Brown_Sand,97.0,,Found,409,Error while adding record!,0.0,
543,IND0041131120240200144,Found,IND0041131120240200144,13_11_2024_04_08_05,MH27BX9426,MH27BX9426,Not_Found,truck,truck,non_mining,truck,non_mining,2.0,,4.0,41.0,Not_Found,,0.0,,Found,200,Non Mining Vehicle or not mining full,-1.0,-1
544,IND0041131120240200145,Found,IND0041131120240200145,13_11_2024_04_09_14,MP13GA9668,MP13GA9668,Not_Found,mini_truck,mini_truck,non_mining,mini_truck,non_mining,2.0,,4.0,41.0,Not_Found,,0.0,,Found,200,Non Mining Vehicle or not mining full,-1.0,-1
545,IND0041131120240200146,Found,IND0041131120240200146,13_11_2024_04_12_02,,MPOST149,Not_Found,mini_truck,Not_Found,Not_Found,mini_truck,Not_Found,2.0,2,2.0,41.0,White,,0.0,,Found,200,Non Mining Vehicle or not mining full,-1.0,-1
546,IND0041131120240200147,Found,IND0041131120240200147,13_11_2024_04_13_07,,,Not_Found,truck,truck,non_mining,truck,non_mining,2.0,2,1.0,41.0,Not_Found,,0.0,,Found,200,Non Mining Vehicle or not mining full,-1.0,-1
547,IND0041131120240200148,Found,IND0041131120240200148,13_11_2024_04_15_30,RJ19GJ4672,RJ19GJ4672,Not_Found,truck,truck,covered,truck,covered,2.0,,4.0,41.0,Not_Found,,0.0,,Found,200,Non Mining Vehicle or not mining full,-1.0,-1
548,IND0041131120240200149,Found,IND0041131120240200149,13_11_2024_04_16_08,,GB6237,Not_Found,truck,truck,non_mining,truck,non_mining,2.0,2,4.0,41.0,Not_Found,,0.0,,Found,200,Non Mining Vehicle or not mining full,-1.0,-1
549,IND0041131120240200150,Found,IND0041131120240200150,13_11_2024_04_19_09,,,Not_Found,hywa,hywa,non_mining,hywa,non_mining,2.0,2,1.0,41.0,Not_Found,,0.0,,Found,200,Non Mining Vehicle or not mining full,-1.0,-1
550,IND0041131120240200151,Found,IND0041131120240200151,13_11_2024_04_19_23,,RJ17,Not_Found,hywa,hywa,mining_full,hywa,mining_full,2.0,2,4.0,41.0,Green,Sand,96.0,,Found,409,Record is not added as there is already a record with same TransactionId IND0041131120240200151 .,518983.0,Duplicate TransactionId
551,IND0041131120240200152,Found,IND0041131120240200152,13_11_2024_04_20_41,MH40CM7828,MH40CM7828,Not_Found,mini_truck,mini_truck,non_mining,mini_truck,non_mining,2.0,,3.0,41.0,Not_Found,,0.0,,Found,200,Non Mining Vehicle or not mining full,-1.0,-1
552,IND0041131120240200153,Found,IND0041131120240200153,13_11_2024_04_22_21,MP04GB6882,MP04GB6882,Not_Found,truck,truck,covered,truck,covered,2.0,,4.0,41.0,Not_Found,,0.0,,Found,200,Non Mining Vehicle or not mining full,-1.0,-1
553,IND0041131120240200154,Found,IND0041131120240200154,13_11_2024_04_25_22,,E457,non_mining,truck,truck,covered,truck,non_mining,2.0,2,4.0,41.0,Not_Found,,0.0,,Found,200,Non Mining Vehicle or not mining full,-1.0,-1
554,IND0041131120240200155,Found,IND0041131120240200155,13_11_2024_04_28_46,,16,Not_Found,truck,truck,non_mining,truck,non_mining,2.0,2,4.0,41.0,Not_Found,,0.0,,Found,200,Non Mining Vehicle or not mining full,-1.0,-1
555,IND0041131120240200156,Found,IND0041131120240200156,13_11_2024_04_30_36,,,non_mining,mini_truck,mini_truck,non_mining,mini_truck,non_mining,2.0,2,1.0,41.0,Not_Found,,0.0,,Found,200,Non Mining Vehicle or not mining full,-1.0,-1
556,IND0041131120240200157,Found,IND0041131120240200157,13_11_2024_04_31_41,MP04DB2769,MP04DB2769,Not_Found,truck,Not_Found,Not_Found,truck,Not_Found,2.0,,4.0,41.0,White,,0.0,,Found,200,Non Mining Vehicle or not mining full,-1.0,-1
557,IND0041131120240200158,Found,IND0041131120240200158,13_11_2024_04_32_21,,,Not_Found,mini_truck,mini_truck,non_mining,mini_truck,non_mining,2.0,2,1.0,41.0,Not_Found,,0.0,,Found,200,Non Mining Vehicle or not mining full,-1.0,-1
558,IND0041131120240200159,Found,IND0041131120240200159,13_11_2024_04_32_26,HR55AH6659,HR55AH6659,Not_Found,truck,truck,covered,truck,covered,2.0,,4.0,41.0,Not_Found,,0.0,,Found,200,Non Mining Vehicle or not mining full,-1.0,-1
559,IND0041131120240200160,Found,IND0041131120240200160,13_11_2024_04_33_34,,,non_mining,mini_truck,mini_truck,non_mining,mini_truck,non_mining,2.0,2,1.0,41.0,Not_Found,,0.0,,Found,200,Non Mining Vehicle or not mining full,-1.0,-1
560,IND0041131120240200161,Found,IND0041131120240200161,13_11_2024_04_35_14,MP68ZB2185,MP68ZB2185,non_mining,mini_truck,mini_truck,non_mining,mini_truck,non_mining,2.0,,4.0,41.0,Not_Found,,0.0,,Found,200,Non Mining Vehicle or not mining full,-1.0,-1
561,IND0041131120240200162,Found,IND0041131120240200162,13_11_2024_04_43_52,,,Not_Found,hywa,hywa,mining_full,hywa,mining_full,2.0,2,3.0,41.0,White,Stone_crush_powder,100.0,,Found,409,Record is not added as there is already a record with same TransactionId IND0041131120240200162 .,518951.0,Duplicate TransactionId
562,IND0041131120240200163,Found,IND0041131120240200163,13_11_2024_04_45_09,MP48H0807,MP48H0807,Not_Found,truck,truck,covered,truck,covered,2.0,,4.0,41.0,Not_Found,,0.0,,Found,200,Non Mining Vehicle or not mining full,-1.0,-1
563,IND0041131120240200164,Found,IND0041131120240200164,13_11_2024_04_45_40,MP09DN7237,MP09DN7237,Not_Found,truck,truck,non_mining,truck,non_mining,2.0,,4.0,41.0,Not_Found,,0.0,,Found,200,Non Mining Vehicle or not mining full,-1.0,-1
564,IND0041131120240200165,Found,IND0041131120240200165,13_11_2024_04_46_21,MP09GH6362,MP09GH6362,Not_Found,truck,truck,non_mining,truck,non_mining,2.0,,4.0,41.0,Not_Found,,0.0,,Found,200,Non Mining Vehicle or not mining full,-1.0,-1
565,IND0041131120240200166,Found,IND0041131120240200166,13_11_2024_04_47_20,RJ14GQ6207,RJ14GQ6207,Not_Found,truck,truck,non_mining,truck,non_mining,2.0,,4.0,41.0,Not_Found,,0.0,,Found,200,Non Mining Vehicle or not mining full,-1.0,-1
566,IND0041131120240200167,Found,IND0041131120240200167,13_11_2024_04_47_39,RJ11GC8127,RJ11GC8127,Not_Found,truck,truck,covered,truck,covered,2.0,,3.0,41.0,Brown,,0.0,,Found,200,Non Mining Vehicle or not mining full,-1.0,-1
567,IND0041131120240200168,Found,IND0041131120240200168,13_11_2024_04_48_41,,,non_mining,truck,Not_Found,non_mining,truck,non_mining,2.0,2,1.0,41.0,Brown,,0.0,,Found,200,Non Mining Vehicle or not mining full,-1.0,-1
568,IND0041131120240200169,Found,IND0041131120240200169,13_11_2024_04_49_14,,90Z,Not_Found,hywa,hywa,mining_full,hywa,mining_full,2.0,2,4.0,41.0,Green,Sand,96.0,,Found,409,Record is not added as there is already a record with same TransactionId IND0041131120240200169 .,518936.0,Duplicate TransactionId
569,IND0041131120240200170,Found,IND0041131120240200170,13_11_2024_04_50_14,MP04GB7459,MP04GB7459,Not_Found,truck,truck,non_mining,truck,non_mining,2.0,,4.0,41.0,White,,0.0,,Found,200,Non Mining Vehicle or not mining full,-1.0,-1
570,IND0041131120240200171,Found,IND0041131120240200171,13_11_2024_04_51_56,,MP414057,Not_Found,mini_truck,mini_truck,non_mining,mini_truck,non_mining,2.0,2,3.0,41.0,White,,0.0,,Found,200,Non Mining Vehicle or not mining full,-1.0,-1
571,IND0041131120240200172,Found,IND0041131120240200172,13_11_2024_04_56_42,MP09DT1851,MP09DT1851,Not_Found,mini_truck,mini_truck,non_mining,mini_truck,non_mining,2.0,,4.0,41.0,Not_Found,,0.0,,Found,200,Non Mining Vehicle or not mining full,-1.0,-1
572,IND0041131120240200173,Found,IND0041131120240200173,13_11_2024_04_57_08,UP20AT9877,UP20AT9877,Not_Found,truck,truck,covered,truck,covered,2.0,,2.0,41.0,Brown,,0.0,,Found,200,Non Mining Vehicle or not mining full,-1.0,-1
573,IND0041131120240200174,Found,IND0041131120240200174,13_11_2024_04_57_17,,,Not_Found,hywa,hywa,mining_full,hywa,mining_full,2.0,2,1.0,41.0,Not_Found,Brown_Sand,90.0,,Found,409,Record is not added as there is already a record with same TransactionId IND0041131120240200174 .,518939.0,Duplicate TransactionId
574,IND0041131120240200175,Found,IND0041131120240200175,13_11_2024_04_58_05,,,Not_Found,hywa,hywa,mining_full,hywa,mining_full,2.0,2,1.0,41.0,Not_Found,Brown_Sand,99.0,,Found,409,Record is not added as there is already a record with same TransactionId IND0041131120240200175 .,518976.0,Duplicate TransactionId
575,IND0041131120240200176,Found,IND0041131120240200176,13_11_2024_04_58_16,,GA5361,Not_Found,truck,truck,covered,truck,covered,2.0,2,4.0,41.0,Black,,0.0,,Found,200,Non Mining Vehicle or not mining full,-1.0,-1
576,IND0041131120240200177,Found,IND0041131120240200177,13_11_2024_04_58_20,MP04GB6740,MP04GB6740,Not_Found,truck,truck,non_mining,truck,non_mining,2.0,,4.0,41.0,Brown,,0.0,,Found,200,Non Mining Vehicle or not mining full,-1.0,-1
577,IND0041131120240200178,Found,IND0041131120240200178,13_11_2024_04_59_43,MP09HJ1269,MP09HJ1269,Not_Found,truck,truck,covered,truck,covered,2.0,,4.0,41.0,Not_Found,,0.0,,Found,200,Non Mining Vehicle or not mining full,-1.0,-1
578,IND0041131120240200179,Found,IND0041131120240200179,13_11_2024_05_01_09,,,Not_Found,truck,Not_Found,Not_Found,truck,Not_Found,2.0,2,1.0,41.0,Not_Found,,0.0,,Found,200,Non Mining Vehicle or not mining full,-1.0,-1
579,IND0041131120240200180,Found,IND0041131120240200180,13_11_2024_05_02_17,,,Not_Found,truck,Not_Found,non_mining,truck,non_mining,2.0,2,1.0,41.0,Not_Found,,0.0,,Found,200,Non Mining Vehicle or not mining full,-1.0,-1
580,IND0041131120240200181,Found,IND0041131120240200181,13_11_2024_05_03_53,,lovely,Not_Found,hywa,hywa,mining_full,hywa,mining_full,2.0,2,3.0,41.0,Not_Found,Sand,95.0,,Found,200,Data Saved Successfully!,518924.0,Success
581,IND0041131120240200182,Found,IND0041131120240200182,13_11_2024_05_05_46,MP04ZH939,MP04ZH939,Not_Found,truck,truck,covered,truck,covered,2.0,,4.0,41.0,Not_Found,,0.0,,Found,200,Non Mining Vehicle or not mining full,-1.0,-1
582,IND0041131120240200183,Found,IND0041131120240200183,13_11_2024_05_08_32,,,Not_Found,hywa,hywa,covered,hywa,covered,2.0,2,1.0,41.0,Not_Found,,0.0,,Found,200,Non Mining Vehicle or not mining full,-1.0,-1
583,IND0041131120240200184,Found,IND0041131120240200184,13_11_2024_05_08_53,MP12ZD0969,MP12ZD0969,Not_Found,mini_truck,mini_truck,non_mining,mini_truck,non_mining,2.0,,4.0,41.0,White,,0.0,,Found,200,Non Mining Vehicle or not mining full,-1.0,-1
584,IND0041131120240200185,Found,IND0041131120240200185,13_11_2024_05_08_58,MP09DH8910,MP09DH8910,Not_Found,mini_truck,mini_truck,covered,mini_truck,covered,2.0,,4.0,41.0,Not_Found,,0.0,,Found,200,Non Mining Vehicle or not mining full,-1.0,-1
585,IND0041131120240200186,Found,IND0041131120240200186,13_11_2024_05_09_34,,,Not_Found,mini_truck,mini_truck,non_mining,mini_truck,non_mining,2.0,2,1.0,41.0,Not_Found,,0.0,,Found,200,Non Mining Vehicle or not mining full,-1.0,-1
586,IND0041131120240200187,Found,IND0041131120240200187,13_11_2024_05_11_59,,,Not_Found,mini_truck,mini_truck,Not_Found,mini_truck,Not_Found,2.0,2,3.0,41.0,Not_Found,,0.0,,Found,200,Non Mining Vehicle or not mining full,-1.0,-1
587,IND0041131120240200188,Found,IND0041131120240200188,13_11_2024_05_13_29,MP09WH3682,MP09WH3682,Not_Found,truck,truck,non_mining,truck,non_mining,2.0,,4.0,41.0,Not_Found,,0.0,,Found,200,Non Mining Vehicle or not mining full,-1.0,-1
588,IND0041131120240200189,Found,IND0041131120240200189,13_11_2024_05_13_40,HR38AB0664,HR38AB0664,Not_Found,truck,truck,non_mining,truck,non_mining,2.0,,4.0,41.0,Not_Found,,0.0,,Found,200,Non Mining Vehicle or not mining full,-1.0,-1
589,IND0041131120240200190,Found,IND0041131120240200190,13_11_2024_05_15_32,,,non_mining,mini_truck,mini_truck,non_mining,mini_truck,non_mining,2.0,2,1.0,41.0,White,,0.0,,Found,200,Non Mining Vehicle or not mining full,-1.0,-1
590,IND0041131120240200191,Found,IND0041131120240200191,13_11_2024_05_18_19,MP04ZK9962,MP04ZK9962,Not_Found,truck,truck,covered,truck,covered,2.0,,4.0,41.0,Not_Found,,0.0,,Found,200,Non Mining Vehicle or not mining full,-1.0,-1
591,IND0041131120240200192,Found,IND0041131120240200192,13_11_2024_05_20_14,MP04GB0121,MP04GB0121,Not_Found,truck,truck,non_mining,truck,non_mining,2.0,,4.0,41.0,Not_Found,,0.0,,Found,200,Non Mining Vehicle or not mining full,-1.0,-1
592,IND0041131120240200193,Found,IND0041131120240200193,13_11_2024_05_21_51,,,Not_Found,hywa,hywa,mining_full,hywa,mining_full,2.0,2,3.0,41.0,Green,Brown_Sand,94.0,,Found,200,Data Saved Successfully!,518991.0,Success
593,IND0041131120240200194,Found,IND0041131120240200194,13_11_2024_05_22_56,,,Not_Found,truck,truck,covered,truck,covered,2.0,2,1.0,41.0,Not_Found,,0.0,,Found,200,Non Mining Vehicle or not mining full,-1.0,-1
594,IND0041131120240200195,Found,IND0041131120240200195,13_11_2024_05_23_12,MP07GA8434,MP07GA8434,Not_Found,truck,truck,non_mining,truck,non_mining,2.0,,4.0,41.0,Not_Found,,0.0,,Found,200,Non Mining Vehicle or not mining full,-1.0,-1
595,IND0041131120240200196,Found,IND0041131120240200196,13_11_2024_05_23_40,HR38V0233,HR38V0233,Not_Found,truck,truck,covered,truck,covered,2.0,,4.0,41.0,Not_Found,,0.0,,Found,200,Non Mining Vehicle or not mining full,-1.0,-1
596,IND0041131120240200197,Found,IND0041131120240200197,13_11_2024_05_26_51,MH04GR8214,MH04GR8214,Not_Found,truck,truck,non_mining,truck,non_mining,2.0,,4.0,41.0,Not_Found,,0.0,,Found,200,Non Mining Vehicle or not mining full,-1.0,-1
597,IND0041131120240200198,Found,IND0041131120240200198,13_11_2024_05_27_08,,,Not_Found,mini_truck,mini_truck,non_mining,mini_truck,non_mining,2.0,2,1.0,41.0,Not_Found,,0.0,,Found,200,Non Mining Vehicle or not mining full,-1.0,-1
598,IND0041131120240200199,Found,IND0041131120240200199,13_11_2024_05_28_12,,HR45132,Not_Found,truck,truck,covered,truck,covered,2.0,2,4.0,41.0,Not_Found,,0.0,,Found,200,Non Mining Vehicle or not mining full,-1.0,-1
599,IND0041131120240200200,Not Found,,,,,,,,,,,,,,,,,,,Not Found,,,,
600,IND0041131120240200201,Found,IND0041131120240200201,13_11_2024_05_31_09,,GA9711,Not_Found,truck,truck,covered,truck,covered,2.0,2,4.0,41.0,White,,0.0,,Found,200,Non Mining Vehicle or not mining full,-1.0,-1
601,IND0041131120240200202,Found,IND0041131120240200202,13_11_2024_05_35_00,,,Not_Found,truck,truck,non_mining,truck,non_mining,2.0,2,4.0,41.0,White,,0.0,,Found,200,Non Mining Vehicle or not mining full,-1.0,-1
602,IND0041131120240200203,Found,IND0041131120240200203,13_11_2024_05_38_45,KJ09QE9237,KJ09QE9237,Not_Found,truck,truck,covered,truck,covered,2.0,,4.0,41.0,Not_Found,,0.0,,Found,200,Non Mining Vehicle or not mining full,-1.0,-1
603,IND0041131120240200204,Found,IND0041131120240200204,13_11_2024_05_42_23,UP78DN2939,UP78DN2939,Not_Found,truck,truck,covered,truck,covered,2.0,,4.0,41.0,Not_Found,,0.0,,Found,200,Non Mining Vehicle or not mining full,-1.0,-1
604,IND0041131120240200205,Found,IND0041131120240200205,13_11_2024_05_44_17,MH40CD5809,MH40CD5809,Not_Found,mini_truck,mini_truck,covered,mini_truck,covered,2.0,,4.0,41.0,Not_Found,,0.0,,Found,200,Non Mining Vehicle or not mining full,-1.0,-1
605,IND0041131120240200206,Found,IND0041131120240200206,13_11_2024_05_45_59,RJ17GB0663,RJ17GB0663,Not_Found,truck,truck,non_mining,truck,non_mining,2.0,,4.0,41.0,Not_Found,,0.0,,Found,200,Non Mining Vehicle or not mining full,-1.0,-1
606,IND0041131120240200207,Found,IND0041131120240200207,13_11_2024_05_50_22,RJ06GC1072,RJ06GC1072,Not_Found,truck,truck,non_mining,truck,non_mining,2.0,,4.0,41.0,Not_Found,,0.0,,Found,200,Non Mining Vehicle or not mining full,-1.0,-1
607,IND0041131120240200208,Found,IND0041131120240200208,13_11_2024_05_50_36,,,Not_Found,truck,truck,non_mining,truck,non_mining,2.0,2,2.0,41.0,Not_Found,,0.0,,Found,200,Non Mining Vehicle or not mining full,-1.0,-1
608,IND0041131120240200209,Found,IND0041131120240200209,13_11_2024_05_58_56,MP04ZJ8154,MP04ZJ8154,Not_Found,truck,truck,non_mining,truck,non_mining,2.0,,2.0,41.0,Not_Found,,0.0,,Found,200,Non Mining Vehicle or not mining full,-1.0,-1
609,IND0041131120240200210,Found,IND0041131120240200210,13_11_2024_06_12_50,,,Not_Found,truck,truck,non_mining,truck,non_mining,2.0,2,1.0,41.0,Not_Found,,0.0,,Found,200,Non Mining Vehicle or not mining full,-1.0,-1
610,IND0041131120240200211,Found,IND0041131120240200211,13_11_2024_06_21_32,,,Not_Found,truck,truck,non_mining,truck,non_mining,2.0,2,1.0,41.0,Green,,0.0,,Found,200,Non Mining Vehicle or not mining full,-1.0,-1
611,IND0041131120240200212,Found,IND0041131120240200212,13_11_2024_06_23_31,,,Not_Found,truck,truck,covered,truck,covered,2.0,2,1.0,41.0,Brown,,0.0,,Found,200,Non Mining Vehicle or not mining full,-1.0,-1
612,IND0041131120240200213,Found,IND0041131120240200213,13_11_2024_06_24_24,,,Not_Found,mini_truck,mini_truck,non_mining,mini_truck,non_mining,2.0,2,1.0,41.0,White,,0.0,,Found,200,Non Mining Vehicle or not mining full,-1.0,-1
613,IND0041131120240200214,Found,IND0041131120240200214,13_11_2024_06_26_43,,,Not_Found,mini_truck,Not_Found,Not_Found,mini_truck,Not_Found,2.0,2,1.0,41.0,Black,,0.0,,Found,200,Non Mining Vehicle or not mining full,-1.0,-1
614,IND0041131120240200215,Found,IND0041131120240200215,13_11_2024_06_31_09,,,non_mining,truck,truck,covered,truck,non_mining,2.0,2,4.0,41.0,Brown,,0.0,,Found,200,Non Mining Vehicle or not mining full,-1.0,-1
615,IND0041131120240200216,Found,IND0041131120240200216,13_11_2024_06_31_38,,,Not_Found,truck,truck,covered,truck,covered,2.0,2,1.0,41.0,Green,,0.0,,Found,200,Non Mining Vehicle or not mining full,-1.0,-1
616,IND0041131120240200217,Found,IND0041131120240200217,13_11_2024_06_33_23,,,non_mining,mini_truck,mini_truck,non_mining,mini_truck,non_mining,2.0,2,4.0,41.0,Grey_Silver,,0.0,,Found,200,Non Mining Vehicle or not mining full,-1.0,-1
617,IND0041131120240200218,Found,IND0041131120240200218,13_11_2024_06_33_45,GJ06AZ0445,GJ06AZ0445,non_mining,truck,truck,non_mining,truck,non_mining,2.0,,4.0,41.0,Black,,0.0,,Found,200,Non Mining Vehicle or not mining full,-1.0,-1
618,IND0041131120240200219,Found,IND0041131120240200219,13_11_2024_06_34_10,MH12J1303,MH12J1303,non_mining,truck,truck,non_mining,truck,non_mining,2.0,,3.0,41.0,Brown,,0.0,,Found,200,Non Mining Vehicle or not mining full,-1.0,-1
619,IND0041131120240200220,Found,IND0041131120240200220,13_11_2024_06_35_11,,,Not_Found,truck,truck,covered,truck,covered,2.0,2,1.0,41.0,Brown,,0.0,,Found,200,Non Mining Vehicle or not mining full,-1.0,-1
620,IND0041131120240200221,Found,IND0041131120240200221,13_11_2024_06_36_45,,,non_mining,truck,truck,non_mining,truck,non_mining,2.0,2,3.0,41.0,White,,0.0,,Found,200,Non Mining Vehicle or not mining full,-1.0,-1
621,IND0041131120240200222,Found,IND0041131120240200222,13_11_2024_06_38_03,,,covered,truck,truck,covered,truck,covered,2.0,2,2.0,41.0,White,,0.0,,Found,200,Non Mining Vehicle or not mining full,-1.0,-1
622,IND0041131120240200223,Found,IND0041131120240200223,13_11_2024_06_40_18,MP04GB0164,B0164,Not_Found,truck,truck,covered,truck,covered,2.0,,4.0,41.0,Green,,0.0,,Found,200,Non Mining Vehicle or not mining full,-1.0,-1
623,IND0041131120240200224,Found,IND0041131120240200224,13_11_2024_06_42_39,,UTEUSING,non_mining,truck,truck,covered,truck,non_mining,2.0,2,4.0,41.0,Green,,0.0,,Found,200,Non Mining Vehicle or not mining full,-1.0,-1
624,IND0041131120240200225,Found,IND0041131120240200225,13_11_2024_06_43_35,,,Not_Found,truck,truck,covered,truck,covered,2.0,2,1.0,41.0,White,,0.0,,Found,200,Non Mining Vehicle or not mining full,-1.0,-1
625,IND0041131120240200226,Found,IND0041131120240200226,13_11_2024_06_44_39,MP38ZB5655,MP38ZB5655,Not_Found,truck,truck,non_mining,truck,non_mining,2.0,,3.0,41.0,Black,,0.0,,Found,200,Non Mining Vehicle or not mining full,-1.0,-1
626,IND0041131120240200227,Found,IND0041131120240200227,13_11_2024_06_44_55,,,non_mining,mini_truck,mini_truck,non_mining,mini_truck,non_mining,2.0,2,4.0,41.0,White,,0.0,,Found,200,Non Mining Vehicle or not mining full,-1.0,-1
627,IND0041131120240200228,Found,IND0041131120240200228,13_11_2024_06_46_51,MH18BA0718,MH18BA0718,Not_Found,truck,truck,covered,truck,covered,2.0,,4.0,41.0,Black,,0.0,,Found,200,Non Mining Vehicle or not mining full,-1.0,-1
628,IND0041131120240200229,Found,IND0041131120240200229,13_11_2024_06_47_49,MP09HH7589,MP09HH7589,Not_Found,truck,truck,covered,truck,covered,2.0,,4.0,41.0,Green,,0.0,,Found,200,Non Mining Vehicle or not mining full,-1.0,-1
629,IND0041131120240200230,Found,IND0041131120240200230,13_11_2024_06_50_34,MP04HE1092,MP04HE1092,Not_Found,truck,truck,non_mining,truck,non_mining,2.0,,4.0,41.0,Green,,0.0,,Found,200,Non Mining Vehicle or not mining full,-1.0,-1
630,IND0041131120240200231,Found,IND0041131120240200231,13_11_2024_06_56_15,,C,non_mining,mini_truck,mini_truck,non_mining,mini_truck,non_mining,2.0,2,4.0,41.0,White,,0.0,,Found,200,Non Mining Vehicle or not mining full,-1.0,-1
631,IND0041131120240200232,Found,IND0041131120240200232,13_11_2024_06_58_53,UP00HT0545,UP00HT0545,Not_Found,truck,truck,non_mining,truck,non_mining,2.0,,4.0,41.0,Black,,0.0,,Found,200,Non Mining Vehicle or not mining full,-1.0,-1
632,IND0041131120240200233,Not Found,,,,,,,,,,,,,,,,,,,Not Found,,,,
633,IND0041131120240200234,Found,IND0041131120240200234,13_11_2024_06_59_53,,,non_mining,mini_truck,mini_truck,non_mining,mini_truck,non_mining,2.0,2,4.0,41.0,White,,0.0,,Found,200,Non Mining Vehicle or not mining full,-1.0,-1
634,IND0041131120240200235,Not Found,,,,,,,,,,,,,,,,,,,Not Found,,,,
635,IND0041131120240200236,Not Found,,,,,,,,,,,,,,,,,,,Not Found,,,,
636,IND0041131120240200237,Found,IND0041131120240200237,13_11_2024_07_02_54,MI04PM185,MI04PM185,non_mining,truck,truck,non_mining,truck,non_mining,2.0,,4.0,41.0,Blue,,0.0,,Found,200,Non Mining Vehicle or not mining full,-1.0,-1
637,IND0041131120240200238,Found,IND0041131120240200238,13_11_2024_07_03_41,MP04GB7323,MP04GB7323,non_mining,mini_truck,mini_truck,non_mining,mini_truck,non_mining,2.0,,4.0,41.0,White,,0.0,,Found,200,Non Mining Vehicle or not mining full,-1.0,-1
638,IND0041131120240200239,Found,IND0041131120240200239,13_11_2024_07_05_46,NL01L4041,NL01L4041,non_mining,truck,truck,covered,truck,non_mining,2.0,,4.0,41.0,White,,0.0,,Found,200,Non Mining Vehicle or not mining full,-1.0,-1
639,IND0041131120240200240,Found,IND0041131120240200240,13_11_2024_07_05_56,,,covered,truck,truck,covered,truck,covered,2.0,2,1.0,41.0,Brown,,0.0,,Found,200,Non Mining Vehicle or not mining full,-1.0,-1
640,IND0041131120240200241,Found,IND0041131120240200241,13_11_2024_07_10_00,MP04GB1290,MP04GB1290,non_mining,mini_truck,mini_truck,covered,mini_truck,non_mining,2.0,,4.0,41.0,White,,0.0,,Found,200,Non Mining Vehicle or not mining full,-1.0,-1
641,IND0041131120240200242,Found,IND0041131120240200242,13_11_2024_07_13_53,MP09ZQ3094,MP09ZQ3094,non_mining,mini_truck,mini_truck,non_mining,mini_truck,non_mining,2.0,,4.0,41.0,White,,0.0,,Found,200,Non Mining Vehicle or not mining full,-1.0,-1
642,IND0041131120240200243,Found,IND0041131120240200243,13_11_2024_07_17_04,,MIL04HY9855,Not_Found,truck,truck,non_mining,truck,non_mining,2.0,2,4.0,41.0,Blue,,0.0,,Found,200,Non Mining Vehicle or not mining full,-1.0,-1
643,IND0041131120240200244,Found,IND0041131120240200244,13_11_2024_07_18_20,MP09GH6634,MP09GH6634,non_mining,truck,truck,non_mining,truck,non_mining,2.0,,4.0,41.0,Brown,,0.0,,Found,200,Non Mining Vehicle or not mining full,-1.0,-1
644,IND0041131120240200245,Found,IND0041131120240200245,13_11_2024_07_19_47,MP04GA8640,MP04GA8640,Not_Found,mini_truck,mini_truck,non_mining,mini_truck,non_mining,2.0,,4.0,41.0,Green,,0.0,,Found,200,Non Mining Vehicle or not mining full,-1.0,-1
645,IND0041131120240200246,Found,IND0041131120240200246,13_11_2024_07_21_14,RJ17GB2148,RJ17GB2148,Not_Found,truck,truck,covered,truck,covered,2.0,,4.0,41.0,Black,,0.0,,Found,200,Non Mining Vehicle or not mining full,-1.0,-1
646,IND0041131120240200247,Found,IND0041131120240200247,13_11_2024_07_21_33,RJ17GB6104,RJ17GB6104,non_mining,truck,truck,covered,truck,non_mining,2.0,,4.0,41.0,Green,,0.0,,Found,200,Non Mining Vehicle or not mining full,-1.0,-1
647,IND0041131120240200248,Found,IND0041131120240200248,13_11_2024_07_25_18,MP09HG8374,MP09HG8374,Not_Found,truck,truck,covered,truck,covered,2.0,,4.0,41.0,Black,,0.0,,Found,200,Non Mining Vehicle or not mining full,-1.0,-1
648,IND0041131120240200249,Found,IND0041131120240200249,13_11_2024_07_25_31,,,non_mining,truck,truck,non_mining,truck,non_mining,2.0,2,2.0,41.0,Blue,,0.0,,Found,200,Non Mining Vehicle or not mining full,-1.0,-1
649,IND0041131120240200250,Found,IND0041131120240200250,13_11_2024_07_25_39,NL01AG9893,NL01AG9893,non_mining,truck,truck,covered,truck,non_mining,2.0,,4.0,41.0,Green,,0.0,,Found,200,Non Mining Vehicle or not mining full,-1.0,-1
650,IND0041131120240200251,Found,IND0041131120240200251,13_11_2024_07_27_08,MP38P0512,MP38P0512,non_mining,truck,truck,non_mining,truck,non_mining,2.0,,4.0,41.0,Not_Found,,0.0,,Found,200,Non Mining Vehicle or not mining full,-1.0,-1
651,IND0041131120240200252,Found,IND0041131120240200252,13_11_2024_07_27_16,MP38P0512,MP38P0512,non_mining,truck,truck,non_mining,truck,non_mining,2.0,,3.0,41.0,Not_Found,,0.0,,Found,200,Non Mining Vehicle or not mining full,-1.0,-1
652,IND0041131120240200253,Found,IND0041131120240200253,13_11_2024_07_33_02,,,non_mining,truck,truck,non_mining,truck,non_mining,2.0,2,1.0,41.0,Brown,,0.0,,Found,200,Non Mining Vehicle or not mining full,-1.0,-1
653,IND0041131120240200254,Found,IND0041131120240200254,13_11_2024_07_34_02,,HE8591,Not_Found,hywa,hywa,mining_full,hywa,mining_full,2.0,2,4.0,41.0,Black,Brown_Sand,99.0,,Found,200,Data Saved Successfully!,518967.0,Success
654,IND0041131120240200255,Found,IND0041131120240200255,13_11_2024_07_34_27,GJ12BT3817,GJ12BT3817,Not_Found,truck,truck,non_mining,truck,non_mining,2.0,,3.0,41.0,Black,,0.0,,Found,200,Non Mining Vehicle or not mining full,-1.0,-1
655,IND0041131120240200256,Found,IND0041131120240200256,13_11_2024_07_35_18,,ZP6280,Not_Found,hywa,hywa,mining_full,hywa,mining_full,2.0,2,4.0,41.0,Black,Brown_Sand,92.0,,Found,409,Record is not added as there is already a record with same TransactionId IND0041131120240200256 .,518950.0,Duplicate TransactionId
656,IND0041131120240200257,Found,IND0041131120240200257,13_11_2024_07_36_49,RJ17GB6761,RJ17GB6761,Not_Found,hywa,hywa,mining_full,hywa,mining_full,2.0,,3.0,41.0,Green,Brown_Sand,92.0,,Found,409,Error while adding record!,0.0,
657,IND0041131120240200258,Found,IND0041131120240200258,13_11_2024_07_38_13,MP38G0667,MP38G0667,non_mining,truck,truck,non_mining,truck,non_mining,2.0,,4.0,41.0,Black,,0.0,,Found,200,Non Mining Vehicle or not mining full,-1.0,-1
658,IND0041131120240200259,Found,IND0041131120240200259,13_11_2024_07_38_21,WB25K8571,WB25K8571,non_mining,truck,truck,non_mining,truck,non_mining,2.0,,4.0,41.0,Green,,0.0,,Found,200,Non Mining Vehicle or not mining full,-1.0,-1
659,IND0041131120240200260,Found,IND0041131120240200260,13_11_2024_07_40_11,MH12KP9068,MH12KP9068,Not_Found,truck,truck,non_mining,truck,non_mining,2.0,,4.0,41.0,Blue,,0.0,,Found,200,Non Mining Vehicle or not mining full,-1.0,-1
660,IND0041131120240200261,Found,IND0041131120240200261,13_11_2024_07_40_37,MH12QW3434,MH12QW3434,Not_Found,truck,truck,Not_Found,truck,Not_Found,2.0,,4.0,41.0,White,,0.0,,Found,200,Non Mining Vehicle or not mining full,-1.0,-1
661,IND0041131120240200262,Found,IND0041131120240200262,13_11_2024_07_46_05,BR11GB9676,BR11GB9676,Not_Found,truck,truck,covered,truck,covered,2.0,,4.0,41.0,Brown,,0.0,,Found,200,Non Mining Vehicle or not mining full,-1.0,-1
662,IND0041131120240200263,Found,IND0041131120240200263,13_11_2024_07_47_42,RJ06GD6607,RJ06GD6607,non_mining,truck,truck,non_mining,truck,non_mining,2.0,,4.0,41.0,Blue,,0.0,,Found,200,Non Mining Vehicle or not mining full,-1.0,-1
663,IND0041131120240200264,Found,IND0041131120240200264,13_11_2024_07_49_33,MP07GB4728,MP07GB4728,Not_Found,truck,truck,covered,truck,covered,2.0,,4.0,41.0,Brown,,0.0,,Found,200,Non Mining Vehicle or not mining full,-1.0,-1
664,IND0041131120240200265,Found,IND0041131120240200265,13_11_2024_07_53_02,UP60BT0942,UP60BT0942,Not_Found,truck,truck,non_mining,truck,non_mining,2.0,,4.0,41.0,Black,,0.0,,Found,200,Non Mining Vehicle or not mining full,-1.0,-1
665,IND0041131120240200266,Found,IND0041131120240200266,13_11_2024_07_55_18,RJ17GA9624,RJ17GA9624,Not_Found,hywa,hywa,mining_full,hywa,mining_full,2.0,,4.0,41.0,Black,Brown_Sand,92.0,,Found,409,Error while adding record!,0.0,
666,IND0041131120240200267,Found,IND0041131120240200267,13_11_2024_07_56_57,RJ06GC9068,RJ06GC9068,Not_Found,truck,truck,non_mining,truck,non_mining,2.0,,4.0,41.0,Black,,0.0,,Found,200,Non Mining Vehicle or not mining full,-1.0,-1
667,IND0041131120240200268,Found,IND0041131120240200268,13_11_2024_07_57_12,RJ06GD6170,RJ06GD6170,Not_Found,truck,truck,covered,truck,covered,2.0,,4.0,41.0,Green,,0.0,,Found,200,Non Mining Vehicle or not mining full,-1.0,-1
668,IND0041131120240200269,Found,IND0041131120240200269,13_11_2024_07_57_59,,,Not_Found,tractor,tractor,Not_Found,tractor,Not_Found,2.0,2,1.0,41.0,Not_Found,,0.0,,Found,200,Non Mining Vehicle or not mining full,-1.0,-1
669,IND0041131120240200270,Found,IND0041131120240200270,13_11_2024_07_58_38,,DL1T3490,non_mining,mini_truck,mini_truck,non_mining,mini_truck,non_mining,2.0,2,3.0,41.0,Green,,0.0,,Found,200,Non Mining Vehicle or not mining full,-1.0,-1
670,IND0041131120240200271,Found,IND0041131120240200271,13_11_2024_07_58_49,ME04ZN9468,ME04ZN9468,Not_Found,hywa,hywa,mining_full,hywa,mining_full,2.0,,4.0,41.0,White,Brown_Sand,92.0,,Found,409,Record is not added as there is already a record with same TransactionId IND0041131120240200271 .,518940.0,Duplicate TransactionId
671,IND0041131120240200272,Found,IND0041131120240200272,13_11_2024_07_59_13,MP04ZH8113,MP04ZH8113,non_mining,mini_truck,mini_truck,non_mining,mini_truck,non_mining,2.0,,4.0,41.0,Black,,0.0,,Found,200,Non Mining Vehicle or not mining full,-1.0,-1
672,IND0041131120240200273,Found,IND0041131120240200273,13_11_2024_08_03_06,DD01L9826,DD01L9826,Not_Found,truck,truck,covered,truck,covered,2.0,,4.0,41.0,Black,,0.0,,Found,200,Non Mining Vehicle or not mining full,-1.0,-1
673,IND0041131120240200274,Found,IND0041131120240200274,13_11_2024_08_03_24,RJ14GP5545,RJ14GP5545,non_mining,truck,truck,non_mining,truck,non_mining,2.0,,4.0,41.0,Black,,0.0,,Found,200,Non Mining Vehicle or not mining full,-1.0,-1
674,IND0041131120240200275,Found,IND0041131120240200275,13_11_2024_08_17_19,HR38AG4090,HR38AG4090,non_mining,truck,truck,non_mining,truck,non_mining,2.0,,4.0,41.0,Black,,0.0,,Found,200,Non Mining Vehicle or not mining full,-1.0,-1
675,IND0041131120240200276,Found,IND0041131120240200276,13_11_2024_08_24_03,,,mining_empty,tractor,tractor,mining_empty,tractor,mining_empty,2.0,2,1.0,41.0,Brown,,0.0,,Found,200,Non Mining Vehicle or not mining full,-1.0,-1
676,IND0041131120240200277,Found,IND0041131120240200277,13_11_2024_08_25_44,,,non_mining,truck,truck,covered,truck,non_mining,2.0,2,4.0,41.0,Black,,0.0,,Found,200,Non Mining Vehicle or not mining full,-1.0,-1
677,IND0041131120240200278,Found,IND0041131120240200278,13_11_2024_08_29_59,,,covered,mini_truck,mini_truck,covered,mini_truck,covered,2.0,2,4.0,41.0,Black,,0.0,,Found,200,Non Mining Vehicle or not mining full,-1.0,-1
678,IND0041131120240200279,Found,IND0041131120240200279,13_11_2024_08_30_07,,,Not_Found,tractor,tractor,non_mining,tractor,non_mining,2.0,2,1.0,41.0,Not_Found,,0.0,,Found,200,Non Mining Vehicle or not mining full,-1.0,-1
679,IND0041131120240200280,Found,IND0041131120240200280,13_11_2024_08_30_22,MH46AF5097,MH46AF5097,non_mining,truck,truck,non_mining,truck,non_mining,2.0,,4.0,41.0,Black,,0.0,,Found,200,Non Mining Vehicle or not mining full,-1.0,-1
680,IND0041131120240200281,Found,IND0041131120240200281,13_11_2024_08_31_22,MP20HB7327,MP20HB7327,non_mining,truck,truck,non_mining,truck,non_mining,2.0,,4.0,41.0,Black,,0.0,,Found,200,Non Mining Vehicle or not mining full,-1.0,-1
681,IND0041131120240200282,Found,IND0041131120240200282,13_11_2024_08_33_23,MP04GB2027,MP04GB2027,Not_Found,mini_truck,Not_Found,non_mining,mini_truck,non_mining,2.0,,4.0,41.0,Not_Found,,0.0,,Found,200,Non Mining Vehicle or not mining full,-1.0,-1
682,IND0041131120240200283,Found,IND0041131120240200283,13_11_2024_08_36_16,,750J0127,Not_Found,truck,truck,covered,truck,covered,2.0,2,4.0,41.0,White,,0.0,,Found,200,Non Mining Vehicle or not mining full,-1.0,-1
683,IND0041131120240200284,Found,IND0041131120240200284,13_11_2024_08_36_49,,615,non_mining,truck,truck,covered,truck,non_mining,2.0,2,4.0,41.0,Brown,,0.0,,Found,200,Non Mining Vehicle or not mining full,-1.0,-1
684,IND0041131120240200285,Found,IND0041131120240200285,13_11_2024_08_38_18,MP04HE2242,MP04HE2242,Not_Found,hywa,hywa,covered,hywa,covered,2.0,,4.0,41.0,Black,,0.0,,Found,200,Non Mining Vehicle or not mining full,-1.0,-1
685,IND0041131120240200286,Found,IND0041131120240200286,13_11_2024_08_40_57,RJ17CB0209,RJ17CB0209,non_mining,truck,truck,covered,truck,non_mining,2.0,,3.0,41.0,Black,,0.0,,Found,200,Non Mining Vehicle or not mining full,-1.0,-1
686,IND0041131120240200287,Found,IND0041131120240200287,13_11_2024_08_48_21,,UcGB5718,non_mining,truck,truck,non_mining,truck,non_mining,2.0,2,4.0,41.0,Black,,0.0,,Found,200,Non Mining Vehicle or not mining full,-1.0,-1
687,IND0041131120240200288,Found,IND0041131120240200288,13_11_2024_08_49_06,,9880,covered,truck,truck,covered,truck,covered,2.0,2,4.0,41.0,Brown,,0.0,,Found,200,Non Mining Vehicle or not mining full,-1.0,-1
688,IND0041131120240200289,Found,IND0041131120240200289,13_11_2024_08_49_36,MH40Y9567,MH40Y9567,non_mining,truck,truck,non_mining,truck,non_mining,2.0,,4.0,41.0,Brown,,0.0,,Found,200,Non Mining Vehicle or not mining full,-1.0,-1
689,IND0041131120240200290,Found,IND0041131120240200290,13_11_2024_08_53_21,MP04PA2233,MP04PA2233,non_mining,truck,truck,non_mining,truck,non_mining,2.0,,3.0,41.0,Black,,0.0,,Found,200,Non Mining Vehicle or not mining full,-1.0,-1
690,IND0041131120240200291,Found,IND0041131120240200291,13_11_2024_08_55_42,RJ06GD3533,RJ06GD3533,Not_Found,truck,truck,covered,truck,covered,2.0,,4.0,41.0,White,,0.0,,Found,200,Non Mining Vehicle or not mining full,-1.0,-1
691,IND0041131120240200292,Found,IND0041131120240200292,13_11_2024_08_59_44,Not_Found,Not_Found,Not_Found,tractor,tractor,non_mining,tractor,non_mining,2.0,2,1.0,41.0,Black,,0.0,,Found,200,Non Mining Vehicle or not mining full,-1.0,-1
692,IND0041131120240200293,Found,IND0041131120240200293,13_11_2024_09_03_46,HR55AP3631,HR55AP3631,non_mining,truck,Not_Found,Not_Found,truck,non_mining,2.0,,4.0,41.0,Not_Found,,0.0,,Found,200,Non Mining Vehicle or not mining full,-1.0,-1
693,IND0041131120240200294,Found,IND0041131120240200294,13_11_2024_09_07_54,MP21ZC5594,MP21ZC5594,mining_full,hywa,hywa,mining_full,hywa,mining_full,2.0,,4.0,41.0,Blue,Crusher_Khadi,100.0,,Found,200,Data Saved Successfully!,518896.0,Success
694,IND0041131120240200295,Found,IND0041131120240200295,13_11_2024_09_08_49,MP09GG8771,MP09GG8771,Not_Found,truck,truck,covered,truck,covered,2.0,,4.0,41.0,Brown,,0.0,,Found,200,Non Mining Vehicle or not mining full,-1.0,-1
695,IND0041131120240200296,Found,IND0041131120240200296,13_11_2024_09_10_14,,,non_mining,truck,truck,non_mining,truck,non_mining,2.0,2,2.0,41.0,Black,,0.0,,Found,200,Non Mining Vehicle or not mining full,-1.0,-1
696,IND0041131120240200297,Found,IND0041131120240200297,13_11_2024_09_10_46,MP09HG0387,MP09HG0387,Not_Found,truck,truck,covered,truck,covered,2.0,,4.0,41.0,White,,0.0,,Found,200,Non Mining Vehicle or not mining full,-1.0,-1
697,IND0041131120240200298,Found,IND0041131120240200298,13_11_2024_09_11_02,IP00HH8594,1P09HH8594,non_mining,truck,truck,non_mining,truck,non_mining,2.0,,4.0,41.0,Not_Found,,0.0,,Found,200,Non Mining Vehicle or not mining full,-1.0,-1
698,IND0041131120240200299,Found,IND0041131120240200299,13_11_2024_09_15_40,Not_Found,Not_Found,Not_Found,tractor,tractor,non_mining,tractor,non_mining,2.0,2,1.0,41.0,Red,,0.0,,Found,200,Non Mining Vehicle or not mining full,-1.0,-1
699,IND0041131120240200300,Found,IND0041131120240200300,13_11_2024_09_16_15,PB65AS6493,P065AS6493,non_mining,mini_truck,mini_truck,non_mining,mini_truck,non_mining,2.0,,4.0,41.0,Black,,0.0,,Found,200,Non Mining Vehicle or not mining full,-1.0,-1
700,IND0041131120240200301,Found,IND0041131120240200301,13_11_2024_09_17_20,UP41AT7816,UP41AT7816,non_mining,truck,truck,covered,truck,non_mining,2.0,,4.0,41.0,Black,,0.0,,Found,200,Non Mining Vehicle or not mining full,-1.0,-1
701,IND0041131120240200302,Found,IND0041131120240200302,13_11_2024_09_18_27,Not_Found,Not_Found,mining_empty,tractor,tractor,non_mining,tractor,mining_empty,2.0,2,1.0,41.0,Brown,,0.0,,Found,200,Non Mining Vehicle or not mining full,-1.0,-1
702,IND0041131120240200303,Found,IND0041131120240200303,13_11_2024_09_20_07,,B950,Not_Found,truck,truck,non_mining,truck,non_mining,2.0,2,4.0,41.0,Black,,0.0,,Found,200,Non Mining Vehicle or not mining full,-1.0,-1
703,IND0041131120240200304,Found,IND0041131120240200304,13_11_2024_09_20_16,,NT,Not_Found,tractor,tractor,non_mining,tractor,non_mining,2.0,2,2.0,41.0,Yellow_orange,,0.0,,Found,200,Non Mining Vehicle or not mining full,-1.0,-1
704,IND0041131120240200305,Found,IND0041131120240200305,13_11_2024_09_22_57,MP04PA0673,MP04PA0673,non_mining,truck,truck,non_mining,truck,non_mining,2.0,,4.0,41.0,Blue,,0.0,,Found,200,Non Mining Vehicle or not mining full,-1.0,-1
705,IND0041131120240200306,Found,IND0041131120240200306,13_11_2024_09_27_19,MP09HG446,MP09HG446,Not_Found,truck,truck,covered,truck,covered,2.0,,4.0,41.0,Green,,0.0,,Found,200,Non Mining Vehicle or not mining full,-1.0,-1
706,IND0041131120240200307,Found,IND0041131120240200307,13_11_2024_09_30_46,RJ01GC1996,RJ1GC1996,Not_Found,truck,truck,non_mining,truck,non_mining,2.0,,4.0,41.0,Green,,0.0,,Found,200,Non Mining Vehicle or not mining full,-1.0,-1
707,IND0041131120240200308,Found,IND0041131120240200308,13_11_2024_09_31_07,RJ11GD2017,GD2017,Not_Found,truck,truck,non_mining,truck,non_mining,2.0,,4.0,41.0,Blue,,0.0,,Found,200,Non Mining Vehicle or not mining full,-1.0,-1
708,IND0041131120240200309,Found,IND0041131120240200309,13_11_2024_09_31_28,MP04GB0884,MP04GB0884,non_mining,mini_truck,mini_truck,non_mining,mini_truck,non_mining,2.0,,4.0,41.0,Grey_Silver,,0.0,,Found,200,Non Mining Vehicle or not mining full,-1.0,-1
709,IND0041131120240200310,Found,IND0041131120240200310,13_11_2024_09_31_31,RJ11GC9858,RJ11GC9858,non_mining,truck,truck,non_mining,truck,non_mining,2.0,,4.0,41.0,Black,,0.0,,Found,200,Non Mining Vehicle or not mining full,-1.0,-1
710,IND0041131120240200311,Found,IND0041131120240200311,13_11_2024_09_32_32,UP12CT3742,UP12CT3742,non_mining,truck,truck,non_mining,truck,non_mining,2.0,,4.0,41.0,Brown,,0.0,,Found,200,Non Mining Vehicle or not mining full,-1.0,-1
711,IND0041131120240200312,Found,IND0041131120240200312,13_11_2024_09_32_59,MH46BM1678,MH46BM1678,non_mining,truck,truck,non_mining,truck,non_mining,2.0,,4.0,41.0,Not_Found,,0.0,,Found,200,Non Mining Vehicle or not mining full,-1.0,-1
712,IND0041131120240200313,Found,IND0041131120240200313,13_11_2024_09_36_11,MP04YB3741,MP04YB3741,Not_Found,hywa,hywa,covered,hywa,covered,2.0,,3.0,41.0,Black,,0.0,,Found,200,Non Mining Vehicle or not mining full,-1.0,-1
713,IND0041131120240200314,Found,IND0041131120240200314,13_11_2024_09_36_40,RJ14GH0779,RJ14GH0779,Not_Found,truck,truck,non_mining,truck,non_mining,2.0,,4.0,41.0,Black,,0.0,,Found,200,Non Mining Vehicle or not mining full,-1.0,-1
714,IND0041131120240200315,Found,IND0041131120240200315,13_11_2024_09_36_55,MP00DN0632,MP5QN0632,non_mining,truck,truck,covered,truck,non_mining,2.0,,4.0,41.0,Green,,0.0,,Found,200,Non Mining Vehicle or not mining full,-1.0,-1
715,IND0041131120240200316,Found,IND0041131120240200316,13_11_2024_09_38_56,RJ17GB9761,RJ17GB9761,Not_Found,hywa,hywa,mining_full,hywa,mining_full,2.0,,2.0,41.0,Green,Brown_Sand,98.0,,Found,409,Error while adding record!,0.0,
716,IND0041131120240200317,Found,IND0041131120240200317,13_11_2024_09_39_23,MP04LC5148,MP04LC5148,covered,mini_truck,mini_truck,covered,mini_truck,covered,2.0,,4.0,41.0,Black,,0.0,,Found,200,Non Mining Vehicle or not mining full,-1.0,-1
717,IND0041131120240200318,Found,IND0041131120240200318,13_11_2024_09_45_21,MP04PA1200,MP04PA1200,non_mining,truck,truck,non_mining,truck,non_mining,2.0,,4.0,41.0,Blue,,0.0,,Found,200,Non Mining Vehicle or not mining full,-1.0,-1
718,IND0041131120240200319,Found,IND0041131120240200319,13_11_2024_09_45_35,MP07CB4936,MP07CB4936,Not_Found,mini_truck,Not_Found,non_mining,mini_truck,non_mining,2.0,,2.0,41.0,Grey_Silver,,0.0,,Found,200,Non Mining Vehicle or not mining full,-1.0,-1
719,IND0041131120240200320,Found,IND0041131120240200320,13_11_2024_09_49_56,MP33H3296,MP33H3296,non_mining,truck,Not_Found,Not_Found,truck,non_mining,2.0,,4.0,41.0,Not_Found,,0.0,,Found,200,Non Mining Vehicle or not mining full,-1.0,-1
720,IND0041131120240200321,Found,IND0041131120240200321,13_11_2024_09_51_48,MP04ZH2927,MP04ZH2927,non_mining,truck,truck,non_mining,truck,non_mining,2.0,,2.0,41.0,Black,,0.0,,Found,200,Non Mining Vehicle or not mining full,-1.0,-1
